[Licensing::Module] Trying to connect to existing licensing client channel...
Built from '6000.5/staging' branch; Version is '6000.5.5f1 (d16e074b49fd) revision 13725191'; Using compiler version '194234433'; Build Type 'Release'
OS: 'Windows 11  (10.0.26200) Professional' Language: 'ko' Physical Memory: 32372 MB
BatchMode: 1, IsHumanControllingUs: 0, StartBugReporterOnCrash: 0, Is64bit: 1
System  architecture: x64
[Licensing::IpcConnector] Successfully connected to: "LicenseClient-myong" at "2026-08-08T07:46:13.3004721Z"
Process architecture: x64
Date: 2026-08-08T07:46:13Z

COMMAND LINE ARGUMENTS:
C:\Program Files\Unity\Hub\Editor\6000.5.5f1\Editor\Unity.exe
-batchmode
-nographics
-projectPath
C:\Users\myong\NaManMoo\Namanmoo_client
-executeMethod
DungeonSceneBuilder.Build
-logFile
C:\Users\myong\NaManMoo\Namanmoo_client\Artifacts\build-dungeon-scene.log
Successfully changed project path to: C:\Users\myong\NaManMoo\Namanmoo_client
C:/Users/myong/NaManMoo/Namanmoo_client
[UnityMemory] Configuration Parameters - Can be set up in boot.config
    "memorysetup-temp-allocator-size-gi-baking-worker=262144"
    "memorysetup-temp-allocator-size-gi-baking-worker=262144"
    "memorysetup-temp-allocator-size-gi-baking-worker=262144"
    "memorysetup-temp-allocator-size-gi-baking-worker=262144"
    "memorysetup-temp-allocator-size-gi-baking-worker=262144"
    "memorysetup-temp-allocator-size-nav-mesh-worker=65536"
    "memorysetup-temp-allocator-size-audio-worker=65536"
    "memorysetup-temp-allocator-size-cloud-worker=32768"
    "memorysetup-temp-allocator-size-gfx=262144"
    "memorysetup-temp-allocator-size-preload-manager=33554432"
    "memorysetup-allocator-temp-initial-block-size-main=262144"
    "memorysetup-allocator-temp-initial-block-size-worker=262144"
    "memorysetup-temp-allocator-size-job-worker=262144"
    "memorysetup-temp-allocator-size-background-worker=32768"
    "memorysetup-bucket-allocator-granularity=16"
    "memorysetup-bucket-allocator-bucket-count=8"
    "memorysetup-bucket-allocator-block-size=33554432"
    "memorysetup-bucket-allocator-block-count=8"
    "memorysetup-main-allocator-block-size=16777216"
    "memorysetup-thread-allocator-block-size=16777216"
    "memorysetup-main-allocator-mimalloc-enabled=0"
    "memorysetup-gfx-main-allocator-block-size=16777216"
    "memorysetup-gfx-thread-allocator-block-size=16777216"
    "memorysetup-cache-allocator-block-size=4194304"
    "memorysetup-typetree-allocator-block-size=2097152"
    "memorysetup-profiler-bucket-allocator-granularity=16"
    "memorysetup-profiler-bucket-allocator-bucket-count=8"
    "memorysetup-profiler-bucket-allocator-block-size=33554432"
    "memorysetup-profiler-bucket-allocator-block-count=8"
    "memorysetup-profiler-allocator-block-size=16777216"
    "memorysetup-profiler-editor-allocator-block-size=1048576"
    "memorysetup-temp-allocator-size-main=16777216"
    "memorysetup-job-temp-allocator-block-size=2097152"
    "memorysetup-job-temp-allocator-block-size-background=1048576"
    "memorysetup-job-temp-allocator-reduction-small-platforms=262144"
Logging is directed to a specific file, skipping project log.Player connection [13544]  Target information:

Player connection [13544]  * "[IP] 172.17.112.1 [Port] 55504 [Flags] 2 [Guid] 54319944 [EditorId] 54319944 [Version] 1048832 [Id] WindowsEditor(7,∏ÌºÆ∏ﬁ¿ŒPC) [Debug] 1 [PackageName] WindowsEditor [ProjectName] Editor" 

Player connection [13544]  * "[IP] 192.168.0.18 [Port] 55504 [Flags] 2 [Guid] 54319944 [EditorId] 54319944 [Version] 1048832 [Id] WindowsEditor(7,∏ÌºÆ∏ﬁ¿ŒPC) [Debug] 1 [PackageName] WindowsEditor [ProjectName] Editor" 

Player connection [13544] Host joined multi-casting on [225.0.0.222:54997]...
Player connection [13544] Host joined alternative multi-casting on [225.0.0.222:34997]...
Input System module state changed to: Initialized.
[Physics::Module] Initialized fallback backend.
[Physics::Module] Id: 0xdecafbad
[Package Manager] Connected to IPC stream "Upm-14112" after 0.2 seconds.
[Licensing::Module] Licensing is not yet initialized.
[Licensing::Client] Error: HandshakeResponse reported an error:
	ResponseCode: 505
	ResponseStatus: Unsupported protocol version '1.18.1'.
[Licensing::Module] Error: Failed to handshake to channel: "LicenseClient-myong"
[Licensing::IpcConnector] LicenseClient-myong channel disconnected successfully.
[Licensing::IpcConnector] Channel LicenseClient-myong-6000.5.5 doesn't exist
[Licensing::Module] Successfully launched the LicensingClient (PId: 17020)
[Licensing::IpcConnector] Successfully connected to: "LicenseClient-myong-6000.5.5" at "2026-08-08T07:46:14.1732696Z"
[Licensing::Client] Code 10 while verifying Licensing Client signature (process Id: 17020, path: "C:/Program Files/Unity/Hub/Editor/6000.5.5f1/Editor/Data/Resources/Licensing/Client/Unity.Licensing.Client.exe")
[Licensing::Module] LicensingClient has failed validation; ignoring
[Licensing::Client] Handshaking with LicensingClient:
  Version:                 1.18.1+9fbee8e
  Session Id:              dc725577b93a474583998e38bbeacf86
  Correlation Id:          189b273777b7757494f5ec3688d9a143
  External correlation Id: 4179071203173489316
  Machine Id:              v+a+ouGR4+W8BTN/Qdz04mSEDRQ=
[Licensing::Module] Successfully connected to LicensingClient on channel: "LicenseClient-myong-6000.5.5" (connect: 0.24s, validation: 0.06s, handshake: 0.00s)
[Licensing::IpcConnector] Successfully connected to: "LicenseClient-myong-6000.5.5-notifications" at "2026-08-08T07:46:14.2371002Z"
[Licensing::Module] Connected to LicensingClient (PId: 17020, launch time: 0.00, total connection time: 0.31s)
[Licensing::Module] Error: Access token is unavailable; failed to update
[Licensing::Client] Successfully resolved entitlement details
[Licensing::Module] License group:
  Id: 14568940247218-UnityPersXXXX
  Product: Unity Personal
  Type: Assigned
  Expiration: Unlimited
[Licensing::Client] Successfully updated license, isAsync: True, time: 0.01
[Licensing::Client] Successfully resolved entitlement details
[Licensing::Module] Licensing Background thread has ended after 0.96s
[Licensing::Module] Licensing is initialized (took 0.70s).
[Licensing::Client] Successfully resolved entitlement details
Library Redirect Path: Library/
[Physics::Module] Selected backend.
[Physics::Module] Name: PhysX
[Physics::Module] Id: 0xf2b8ea05
[Physics::Module] SDK Version: 4.1.2
[Physics::Module] Integration Version: 1.0.0
[Physics::Module] Threading Mode: Multi-Threaded
Active build profile path: `Assets/Settings/Build Profiles/Windows.asset`
Got setting from build profile YAML, name `m_BuildTarget`, value `19`
Got setting from build profile YAML, name `m_Subtarget`, value `2`
Initialize engine version: 6000.5.5f1 (d16e074b49fd)
[Subsystems] Discovering subsystems at path C:/Program Files/Unity/Hub/Editor/6000.5.5f1/Editor/Data/Resources/UnitySubsystems
[Subsystems] Discovering subsystems at path C:/Users/myong/NaManMoo/Namanmoo_client/Assets
Forcing GfxDevice: Null
GfxDevice: creating device client; kGfxThreadingModeNonThreaded
NullGfxDevice:
    Version:  NULL 1.0 [1.0]
    Renderer: Null Device
    Vendor:   Unity Technologies
Initialize mono
Mono path[0] = 'C:/Program Files/Unity/Hub/Editor/6000.5.5f1/Editor/Data/Managed'
Mono path[1] = 'C:/Program Files/Unity/Hub/Editor/6000.5.5f1/Editor/Data/BCLExtensions/runtime/netstandard2.1'
Mono path[2] = 'C:/Program Files/Unity/Hub/Editor/6000.5.5f1/Editor/Data/MonoBleedingEdge/lib/mono/unityjit-win32'
Mono config path = 'C:/Program Files/Unity/Hub/Editor/6000.5.5f1/Editor/Data/MonoBleedingEdge/etc'
Using monoOptions --debugger-agent=transport=dt_socket,embedding=1,server=y,suspend=n,address=127.0.0.1:56112
CodeReloadManager initialized
ImportWorker Server TCP listen port: 0
AcceleratorClientConnectionCallback - disconnected - :0
Begin MonoManager ReloadAssembly
Registering precompiled unity dll's ...
Register platform support module: C:/Program Files/Unity/Hub/Editor/6000.5.5f1/Editor/Data/PlaybackEngines/WebGLSupport/UnityEditor.WebGL.Extensions.dll
Register platform support module: C:/Program Files/Unity/Hub/Editor/6000.5.5f1/Editor/Data/PlaybackEngines/WindowsStandaloneSupport/UnityEditor.WindowsStandalone.Extensions.dll
Registered in 0.001515 seconds.
Native extension for WindowsStandalone target not found
Native extension for WebGL target not found
Package Manager log level set to [2]
ScheduleIndexationOnStartup MainProcess:False IndexOnStartup:True
Mono: successfully reloaded assembly
- Finished resetting the current domain, in  0.234 seconds
Domain Reload Profiling: 551ms
	BeginReloadAssembly (89ms)
		CreateAndSetChildDomain (16ms)
	RebuildCommonClasses (3ms)
	RebuildNativeTypeToScriptingClass (10ms)
	initialDomainReloadingComplete (38ms)
	LoadAllAssembliesAndSetupDomain (176ms)
		LoadAssemblies (71ms)
		AnalyzeDomain (126ms)
			TypeCache.Refresh (124ms)
				TypeCache.ScanAssembly (115ms)
	FinalizeReload (235ms)
		SetupLoadedEditorAssemblies (0ms)
			BeforeProcessingInitializeOnLoad (55ms)
			ProcessInitializeOnLoadAttributes (60ms)
			ProcessInitializeOnLoadMethodAttributes (70ms)
[Licensing::Client] Successfully resolved entitlement details
Application.AssetDatabase Initial Refresh Start
[Package Manager] Restoring resolved packages state from cache
[Licensing::Client] Successfully resolved entitlement details
[Package Manager] Registered 70 packages:
  Packages from [https://packages.unity.com]:
    com.unity.2d.animation@15.1.0 (location: C:\Users\myong\NaManMoo\Namanmoo_client\Library\PackageCache\com.unity.2d.animation@6d5a363ae647)
    com.unity.2d.aseprite@5.0.3 (location: C:\Users\myong\NaManMoo\Namanmoo_client\Library\PackageCache\com.unity.2d.aseprite@d13865913efa)
    com.unity.2d.psdimporter@14.0.3 (location: C:\Users\myong\NaManMoo\Namanmoo_client\Library\PackageCache\com.unity.2d.psdimporter@5d82044f9e43)
    com.unity.2d.spriteshape@15.0.3 (location: C:\Users\myong\NaManMoo\Namanmoo_client\Library\PackageCache\com.unity.2d.spriteshape@fcb7ec61a58b)
    com.unity.2d.tilemap.extras@8.0.3 (location: C:\Users\myong\NaManMoo\Namanmoo_client\Library\PackageCache\com.unity.2d.tilemap.extras@a80140457adc)
    com.unity.2d.tooling@3.0.1 (location: C:\Users\myong\NaManMoo\Namanmoo_client\Library\PackageCache\com.unity.2d.tooling@6f06ffb033c0)
    com.unity.ai.assistant@2.17.0-pre.1 (location: C:\Users\myong\NaManMoo\Namanmoo_client\Library\PackageCache\com.unity.ai.assistant@284c75a8d208)
    com.unity.ai.inference@2.6.1 (location: C:\Users\myong\NaManMoo\Namanmoo_client\Library\PackageCache\com.unity.ai.inference@9a123aee5df7)
    com.unity.collab-proxy@2.13.3 (location: C:\Users\myong\NaManMoo\Namanmoo_client\Library\PackageCache\com.unity.collab-proxy@4f3be89e8675)
    com.unity.ide.rider@3.0.38 (location: C:\Users\myong\NaManMoo\Namanmoo_client\Library\PackageCache\com.unity.ide.rider@1f60b3138684)
    com.unity.ide.visualstudio@2.0.26 (location: C:\Users\myong\NaManMoo\Namanmoo_client\Library\PackageCache\com.unity.ide.visualstudio@a99d56dec63f)
    com.unity.ide.vscode@1.2.3 (location: C:\Users\myong\NaManMoo\Namanmoo_client\Library\PackageCache\com.unity.ide.vscode@2d531209967f)
    com.unity.inputsystem@1.19.0 (location: C:\Users\myong\NaManMoo\Namanmoo_client\Library\PackageCache\com.unity.inputsystem@21a28c3a6c83)
    com.unity.timeline@1.8.12 (location: C:\Users\myong\NaManMoo\Namanmoo_client\Library\PackageCache\com.unity.timeline@8cd8509afae5)
    com.unity.visualscripting@1.9.11 (location: C:\Users\myong\NaManMoo\Namanmoo_client\Library\PackageCache\com.unity.visualscripting@8bed5ad90189)
    com.unity.burst@1.8.29 (location: C:\Users\myong\NaManMoo\Namanmoo_client\Library\PackageCache\com.unity.burst@6bb9aca3ef38)
    com.unity.dt.app-ui@2.1.7 (location: C:\Users\myong\NaManMoo\Namanmoo_client\Library\PackageCache\com.unity.dt.app-ui@b097002a00c2)
    com.unity.nuget.newtonsoft-json@3.2.2 (location: C:\Users\myong\NaManMoo\Namanmoo_client\Library\PackageCache\com.unity.nuget.newtonsoft-json@4dfd81071c64)
    com.unity.nuget.mono-cecil@1.11.6 (location: C:\Users\myong\NaManMoo\Namanmoo_client\Library\PackageCache\com.unity.nuget.mono-cecil@ecb9724e46ff)
    com.unity.2d.common@14.0.1 (location: C:\Users\myong\NaManMoo\Namanmoo_client\Library\PackageCache\com.unity.2d.common@73badf92ba8b)
    com.unity.searcher@4.9.4 (location: C:\Users\myong\NaManMoo\Namanmoo_client\Library\PackageCache\com.unity.searcher@d45a78918735)
    com.unity.test-framework.performance@3.5.0 (location: C:\Users\myong\NaManMoo\Namanmoo_client\Library\PackageCache\com.unity.test-framework.performance@8b56083ec0f0)
  Built-in packages:
    com.unity.2d.sprite@1.0.0 (location: C:\Users\myong\NaManMoo\Namanmoo_client\Library\PackageCache\com.unity.2d.sprite@053a968eab56)
    com.unity.2d.tilemap@1.0.0 (location: C:\Users\myong\NaManMoo\Namanmoo_client\Library\PackageCache\com.unity.2d.tilemap@b959501fd678)
    com.unity.multiplayer.center@1.0.1 (location: C:\Users\myong\NaManMoo\Namanmoo_client\Library\PackageCache\com.unity.multiplayer.center@b860850997d0)
    com.unity.render-pipelines.universal@17.5.0 (location: C:\Users\myong\NaManMoo\Namanmoo_client\Library\PackageCache\com.unity.render-pipelines.universal@040461d037aa)
    com.unity.test-framework@1.7.0 (location: C:\Users\myong\NaManMoo\Namanmoo_client\Library\PackageCache\com.unity.test-framework@1405238725ab)
    com.unity.ugui@2.5.0 (location: C:\Users\myong\NaManMoo\Namanmoo_client\Library\PackageCache\com.unity.ugui@f2d87ebaaa32)
    com.unity.modules.accessibility@1.0.0 (location: C:\Users\myong\NaManMoo\Namanmoo_client\Library\PackageCache\com.unity.modules.accessibility)
    com.unity.modules.adaptiveperformance@1.0.0 (location: C:\Users\myong\NaManMoo\Namanmoo_client\Library\PackageCache\com.unity.modules.adaptiveperformance)
    com.unity.modules.ai@1.0.0 (location: C:\Users\myong\NaManMoo\Namanmoo_client\Library\PackageCache\com.unity.modules.ai)
    com.unity.modules.androidjni@1.0.0 (location: C:\Users\myong\NaManMoo\Namanmoo_client\Library\PackageCache\com.unity.modules.androidjni)
    com.unity.modules.animation@1.0.0 (location: C:\Users\myong\NaManMoo\Namanmoo_client\Library\PackageCache\com.unity.modules.animation)
    com.unity.modules.assetbundle@1.0.0 (location: C:\Users\myong\NaManMoo\Namanmoo_client\Library\PackageCache\com.unity.modules.assetbundle)
    com.unity.modules.audio@1.0.0 (location: C:\Users\myong\NaManMoo\Namanmoo_client\Library\PackageCache\com.unity.modules.audio)
    com.unity.modules.cloth@1.0.0 (location: C:\Users\myong\NaManMoo\Namanmoo_client\Library\PackageCache\com.unity.modules.cloth)
    com.unity.modules.director@1.0.0 (location: C:\Users\myong\NaManMoo\Namanmoo_client\Library\PackageCache\com.unity.modules.director)
    com.unity.modules.imageconversion@1.0.0 (location: C:\Users\myong\NaManMoo\Namanmoo_client\Library\PackageCache\com.unity.modules.imageconversion)
    com.unity.modules.imgui@1.0.0 (location: C:\Users\myong\NaManMoo\Namanmoo_client\Library\PackageCache\com.unity.modules.imgui)
    com.unity.modules.jsonserialize@1.0.0 (location: C:\Users\myong\NaManMoo\Namanmoo_client\Library\PackageCache\com.unity.modules.jsonserialize)
    com.unity.modules.particlesystem@1.0.0 (location: C:\Users\myong\NaManMoo\Namanmoo_client\Library\PackageCache\com.unity.modules.particlesystem)
    com.unity.modules.physics@1.0.0 (location: C:\Users\myong\NaManMoo\Namanmoo_client\Library\PackageCache\com.unity.modules.physics)
    com.unity.modules.physics2d@1.0.0 (location: C:\Users\myong\NaManMoo\Namanmoo_client\Library\PackageCache\com.unity.modules.physics2d)
    com.unity.modules.physicscore2d@1.0.0 (location: C:\Users\myong\NaManMoo\Namanmoo_client\Library\PackageCache\com.unity.modules.physicscore2d)
    com.unity.modules.screencapture@1.0.0 (location: C:\Users\myong\NaManMoo\Namanmoo_client\Library\PackageCache\com.unity.modules.screencapture)
    com.unity.modules.terrain@1.0.0 (location: C:\Users\myong\NaManMoo\Namanmoo_client\Library\PackageCache\com.unity.modules.terrain)
    com.unity.modules.terrainphysics@1.0.0 (location: C:\Users\myong\NaManMoo\Namanmoo_client\Library\PackageCache\com.unity.modules.terrainphysics)
    com.unity.modules.tilemap@1.0.0 (location: C:\Users\myong\NaManMoo\Namanmoo_client\Library\PackageCache\com.unity.modules.tilemap)
    com.unity.modules.ui@1.0.0 (location: C:\Users\myong\NaManMoo\Namanmoo_client\Library\PackageCache\com.unity.modules.ui)
    com.unity.modules.uielements@1.0.0 (location: C:\Users\myong\NaManMoo\Namanmoo_client\Library\PackageCache\com.unity.modules.uielements)
    com.unity.modules.umbra@1.0.0 (location: C:\Users\myong\NaManMoo\Namanmoo_client\Library\PackageCache\com.unity.modules.umbra)
    com.unity.modules.unityanalytics@1.0.0 (location: C:\Users\myong\NaManMoo\Namanmoo_client\Library\PackageCache\com.unity.modules.unityanalytics)
    com.unity.modules.unitywebrequest@1.0.0 (location: C:\Users\myong\NaManMoo\Namanmoo_client\Library\PackageCache\com.unity.modules.unitywebrequest)
    com.unity.modules.unitywebrequestassetbundle@1.0.0 (location: C:\Users\myong\NaManMoo\Namanmoo_client\Library\PackageCache\com.unity.modules.unitywebrequestassetbundle)
    com.unity.modules.unitywebrequestaudio@1.0.0 (location: C:\Users\myong\NaManMoo\Namanmoo_client\Library\PackageCache\com.unity.modules.unitywebrequestaudio)
    com.unity.modules.unitywebrequesttexture@1.0.0 (location: C:\Users\myong\NaManMoo\Namanmoo_client\Library\PackageCache\com.unity.modules.unitywebrequesttexture)
    com.unity.modules.unitywebrequestwww@1.0.0 (location: C:\Users\myong\NaManMoo\Namanmoo_client\Library\PackageCache\com.unity.modules.unitywebrequestwww)
    com.unity.modules.vectorgraphics@1.0.0 (location: C:\Users\myong\NaManMoo\Namanmoo_client\Library\PackageCache\com.unity.modules.vectorgraphics)
    com.unity.modules.vehicles@1.0.0 (location: C:\Users\myong\NaManMoo\Namanmoo_client\Library\PackageCache\com.unity.modules.vehicles)
    com.unity.modules.video@1.0.0 (location: C:\Users\myong\NaManMoo\Namanmoo_client\Library\PackageCache\com.unity.modules.video)
    com.unity.modules.wind@1.0.0 (location: C:\Users\myong\NaManMoo\Namanmoo_client\Library\PackageCache\com.unity.modules.wind)
    com.unity.modules.xr@1.0.0 (location: C:\Users\myong\NaManMoo\Namanmoo_client\Library\PackageCache\com.unity.modules.xr)
    com.unity.modules.subsystems@1.0.0 (location: C:\Users\myong\NaManMoo\Namanmoo_client\Library\PackageCache\com.unity.modules.subsystems)
    com.unity.modules.hierarchycore@1.0.0 (location: C:\Users\myong\NaManMoo\Namanmoo_client\Library\PackageCache\com.unity.modules.hierarchycore)
    com.unity.ext.nunit@2.1.0 (location: C:\Users\myong\NaManMoo\Namanmoo_client\Library\PackageCache\com.unity.ext.nunit@44f7d31723bd)
    com.unity.render-pipelines.core@17.5.0 (location: C:\Users\myong\NaManMoo\Namanmoo_client\Library\PackageCache\com.unity.render-pipelines.core@b19a46951e65)
    com.unity.shadergraph@17.5.0 (location: C:\Users\myong\NaManMoo\Namanmoo_client\Library\PackageCache\com.unity.shadergraph@8d7376ec43ee)
    com.unity.render-pipelines.universal-config@17.5.0 (location: C:\Users\myong\NaManMoo\Namanmoo_client\Library\PackageCache\com.unity.render-pipelines.universal-config@fdda01c80fe3)
    com.unity.collections@6.5.0 (location: C:\Users\myong\NaManMoo\Namanmoo_client\Library\PackageCache\com.unity.collections@a43cabe808ca)
    com.unity.mathematics@1.4.0 (location: C:\Users\myong\NaManMoo\Namanmoo_client\Library\PackageCache\com.unity.mathematics@981956d94fb6)
[Package Manager] com.unity.ide.vscode is deprecated: Visual Studio Code package is not supported anymore. You can continue to use it, but we won't provide any update anymore.
[Subsystems] No new subsystems found in resolved package list.
[Package Manager] Done registering packages in 0.01 seconds
[ScriptCompilation] Requested script compilation because: AssetDatabase observed changes in script compilation related files
Refreshing native plugins compatible for Editor in 2.45 ms, found 6 plugins.
Starting: C:\Program Files\Unity\Hub\Editor\6000.5.5f1\Editor\Data\Tools\BuildPipeline\bee_backend.exe --ipc --defer-dag-verification --dagfile="Library/Bee/1900b0aE.dag" --continue-on-failure --profile="Library/Bee/backend1.traceevents" ScriptAssemblies
WorkingDir: C:/Users/myong/NaManMoo/Namanmoo_client
DisplayProgressbar: Compiling Scripts
ExitCode: 0 Duration: 1s449ms
[1307/1733  0s] ILPP-Configuration Library/ilpp-configuration.nevergeneratedoutput
[1725/1733  1s] Csc Library/Bee/artifacts/1900b0aE.dag/NaManMoo.Editor.dll (+2 others)
[1727/1733  0s] ILPostProcess Library/Bee/artifacts/1900b0aE.dag/post-processed/NaManMoo.EditorTests.dll (+pdb)
Processing assembly Library/Bee/artifacts/1900b0aE.dag/NaManMoo.EditorTests.dll, with 141 defines and 295 references

processors: Unity.Jobs.CodeGen.JobsILPostProcessor, zzzUnity.Burst.CodeGen.BurstILPostProcessor

running Unity.Jobs.CodeGen.JobsILPostProcessor

running zzzUnity.Burst.CodeGen.BurstILPostProcessor
[1728/1733  0s] ILPostProcess Library/Bee/artifacts/1900b0aE.dag/post-processed/NaManMoo.Editor.dll (+pdb)
Processing assembly Library/Bee/artifacts/1900b0aE.dag/NaManMoo.Editor.dll, with 141 defines and 311 references

processors: Unity.Jobs.CodeGen.JobsILPostProcessor, zzzUnity.Burst.CodeGen.BurstILPostProcessor

running Unity.Jobs.CodeGen.JobsILPostProcessor

running zzzUnity.Burst.CodeGen.BurstILPostProcessor
[1730/1733  0s] CopyFiles Library/ScriptAssemblies/NaManMoo.Editor.pdb
[1731/1733  0s] CopyFiles Library/ScriptAssemblies/NaManMoo.Editor.dll
*** Tundra build success (1.43 seconds), 6 items updated, 1733 evaluated
AssetDatabase: script compilation time: 1.842888s
Begin MonoManager ReloadAssembly
Total cache size 266461124
Total cache size after purge 266461124, took 00:00:00.2060736
Refreshing native plugins compatible for Editor in 2.70 ms, found 6 plugins.
Native extension for WindowsStandalone target not found
Native extension for WebGL target not found
Refreshing native plugins compatible for Editor in 3.60 ms, found 6 plugins.
Refreshing native plugins compatible for Editor in 2.69 ms, found 6 plugins.
[ScriptCompilation] Requested script compilation because: Define symbols changed
[Licensing::Client] Error: Code 404 while processing request (status: Found 0 entitlement groups and 0 free entitlements matching requested entitlement ids)
[Licensing::Client] Error: Code 404 while processing request (status: Found 0 entitlement groups and 0 free entitlements matching requested entitlement ids)
[Licensing::Client] Error: Code 404 while processing request (status: Found 0 entitlement groups and 0 free entitlements matching requested entitlement ids)
ScheduleIndexationOnStartup MainProcess:True IndexOnStartup:True
Mono: successfully reloaded assembly
- Finished resetting the current domain, in  3.629 seconds
Domain Reload Profiling: 4506ms
	BeginReloadAssembly (163ms)
		DisableScriptedObjects (17ms)
		CreateAndSetChildDomain (48ms)
	RebuildCommonClasses (6ms)
	RebuildNativeTypeToScriptingClass (12ms)
	initialDomainReloadingComplete (58ms)
	LoadAllAssembliesAndSetupDomain (637ms)
		LoadAssemblies (288ms)
		AnalyzeDomain (315ms)
			TypeCache.Refresh (236ms)
				TypeCache.ScanAssembly (221ms)
			BuildScriptInfoCaches (72ms)
			ResolveRequiredComponents (5ms)
	FinalizeReload (3629ms)
		SetupLoadedEditorAssemblies (0ms)
			BeforeProcessingInitializeOnLoad (78ms)
			ProcessInitializeOnLoadAttributes (2929ms)
			ProcessInitializeOnLoadMethodAttributes (477ms)
			AfterProcessingInitializeOnLoad (4ms)
		AwakeInstancesAfterBackupRestoration (17ms)
Starting: C:\Program Files\Unity\Hub\Editor\6000.5.5f1\Editor\Data\Tools\BuildPipeline\bee_backend.exe --ipc --defer-dag-verification --dagfile="Library/Bee/1900b0aE.dag" --continue-on-failure --profile="Library/Bee/backend1.traceevents" ScriptAssemblies
WorkingDir: C:/Users/myong/NaManMoo/Namanmoo_client
ExitCode: 4 Duration: 0s448ms
[1309/1733  0s] ILPP-Configuration Library/ilpp-configuration.nevergeneratedoutput
Rebuilding DAG because FileSignature timestamp changed: Library/Bee/1900b0aE-inputdata.json
*** Tundra requires additional run (0.43 seconds), 1 items updated, 1733 evaluated
Starting: C:\Program Files\Unity\Hub\Editor\6000.5.5f1\Editor\Data\netcorerun\netcorerun.exe "C:\Program Files\Unity\Hub\Editor\6000.5.5f1\Editor\Data\Tools\BuildPipeline\ScriptCompilationBuildProgram.exe" "Library/Bee/1900b0aE.dag.json" "Library/Bee/1900b0aE-inputdata.json" "Library\Bee\buildprogram0.traceevents"
WorkingDir: C:/Users/myong/NaManMoo/Namanmoo_client
ExitCode: 0 Duration: 1s343ms
Starting: C:\Program Files\Unity\Hub\Editor\6000.5.5f1\Editor\Data\Tools\BuildPipeline\bee_backend.exe --ipc --defer-dag-verification --dagfile="Library/Bee/1900b0aE.dag" --continue-on-failure --dagfilejson="Library\Bee\1900b0aE.dag.json" --profile="Library/Bee/backend2.traceevents" ScriptAssemblies
WorkingDir: C:/Users/myong/NaManMoo/Namanmoo_client
ExitCode: 0 Duration: 6s300ms
Finished compiling graph: 1737 nodes, 37236 flattened edges (30770 ToBuild, 296 ToUse), maximum node priority 2041
[ 218/1733  0s] WriteText Library/Bee/artifacts/1900b0aE.dag/UnityEditor.TestRunner.rsp
[ 219/1733  0s] WriteText Library/Bee/artifacts/1900b0aE.dag/UnityEngine.UI.rsp
[ 220/1733  0s] WriteText Library/Bee/artifacts/1900b0aE.dag/Unity.Collections.rsp
[ 221/1733  0s] WriteText Library/Bee/artifacts/1900b0aE.dag/Unity.Burst.CodeGen.rsp
[ 224/1733  0s] WriteText Library/Bee/artifacts/1900b0aE.dag/Unity.Collections.CodeGen.rsp
[ 235/1733  0s] WriteText Library/Bee/artifacts/1900b0aE.dag/Unity.InputSystem.rsp
[ 240/1733  0s] WriteText Library/Bee/artifacts/1900b0aE.dag/UnityEngine.TestRunner.rsp
[ 242/1733  0s] WriteText Library/Bee/artifacts/1900b0aE.dag/Unity.AI.Toolkit.Asset.rsp
[ 248/1733  0s] WriteText Library/Bee/artifacts/1900b0aE.dag/Unity.AI.Toolkit.Utility.rsp
[ 249/1733  0s] WriteText Library/Bee/artifacts/1900b0aE.dag/Unity.AI.Toolkit.Async.rsp
[ 254/1733  0s] WriteText Library/Bee/artifacts/1900b0aE.dag/Unity.RenderPipelines.Core.Runtime.rsp
[ 255/1733  0s] WriteText Library/Bee/artifacts/1900b0aE.dag/Unity.AI.Generators.Contexts.rsp
[ 261/1733  0s] WriteText Library/Bee/artifacts/1900b0aE.dag/Unity.Mathematics.rsp
[ 270/1733  0s] WriteText Library/Bee/artifacts/1900b0aE.dag/UnityEditor.UI.rsp
[ 278/1733  0s] WriteText Library/Bee/artifacts/1900b0aE.dag/Unity.AI.Toolkit.Compliance.rsp
[ 282/1733  0s] WriteText Library/Bee/artifacts/1900b0aE.dag/Unity.UnifiedRayTracing.Runtime.rsp
[ 286/1733  0s] WriteText Library/Bee/artifacts/1900b0aE.dag/Unity.AI.Tracing.rsp
[ 287/1733  0s] WriteText Library/Bee/artifacts/1900b0aE.dag/Unity.AI.Generators.Redux.rsp
[ 292/1733  0s] WriteText Library/Bee/artifacts/1900b0aE.dag/Unity.Burst.rsp
[ 293/1733  0s] WriteText Library/Bee/artifacts/1900b0aE.dag/Unity.PathTracing.Runtime.rsp
[ 294/1733  0s] WriteText Library/Bee/artifacts/1900b0aE.dag/Unity.AI.Generators.Asset.rsp
[ 306/1733  0s] WriteText Library/Bee/artifacts/1900b0aE.dag/Unity.AI.Generators.IO.Srp.rsp
[ 308/1733  0s] WriteText Library/Bee/artifacts/1900b0aE.dag/Unity.2D.Sprite.Editor.rsp
[ 312/1733  0s] WriteText Library/Bee/artifacts/1900b0aE.dag/Unity.AI.Assistant.Runtime.rsp
[ 318/1733  0s] WriteText Library/Bee/artifacts/1900b0aE.dag/Unity.AI.Toolkit.Accounts.rsp
[ 319/1733  0s] WriteText Library/Bee/artifacts/1900b0aE.dag/Unity.AI.Generators.IO.rsp
[ 321/1733  0s] WriteText Library/Bee/artifacts/1900b0aE.dag/Unity.AI.Assistant.Agent.Dynamic.Extension.Editor.rsp
[ 322/1733  0s] WriteText Library/Bee/artifacts/1900b0aE.dag/Unity.RenderPipeline.Universal.ShaderLibrary.rsp
[ 325/1733  0s] WriteText Library/Bee/artifacts/1900b0aE.dag/Unity.SurfaceCache.Runtime.rsp
[ 326/1733  0s] WriteText Library/Bee/artifacts/1900b0aE.dag/Unity.AI.Assistant.Bridge.Editor.rsp
[ 340/1733  0s] WriteText Library/Bee/artifacts/1900b0aE.dag/Unity.InternalAPIEngineBridge.RenderPipelines.Core.Runtime.Shared.rsp
[ 348/1733  0s] WriteText Library/Bee/artifacts/1900b0aE.dag/Unity.RenderPipelines.GPUDriven.Runtime.rsp
[ 354/1733  0s] WriteText Library/Bee/artifacts/1900b0aE.dag/Unity.AI.Assistant.Editor.rsp
[ 355/1733  0s] WriteText Library/Bee/artifacts/1900b0aE.dag/Unity.RenderPipelines.Core.Runtime.Shared.rsp
[ 356/1733  0s] WriteText Library/Bee/artifacts/1900b0aE.dag/HFDownloader.rsp
[ 357/1733  0s] WriteText Library/Bee/artifacts/1900b0aE.dag/Unity.AI.Generators.UI.rsp
[ 358/1733  0s] WriteText Library/Bee/artifacts/1900b0aE.dag/Unity.InferenceEngine.rsp
[ 364/1733  0s] WriteText Library/Bee/artifacts/1900b0aE.dag/Unity.AppUI.InternalAPIBridge.rsp
[ 379/1733  0s] WriteText Library/Bee/artifacts/1900b0aE.dag/Unity.AI.Generators.Sdk.rsp
[ 381/1733  0s] WriteText Library/Bee/artifacts/1900b0aE.dag/Unity.InternalAPIEngineBridge.001.rsp
[ 384/1733  0s] WriteText Library/Bee/artifacts/1900b0aE.dag/Unity.VisualScripting.Core.rsp
[ 385/1733  0s] WriteText Library/Bee/artifacts/1900b0aE.dag/Unity.RenderPipelines.Universal.Runtime.rsp
[ 391/1733  0s] WriteText Library/Bee/artifacts/1900b0aE.dag/Unity.RenderPipelines.Universal.Config.Runtime.rsp
[ 392/1733  0s] WriteText Library/Bee/artifacts/1900b0aE.dag/Unity.AI.Toolkit.GenerationContextMenu.rsp
[ 393/1733  0s] WriteText Library/Bee/artifacts/1900b0aE.dag/Unity.AI.ModelSelector.rsp
[ 394/1733  0s] WriteText Library/Bee/artifacts/1900b0aE.dag/Unity.AI.Toolkit.GenerationObjectPicker.rsp
[ 397/1733  0s] WriteText Library/Bee/artifacts/1900b0aE.dag/Unity.2D.Common.Runtime.rsp
[ 414/1733  0s] WriteText Library/Bee/artifacts/1900b0aE.dag/Unity.AI.Animate.Motion.Runtime.rsp
[ 420/1733  0s] WriteText Library/Bee/artifacts/1900b0aE.dag/Unity.InternalAPIEngineBridge.RenderPipelines.Core.Editor.rsp
[ 429/1733  0s] WriteText Library/Bee/artifacts/1900b0aE.dag/Unity.PathTracing.Editor.rsp
[ 430/1733  0s] WriteText Library/Bee/artifacts/1900b0aE.dag/Unity.AI.Search.Editor.rsp
[ 433/1733  0s] WriteText Library/Bee/artifacts/1900b0aE.dag/Unity.2D.Animation.Runtime.rsp
[ 434/1733  0s] WriteText Library/Bee/artifacts/1900b0aE.dag/Unity.AI.Generators.UI.AIDropdownIntegrations.rsp
[ 435/1733  0s] WriteText Library/Bee/artifacts/1900b0aE.dag/Unity.2D.Common.Editor.rsp
[ 436/1733  0s] WriteText Library/Bee/artifacts/1900b0aE.dag/Unity.AppUI.rsp
[ 446/1733  0s] WriteText Library/Bee/artifacts/1900b0aE.dag/Unity.AI.Assistant.Tools.Editor.rsp
[ 452/1733  0s] WriteText Library/Bee/artifacts/1900b0aE.dag/Unity.VisualScripting.Flow.rsp
[ 456/1733  0s] WriteText Library/Bee/artifacts/1900b0aE.dag/Unity.AI.Animate.rsp
[ 466/1733  0s] WriteText Library/Bee/artifacts/1900b0aE.dag/Unity.AI.Pbr.Srp.rsp
[ 467/1733  0s] WriteText Library/Bee/artifacts/1900b0aE.dag/Unity.AI.Image.rsp
[ 469/1733  0s] WriteText Library/Bee/artifacts/1900b0aE.dag/Unity.AI.Assistant.Annotations.Editor.rsp
[ 470/1733  0s] WriteText Library/Bee/artifacts/1900b0aE.dag/Unity.AI.Pbr.rsp
[ 471/1733  0s] WriteText Library/Bee/artifacts/1900b0aE.dag/Unity.VisualScripting.Core.Editor.rsp
[ 472/1733  0s] WriteText Library/Bee/artifacts/1900b0aE.dag/Unity.InternalAPIEditorBridge.001.rsp
[ 473/1733  0s] WriteText Library/Bee/artifacts/1900b0aE.dag/Unity.2D.SpriteShape.Runtime.rsp
[ 474/1733  0s] WriteText Library/Bee/artifacts/1900b0aE.dag/Unity.AI.Mesh.rsp
[ 475/1733  0s] WriteText Library/Bee/artifacts/1900b0aE.dag/Unity.RenderPipelines.Core.Editor.rsp
[ 477/1733  0s] WriteText Library/Bee/artifacts/1900b0aE.dag/Unity.2D.Tilemap.Editor.rsp
[ 480/1733  0s] WriteText Library/Bee/artifacts/1900b0aE.dag/Unity.ShaderGraph.Utilities.rsp
[ 500/1733  0s] WriteText Library/Bee/artifacts/1900b0aE.dag/Unity.AI.Sound.rsp
[ 513/1733  0s] WriteText Library/Bee/artifacts/1900b0aE.dag/Unity.Searcher.Editor.rsp
[ 514/1733  0s] WriteText Library/Bee/artifacts/1900b0aE.dag/Unity.VisualScripting.Flow.Editor.rsp
[ 528/1733  0s] WriteText Library/Bee/artifacts/1900b0aE.dag/Unity.AppUI.Redux.rsp
[ 533/1733  0s] WriteText Library/Bee/artifacts/1900b0aE.dag/Unity.RenderPipelines.Universal.2D.Runtime.rsp
[ 536/1733  0s] WriteText Library/Bee/artifacts/1900b0aE.dag/Unity.InternalAPIEngineBridge.004.rsp
[ 538/1733  0s] WriteText Library/Bee/artifacts/1900b0aE.dag/Unity.VisualScripting.State.rsp
[ 539/1733  0s] WriteText Library/Bee/artifacts/1900b0aE.dag/Unity.PlasticSCM.Editor.rsp
[ 540/1733  0s] WriteText Library/Bee/artifacts/1900b0aE.dag/Unity.InternalAPIEditorBridge.ShaderGraph.Editor.rsp
[ 557/1733  0s] WriteText Library/Bee/artifacts/1900b0aE.dag/Unity.2D.Triangulation.Runtime.rsp
[ 558/1733  0s] WriteText Library/Bee/artifacts/1900b0aE.dag/Unity.AI.Generators.Tools.rsp
[ 560/1733  0s] WriteText Library/Bee/artifacts/1900b0aE.dag/Unity.InferenceEngine.Microsoft.Msagl.rsp
[ 561/1733  0s] WriteText Library/Bee/artifacts/1900b0aE.dag/Unity.AI.Assistant.UI.Editor.rsp
[ 562/1733  0s] WriteText Library/Bee/artifacts/1900b0aE.dag/Unity.2D.Animation.Editor.rsp
[ 563/1733  0s] WriteText Library/Bee/artifacts/1900b0aE.dag/Unity.RenderPipelines.Core.Editor.Shared.rsp
[ 564/1733  0s] WriteText Library/Bee/artifacts/1900b0aE.dag/Unity.AppUI.Editor.rsp
[ 565/1733  0s] WriteText Library/Bee/artifacts/1900b0aE.dag/Unity.AppUI.Navigation.rsp
[ 566/1733  0s] WriteText Library/Bee/artifacts/1900b0aE.dag/Unity.ShaderGraph.Editor.rsp
[ 567/1733  0s] WriteText Library/Bee/artifacts/1900b0aE.dag/Unity.2D.Common.Path.Editor.rsp
[ 568/1733  0s] WriteText Library/Bee/artifacts/1900b0aE.dag/Unity.Burst.Editor.rsp
[ 569/1733  0s] WriteText Library/Bee/artifacts/1900b0aE.dag/Unity.2D.Tilemap.Extras.rsp
[ 570/1733  0s] WriteText Library/Bee/artifacts/1900b0aE.dag/NaManMoo.Runtime.rsp
[ 577/1733  0s] WriteText Library/Bee/artifacts/1900b0aE.dag/Unity.AI.MCP.Runtime.rsp
[ 578/1733  0s] WriteText Library/Bee/artifacts/1900b0aE.dag/Unity.InferenceEngine.ONNX.Editor.rsp
[ 586/1733  0s] WriteText Library/Bee/artifacts/1900b0aE.dag/Unity.AI.Assistant.AssetGenerators.Editor.rsp
[ 588/1733  0s] WriteText Library/Bee/artifacts/1900b0aE.dag/Unity.AI.Assistant.API.Editor.rsp
[ 634/1733  0s] WriteText Library/Bee/artifacts/1900b0aE.dag/Unity.2D.IK.Runtime.rsp
[ 649/1733  0s] WriteText Library/Bee/artifacts/1900b0aE.dag/Unity.VisualScripting.State.Editor.rsp
[ 682/1733  0s] WriteText Library/Bee/artifacts/1900b0aE.dag/Unity.InferenceEngine.Editor.Visualizer.rsp
[ 686/1733  0s] WriteText Library/Bee/artifacts/1900b0aE.dag/PsdPlugin.rsp
[ 689/1733  0s] WriteText Library/Bee/artifacts/1900b0aE.dag/NaManMoo.Editor.rsp
[ 691/1733  0s] WriteText Library/Bee/artifacts/1900b0aE.dag/Unity.InputSystem.TestFramework.rsp
[ 692/1733  0s] WriteText Library/Bee/artifacts/1900b0aE.dag/Unity.Timeline.rsp
[ 697/1733  0s] WriteText Library/Bee/artifacts/1900b0aE.dag/Unity.2D.Aseprite.Common.rsp
[ 699/1733  0s] WriteText Library/Bee/artifacts/1900b0aE.dag/Unity.PerformanceTesting.rsp
[ 700/1733  0s] WriteText Library/Bee/artifacts/1900b0aE.dag/Unity.Multiplayer.Center.Common.rsp
[ 701/1733  0s] WriteText Library/Bee/artifacts/1900b0aE.dag/Unity.TextMeshPro.rsp
[ 713/1733  0s] WriteText Library/Bee/artifacts/1900b0aE.dag/Unity.InferenceEngine.MacBLAS.rsp
[ 715/1733  0s] WriteText Library/Bee/artifacts/1900b0aE.dag/Unity.RenderPipelines.Core.ShaderLibrary.rsp
[ 716/1733  0s] WriteText Library/Bee/artifacts/1900b0aE.dag/Unity.InferenceEngine.iOSBLAS.rsp
[ 717/1733  0s] WriteText Library/Bee/artifacts/1900b0aE.dag/Unity.InferenceEngine.Tokenization.rsp
[ 718/1733  0s] WriteText Library/Bee/artifacts/1900b0aE.dag/NaManMoo.PlayModeTests.rsp
[ 719/1733  0s] WriteText Library/Bee/artifacts/1900b0aE.dag/Unity.RenderPipelines.Universal.Shaders.rsp
[ 720/1733  0s] WriteText Library/Bee/artifacts/1900b0aE.dag/Unity.InputSystem.DocCodeSamples.rsp
[ 721/1733  0s] WriteText Library/Bee/artifacts/1900b0aE.dag/Unity.PerformanceTesting.Editor.rsp
[ 722/1733  0s] WriteText Library/Bee/artifacts/1900b0aE.dag/Unity.RenderPipelines.ShaderGraph.ShaderGraphLibrary.rsp
[ 723/1733  0s] WriteText Library/Bee/artifacts/1900b0aE.dag/Unity.InputSystem.ForUI.rsp
[ 724/1733  0s] WriteText Library/Bee/artifacts/1900b0aE.dag/Unity.Multiplayer.Center.Editor.rsp
[ 725/1733  0s] WriteText Library/Bee/artifacts/1900b0aE.dag/Unity.AppUI.MVVM.rsp
[ 726/1733  0s] WriteText Library/Bee/artifacts/1900b0aE.dag/UnityEditor.UI.Analytics.rsp
[ 727/1733  0s] WriteText Library/Bee/artifacts/1900b0aE.dag/Unity.AppUI.Undo.rsp
[ 728/1733  0s] WriteText Library/Bee/artifacts/1900b0aE.dag/Unity.VisualScripting.DocCodeExamples.rsp
[ 729/1733  0s] WriteText Library/Bee/artifacts/1900b0aE.dag/Unity.Collections.Editor.rsp
[ 730/1733  0s] WriteText Library/Bee/artifacts/1900b0aE.dag/Unity.2D.Tilemap.Extras.Editor.rsp
[ 731/1733  0s] WriteText Library/Bee/artifacts/1900b0aE.dag/Unity.PlasticSCM.Editor.Entities.rsp
[ 732/1733  0s] WriteText Library/Bee/artifacts/1900b0aE.dag/Unity.PlasticSCM.Editor.Assistant.rsp
[ 733/1733  0s] WriteText Library/Bee/artifacts/1900b0aE.dag/Unity.Rendering.LightTransport.Editor.rsp
[ 734/1733  0s] WriteText Library/Bee/artifacts/1900b0aE.dag/Unity.2D.Tooling.Editor.rsp
[ 735/1733  0s] WriteText Library/Bee/artifacts/1900b0aE.dag/Unity.AppUI.Navigation.Editor.rsp
[ 736/1733  0s] WriteText Library/Bee/artifacts/1900b0aE.dag/Unity.Timeline.Editor.rsp
[ 737/1733  0s] WriteText Library/Bee/artifacts/1900b0aE.dag/Unity.AppUI.Redux.Editor.rsp
[ 738/1733  0s] WriteText Library/Bee/artifacts/1900b0aE.dag/Unity.AI.MCP.Editor.rsp
[ 742/1733  0s] WriteText Library/Bee/artifacts/1900b0aE.dag/Unity.RenderPipelines.Universal.Editor.rsp
[ 743/1733  0s] WriteText Library/Bee/artifacts/1900b0aE.dag/NaManMoo.EditorTests.rsp
[ 745/1733  0s] WriteResponseFile Library/Bee/artifacts/rsp/586417172420051083.rsp
[ 746/1733  0s] WriteResponseFile Library/Bee/artifacts/rsp/13909235412005675431.rsp
[ 747/1733  0s] WriteText Library/Bee/artifacts/1900b0aE.dag/Unity.2D.Aseprite.Editor.rsp
[ 748/1733  0s] WriteText Library/Bee/artifacts/1900b0aE.dag/ScriptablePacker.rsp
[ 749/1733  0s] WriteResponseFile Library/Bee/artifacts/rsp/15966515983506956808.rsp
[ 750/1733  0s] WriteResponseFile Library/Bee/artifacts/rsp/15085861467720516389.rsp
[ 751/1733  0s] WriteResponseFile Library/Bee/artifacts/rsp/3635558437569565769.rsp
[ 752/1733  0s] WriteText Library/Bee/artifacts/1900b0aE.dag/Unity.CollabProxy.Editor.rsp
[ 753/1733  0s] WriteResponseFile Library/Bee/artifacts/rsp/13686715218353603589.rsp
[ 754/1733  0s] WriteText Library/Bee/artifacts/1900b0aE.dag/Unity.AI.Assistant.Integrations.Profiler.Editor.rsp
[ 755/1733  0s] WriteText Library/Bee/artifacts/1900b0aE.dag/Unity.RenderPipelines.Universal.2D.Editor.Overrides.rsp
[ 756/1733  0s] WriteText Library/Bee/artifacts/1900b0aE.dag/Unity.2D.IK.Editor.rsp
[ 757/1733  0s] WriteText Library/Bee/artifacts/1900b0aE.dag/Unity.VisualScripting.SettingsProvider.Editor.rsp
[ 758/1733  0s] WriteResponseFile Library/Bee/artifacts/rsp/1241893138779591018.rsp
[ 759/1733  0s] WriteText Library/Bee/artifacts/1900b0aE.dag/Unity.TextMeshPro.Editor.rsp
[ 760/1733  0s] WriteText Library/Bee/artifacts/1900b0aE.dag/Unity.VisualScripting.Shared.Editor.rsp
[ 761/1733  0s] WriteText Library/Bee/artifacts/1900b0aE.dag/Unity.InferenceEngine.Editor.rsp
[ 762/1733  0s] WriteResponseFile Library/Bee/artifacts/rsp/7144934147629065502.rsp
[ 763/1733  0s] WriteResponseFile Library/Bee/artifacts/rsp/3064155424177982801.rsp
[ 764/1733  0s] WriteResponseFile Library/Bee/artifacts/rsp/8938601496673716560.rsp
[ 765/1733  0s] WriteResponseFile Library/Bee/artifacts/rsp/11294775302662683298.rsp
[ 766/1733  0s] WriteResponseFile Library/Bee/artifacts/rsp/7606483801609891643.rsp
[ 767/1733  0s] WriteResponseFile Library/Bee/artifacts/rsp/16955349575566033662.rsp
[ 768/1733  0s] WriteResponseFile Library/Bee/artifacts/rsp/11344994280883157806.rsp
[ 769/1733  0s] WriteResponseFile Library/Bee/artifacts/rsp/4014436084419441659.rsp
[ 770/1733  0s] WriteText Library/Bee/artifacts/1900b0aE.dag/Unity.2D.Psdimporter.Editor.rsp
[ 771/1733  0s] WriteText Library/Bee/artifacts/1900b0aE.dag/Unity.2D.SpriteShape.Editor.rsp
[ 772/1733  0s] WriteResponseFile Library/Bee/artifacts/rsp/18218310762646611085.rsp
[ 773/1733  0s] WriteResponseFile Library/Bee/artifacts/rsp/10142702499866438521.rsp
[ 774/1733  0s] WriteResponseFile Library/Bee/artifacts/rsp/5803490648119114145.rsp
[ 775/1733  0s] WriteResponseFile Library/Bee/artifacts/rsp/10010842633742469623.rsp
[ 776/1733  0s] WriteResponseFile Library/Bee/artifacts/rsp/11932646040550446581.rsp
[ 777/1733  0s] WriteResponseFile Library/Bee/artifacts/rsp/5249134988916615986.rsp
[ 778/1733  0s] WriteResponseFile Library/Bee/artifacts/rsp/5546506141355401238.rsp
[ 779/1733  0s] WriteResponseFile Library/Bee/artifacts/rsp/1478594098268573080.rsp
[ 780/1733  0s] WriteResponseFile Library/Bee/artifacts/rsp/10571807241835812913.rsp
[ 781/1733  0s] WriteResponseFile Library/Bee/artifacts/rsp/4179407414357894406.rsp
[ 782/1733  0s] WriteResponseFile Library/Bee/artifacts/rsp/5916180605834378387.rsp
[ 783/1733  0s] WriteResponseFile Library/Bee/artifacts/rsp/5369032799409425086.rsp
[ 784/1733  0s] WriteResponseFile Library/Bee/artifacts/rsp/17346584914308636752.rsp
[ 785/1733  0s] WriteResponseFile Library/Bee/artifacts/rsp/1237274906319909237.rsp
[ 786/1733  0s] WriteResponseFile Library/Bee/artifacts/rsp/3258459190130463912.rsp
[ 787/1733  0s] WriteResponseFile Library/Bee/artifacts/rsp/9870516708743257357.rsp
[ 788/1733  0s] WriteResponseFile Library/Bee/artifacts/rsp/8622521327744862675.rsp
[ 789/1733  0s] WriteResponseFile Library/Bee/artifacts/rsp/1410676725171572189.rsp
[ 790/1733  0s] WriteResponseFile Library/Bee/artifacts/rsp/7038082120299526273.rsp
[ 791/1733  0s] WriteResponseFile Library/Bee/artifacts/rsp/15183482696195477058.rsp
[ 792/1733  0s] WriteResponseFile Library/Bee/artifacts/rsp/8687634500575384782.rsp
[ 793/1733  0s] WriteResponseFile Library/Bee/artifacts/rsp/10411718816959651794.rsp
[ 794/1733  0s] WriteResponseFile Library/Bee/artifacts/rsp/17525389461119239690.rsp
[ 795/1733  0s] WriteResponseFile Library/Bee/artifacts/rsp/10397561839769426034.rsp
[ 796/1733  0s] WriteResponseFile Library/Bee/artifacts/rsp/8899139255040401798.rsp
[ 797/1733  0s] WriteResponseFile Library/Bee/artifacts/rsp/12192641585883629681.rsp
[ 798/1733  0s] WriteResponseFile Library/Bee/artifacts/rsp/2897256077774953845.rsp
[ 799/1733  0s] WriteResponseFile Library/Bee/artifacts/rsp/9971674143059154378.rsp
[ 800/1733  0s] WriteResponseFile Library/Bee/artifacts/rsp/1418726328684876121.rsp
[ 801/1733  0s] WriteText Library/Bee/artifacts/1900b0aE.dag/Unity.VisualStudio.Editor.rsp
[ 802/1733  0s] WriteResponseFile Library/Bee/artifacts/rsp/3116656848610092085.rsp
[ 803/1733  0s] WriteText Library/Bee/artifacts/1900b0aE.dag/Unity.VSCode.Editor.rsp
[ 804/1733  0s] WriteResponseFile Library/Bee/artifacts/rsp/9362519405459664194.rsp
[ 805/1733  0s] WriteResponseFile Library/Bee/artifacts/rsp/4691676790321305727.rsp
[ 806/1733  0s] WriteResponseFile Library/Bee/artifacts/rsp/8157786106806150916.rsp
[ 807/1733  0s] WriteResponseFile Library/Bee/artifacts/rsp/5465330626836213513.rsp
[ 808/1733  0s] WriteResponseFile Library/Bee/artifacts/rsp/2157608619508796868.rsp
[ 809/1733  0s] WriteResponseFile Library/Bee/artifacts/rsp/10654656162358534522.rsp
[ 810/1733  0s] WriteResponseFile Library/Bee/artifacts/rsp/18426938688076938391.rsp
[ 811/1733  0s] WriteResponseFile Library/Bee/artifacts/rsp/8051171512430532380.rsp
[ 812/1733  0s] WriteResponseFile Library/Bee/artifacts/rsp/7896521298153392796.rsp
[ 813/1733  0s] WriteResponseFile Library/Bee/artifacts/rsp/7759033573704817190.rsp
[ 814/1733  0s] WriteResponseFile Library/Bee/artifacts/rsp/9963604852455136489.rsp
[ 815/1733  0s] WriteResponseFile Library/Bee/artifacts/rsp/6262281476893245489.rsp
[ 816/1733  0s] WriteResponseFile Library/Bee/artifacts/rsp/17234613055290522353.rsp
[ 817/1733  0s] WriteResponseFile Library/Bee/artifacts/rsp/3388064732626934676.rsp
[ 818/1733  0s] WriteResponseFile Library/Bee/artifacts/rsp/2240406767038398906.rsp
[ 819/1733  0s] WriteResponseFile Library/Bee/artifacts/rsp/5076401413164530033.rsp
[ 820/1733  0s] WriteResponseFile Library/Bee/artifacts/rsp/9111662996337956171.rsp
[ 821/1733  0s] WriteResponseFile Library/Bee/artifacts/rsp/9703144790800738880.rsp
[ 822/1733  0s] WriteResponseFile Library/Bee/artifacts/rsp/8984082599389543581.rsp
[ 823/1733  0s] WriteResponseFile Library/Bee/artifacts/rsp/1723042715960067801.rsp
[ 824/1733  0s] WriteResponseFile Library/Bee/artifacts/rsp/7453980399897704163.rsp
[ 825/1733  0s] WriteResponseFile Library/Bee/artifacts/rsp/1000725841676588325.rsp
[ 826/1733  0s] WriteResponseFile Library/Bee/artifacts/rsp/14566447020836459352.rsp
[ 827/1733  0s] WriteResponseFile Library/Bee/artifacts/rsp/6294510702601876485.rsp
[ 828/1733  0s] WriteResponseFile Library/Bee/artifacts/rsp/12122055926670147868.rsp
[ 829/1733  0s] WriteResponseFile Library/Bee/artifacts/rsp/8053311100599596929.rsp
[ 830/1733  0s] WriteResponseFile Library/Bee/artifacts/rsp/8821647045857962150.rsp
[ 831/1733  0s] WriteResponseFile Library/Bee/artifacts/rsp/1364033343444103190.rsp
[ 832/1733  0s] WriteResponseFile Library/Bee/artifacts/rsp/1459738325685585650.rsp
[ 833/1733  0s] WriteResponseFile Library/Bee/artifacts/rsp/10697766251284399165.rsp
[ 834/1733  0s] WriteResponseFile Library/Bee/artifacts/rsp/10869332526472877478.rsp
[ 835/1733  0s] WriteResponseFile Library/Bee/artifacts/rsp/2959687213209438319.rsp
[ 836/1733  0s] WriteResponseFile Library/Bee/artifacts/rsp/17723086061372457914.rsp
[ 837/1733  0s] WriteResponseFile Library/Bee/artifacts/rsp/8339687817580181739.rsp
[ 838/1733  0s] WriteResponseFile Library/Bee/artifacts/rsp/8863518860715653438.rsp
[ 839/1733  0s] WriteResponseFile Library/Bee/artifacts/rsp/5776641215966470922.rsp
[ 840/1733  0s] WriteResponseFile Library/Bee/artifacts/rsp/288488174905559534.rsp
[ 841/1733  0s] WriteResponseFile Library/Bee/artifacts/rsp/8425637358010165737.rsp
[ 842/1733  0s] WriteResponseFile Library/Bee/artifacts/rsp/17296387151066238333.rsp
[ 843/1733  0s] WriteResponseFile Library/Bee/artifacts/rsp/4418271852702483934.rsp
[ 844/1733  0s] WriteResponseFile Library/Bee/artifacts/rsp/10864296189774257271.rsp
[ 845/1733  0s] WriteResponseFile Library/Bee/artifacts/rsp/8336928665352126947.rsp
[ 846/1733  0s] WriteResponseFile Library/Bee/artifacts/rsp/8842765153177570536.rsp
[ 847/1733  0s] WriteResponseFile Library/Bee/artifacts/rsp/6841316898876630997.rsp
[ 848/1733  0s] WriteResponseFile Library/Bee/artifacts/rsp/6193514961945018322.rsp
[ 849/1733  0s] WriteResponseFile Library/Bee/artifacts/rsp/13439087796855272166.rsp
[ 850/1733  0s] WriteResponseFile Library/Bee/artifacts/rsp/4906633768252269426.rsp
[ 851/1733  0s] WriteResponseFile Library/Bee/artifacts/rsp/9708598661318103069.rsp
[ 852/1733  0s] WriteResponseFile Library/Bee/artifacts/rsp/3938377011463375229.rsp
[ 853/1733  0s] WriteResponseFile Library/Bee/artifacts/rsp/13534715222809159398.rsp
[ 854/1733  0s] WriteResponseFile Library/Bee/artifacts/rsp/13502134870798640059.rsp
[ 855/1733  0s] WriteResponseFile Library/Bee/artifacts/rsp/10890691014931692714.rsp
[ 856/1733  0s] WriteResponseFile Library/Bee/artifacts/rsp/1733524820046661633.rsp
[ 857/1733  0s] WriteResponseFile Library/Bee/artifacts/rsp/11295897478892413411.rsp
[ 858/1733  0s] WriteResponseFile Library/Bee/artifacts/rsp/13445476680238899994.rsp
[ 859/1733  0s] WriteResponseFile Library/Bee/artifacts/rsp/3648465134513896125.rsp
[ 860/1733  0s] WriteResponseFile Library/Bee/artifacts/rsp/3043913547040211301.rsp
[ 861/1733  0s] WriteResponseFile Library/Bee/artifacts/rsp/6210570011482043853.rsp
[ 862/1733  0s] WriteResponseFile Library/Bee/artifacts/rsp/4462417561080226904.rsp
[ 863/1733  0s] WriteResponseFile Library/Bee/artifacts/rsp/12104082219611891248.rsp
[ 864/1733  0s] WriteResponseFile Library/Bee/artifacts/rsp/1488387367365330867.rsp
[ 865/1733  0s] WriteResponseFile Library/Bee/artifacts/rsp/6083568660615989563.rsp
[ 866/1733  0s] WriteResponseFile Library/Bee/artifacts/rsp/15183149355271759364.rsp
[ 867/1733  0s] WriteResponseFile Library/Bee/artifacts/rsp/15394042617203071315.rsp
[ 868/1733  0s] WriteResponseFile Library/Bee/artifacts/rsp/6413563044966999158.rsp
[ 869/1733  0s] WriteResponseFile Library/Bee/artifacts/rsp/10831531723267835799.rsp
[ 870/1733  0s] WriteResponseFile Library/Bee/artifacts/rsp/6828830881514808964.rsp
[ 871/1733  0s] WriteResponseFile Library/Bee/artifacts/rsp/1759290155104201900.rsp
[ 872/1733  0s] WriteResponseFile Library/Bee/artifacts/rsp/9675442845102135732.rsp
[ 873/1733  0s] WriteResponseFile Library/Bee/artifacts/rsp/592391121486274934.rsp
[ 874/1733  0s] WriteResponseFile Library/Bee/artifacts/rsp/8976826243146042383.rsp
[ 875/1733  0s] WriteResponseFile Library/Bee/artifacts/rsp/8430359774541989196.rsp
[ 876/1733  0s] WriteResponseFile Library/Bee/artifacts/rsp/17560367951316853787.rsp
[ 877/1733  0s] WriteResponseFile Library/Bee/artifacts/rsp/7750146619039987931.rsp
[ 878/1733  0s] WriteResponseFile Library/Bee/artifacts/rsp/5806762800881712256.rsp
[ 879/1733  0s] WriteResponseFile Library/Bee/artifacts/rsp/5521740788080646575.rsp
[ 880/1733  0s] WriteResponseFile Library/Bee/artifacts/rsp/12900333509587573630.rsp
[ 881/1733  0s] WriteResponseFile Library/Bee/artifacts/rsp/12697856024727907050.rsp
[ 882/1733  0s] WriteResponseFile Library/Bee/artifacts/rsp/2499735490941455596.rsp
[ 883/1733  0s] WriteResponseFile Library/Bee/artifacts/rsp/4772145154433932943.rsp
[ 884/1733  0s] WriteResponseFile Library/Bee/artifacts/rsp/15312589170787849123.rsp
[ 885/1733  0s] WriteResponseFile Library/Bee/artifacts/rsp/12812556936427222528.rsp
[ 886/1733  0s] WriteResponseFile Library/Bee/artifacts/rsp/17285932722338182573.rsp
[ 887/1733  0s] WriteResponseFile Library/Bee/artifacts/rsp/17808041319785689290.rsp
[ 888/1733  0s] WriteResponseFile Library/Bee/artifacts/rsp/6065712226328768301.rsp
[ 889/1733  0s] WriteResponseFile Library/Bee/artifacts/rsp/16942202937359522267.rsp
[ 890/1733  0s] WriteText Library/Bee/artifacts/1900b0aE.dag/Unity.Rider.Editor.rsp
[ 891/1733  0s] WriteResponseFile Library/Bee/artifacts/rsp/10292501669419677951.rsp
[ 891/1733  0s] Csc Library/Bee/artifacts/1900b0aE.dag/UnityEngine.TestRunner.dll (+2 others) [CacheHit 9e7a5d7b678c6a9bd9febb7c1b424fa000000000000000000000000000000006]
[ 892/1733  0s] Csc Library/Bee/artifacts/1900b0aE.dag/UnityEngine.TestRunner.dll (+2 others)
[ 894/1733  0s] WriteResponseFile Library/Bee/artifacts/rsp/2651563713784943047.rsp
[ 895/1733  0s] WriteResponseFile Library/Bee/artifacts/rsp/6809154955867194459.rsp
[ 896/1733  0s] WriteResponseFile Library/Bee/artifacts/rsp/11564738420230795162.rsp
[ 897/1733  0s] WriteResponseFile Library/Bee/artifacts/rsp/11820488456832421373.rsp
[ 898/1733  0s] WriteResponseFile Library/Bee/artifacts/rsp/16125158746970884189.rsp
[ 899/1733  0s] WriteResponseFile Library/Bee/artifacts/rsp/17738801749825545598.rsp
[ 900/1733  0s] WriteResponseFile Library/Bee/artifacts/rsp/12248871281822510316.rsp
[ 901/1733  0s] WriteResponseFile Library/Bee/artifacts/rsp/5652260764500437206.rsp
[ 902/1733  0s] WriteResponseFile Library/Bee/artifacts/rsp/5666034229570516919.rsp
[ 903/1733  0s] CopyFiles Library/ScriptAssemblies/UnityEngine.TestRunner.pdb
[ 902/1733  0s] Csc Library/Bee/artifacts/1900b0aE.dag/UnityEngine.UI.dll (+2 others) [CacheHit e7358d7f294e9fa178dbc85ee3138dbd00000000000000000000000000000006]
[ 904/1733  0s] Csc Library/Bee/artifacts/1900b0aE.dag/UnityEngine.UI.dll (+2 others)
[ 909/1733  0s] CopyFiles Library/ScriptAssemblies/UnityEngine.TestRunner.dll
[ 907/1733  0s] Csc Library/Bee/artifacts/1900b0aE.dag/UnityEditor.TestRunner.dll (+2 others) [CacheHit 25ab4cad5307ae4e211d56cfb780293b00000000000000000000000000000006]
[ 910/1733  0s] Csc Library/Bee/artifacts/1900b0aE.dag/UnityEditor.TestRunner.dll (+2 others)
[ 912/1733  0s] CopyFiles Library/ScriptAssemblies/UnityEditor.TestRunner.pdb
[ 911/1733  0s] Csc Library/Bee/artifacts/1900b0aE.dag/UnityEditor.UI.dll (+2 others) [CacheHit fe951f4cf097228370a3d7da35174fce00000000000000000000000000000006]
[ 915/1733  0s] Csc Library/Bee/artifacts/1900b0aE.dag/UnityEditor.UI.dll (+2 others)
[ 933/1733  0s] CopyFiles Library/ScriptAssemblies/UnityEditor.TestRunner.dll
[ 930/1733  0s] Csc Library/Bee/artifacts/1900b0aE.dag/Unity.AI.Toolkit.Compliance.dll (+2 others) [CacheHit bba71343edfd57105368f0bbfe69a5d700000000000000000000000000000006]
[ 935/1733  0s] Csc Library/Bee/artifacts/1900b0aE.dag/Unity.AI.Toolkit.Compliance.dll (+2 others)
[ 933/1733  0s] Csc Library/Bee/artifacts/1900b0aE.dag/Unity.AppUI.InternalAPIBridge.dll (+2 others) [CacheHit c394b4a04e17dfd999b90470d379c85d00000000000000000000000000000006]
[ 939/1733  0s] Csc Library/Bee/artifacts/1900b0aE.dag/Unity.AppUI.InternalAPIBridge.dll (+2 others)
[ 934/1733  0s] Csc Library/Bee/artifacts/1900b0aE.dag/Unity.Mathematics.dll (+2 others) [CacheHit 3d0c981e2d187297d7883ef318a46a8700000000000000000000000000000006]
[ 941/1733  0s] Csc Library/Bee/artifacts/1900b0aE.dag/Unity.Mathematics.dll (+2 others)
[ 935/1733  0s] Csc Library/Bee/artifacts/1900b0aE.dag/Unity.AI.Toolkit.Utility.dll (+2 others) [CacheHit 5214a546ac50acbb2f57d6dcd9f5c2bc00000000000000000000000000000006]
[ 943/1733  0s] Csc Library/Bee/artifacts/1900b0aE.dag/Unity.AI.Toolkit.Utility.dll (+2 others)
[ 935/1733  0s] Csc Library/Bee/artifacts/1900b0aE.dag/Unity.AI.Tracing.dll (+2 others) [CacheHit 332c83f2a5401b252d75fa1201b371ed00000000000000000000000000000006]
[ 945/1733  0s] Csc Library/Bee/artifacts/1900b0aE.dag/Unity.AI.Tracing.dll (+2 others)
[ 937/1733  0s] Csc Library/Bee/artifacts/1900b0aE.dag/Unity.InternalAPIEngineBridge.RenderPipelines.Core.Runtime.Shared.dll (+2 others) [CacheHit acd4decc45bcfc87b3ac39da9fe42a9500000000000000000000000000000006]
[ 947/1733  0s] Csc Library/Bee/artifacts/1900b0aE.dag/Unity.InternalAPIEngineBridge.RenderPipelines.Core.Runtime.Shared.dll (+2 others)
[ 942/1733  0s] Csc Library/Bee/artifacts/1900b0aE.dag/Unity.AI.Assistant.Bridge.Editor.dll (+2 others) [CacheHit 221f59c9ac8fb13816a45829050853ac00000000000000000000000000000006]
[ 953/1733  0s] Csc Library/Bee/artifacts/1900b0aE.dag/Unity.AI.Assistant.Bridge.Editor.dll (+2 others)
[ 943/1733  0s] Csc Library/Bee/artifacts/1900b0aE.dag/Unity.AI.Assistant.Agent.Dynamic.Extension.Editor.dll (+2 others) [CacheHit 1bd2638bb7a223451f27e8d4a263df7600000000000000000000000000000006]
[ 955/1733  0s] Csc Library/Bee/artifacts/1900b0aE.dag/Unity.AI.Assistant.Agent.Dynamic.Extension.Editor.dll (+2 others)
[ 944/1733  0s] Csc Library/Bee/artifacts/1900b0aE.dag/Unity.2D.Sprite.Editor.dll (+2 others) [CacheHit 4792ab02835e8d54ab05158b8ba120a100000000000000000000000000000006]
[ 957/1733  0s] Csc Library/Bee/artifacts/1900b0aE.dag/Unity.2D.Sprite.Editor.dll (+2 others)
[ 945/1733  0s] Csc Library/Bee/artifacts/1900b0aE.dag/Unity.AI.Generators.IO.Srp.dll (+2 others) [CacheHit 13cd00130fec0351fd418d705b345fad00000000000000000000000000000006]
[ 959/1733  0s] Csc Library/Bee/artifacts/1900b0aE.dag/Unity.AI.Generators.IO.Srp.dll (+2 others)
[ 946/1733  0s] Csc Library/Bee/artifacts/1900b0aE.dag/Unity.AI.Toolkit.Async.dll (+2 others) [CacheHit 5cd9a7fee10457bc5cd0acd0e8c5cea600000000000000000000000000000006]
[ 961/1733  0s] Csc Library/Bee/artifacts/1900b0aE.dag/Unity.AI.Toolkit.Async.dll (+2 others)
[ 947/1733  0s] Csc Library/Bee/artifacts/1900b0aE.dag/Unity.InputSystem.dll (+2 others) [CacheHit ac6a3adf95503e946d03aef8fe1692c300000000000000000000000000000006]
[ 964/1733  0s] Csc Library/Bee/artifacts/1900b0aE.dag/Unity.InputSystem.dll (+2 others)
[ 950/1733  0s] Csc Library/Bee/artifacts/1900b0aE.dag/Unity.Burst.dll (+2 others) [CacheHit ae6a094d7ac54ec17ce30792f45e0b5b00000000000000000000000000000006]
[ 967/1733  0s] Csc Library/Bee/artifacts/1900b0aE.dag/Unity.Burst.dll (+2 others)
[ 951/1733  0s] Csc Library/Bee/artifacts/1900b0aE.dag/Unity.AI.Generators.Contexts.dll (+2 others) [CacheHit 5507d76f8ee9a1fc4af8dfb9ee9c0a9c00000000000000000000000000000006]
[ 969/1733  0s] Csc Library/Bee/artifacts/1900b0aE.dag/Unity.AI.Generators.Contexts.dll (+2 others)
[ 954/1733  0s] Csc Library/Bee/artifacts/1900b0aE.dag/Unity.InternalAPIEngineBridge.001.dll (+2 others) [CacheHit c5ece1b7294077a7c51fb0d5d30ecf6300000000000000000000000000000006]
[ 973/1733  0s] Csc Library/Bee/artifacts/1900b0aE.dag/Unity.InternalAPIEngineBridge.001.dll (+2 others)
[ 967/1733  0s] Csc Library/Bee/artifacts/1900b0aE.dag/HFDownloader.dll (+2 others) [CacheHit 630bdc5a10fd0514ce2f9f2e29a22e0900000000000000000000000000000006]
[ 987/1733  0s] Csc Library/Bee/artifacts/1900b0aE.dag/HFDownloader.dll (+2 others)
[ 977/1733  0s] Csc Library/Bee/artifacts/1900b0aE.dag/Unity.AI.Pbr.Srp.dll (+2 others) [CacheHit 2cf63ee0e70e7cd1314765059a9c632b00000000000000000000000000000006]
[ 998/1733  0s] Csc Library/Bee/artifacts/1900b0aE.dag/Unity.AI.Pbr.Srp.dll (+2 others)
[ 978/1733  0s] Csc Library/Bee/artifacts/1900b0aE.dag/Unity.InternalAPIEngineBridge.RenderPipelines.Core.Editor.dll (+2 others) [CacheHit 07194871c5edb7f8bfa3d0f8ac99b9bd00000000000000000000000000000006]
[1000/1733  0s] Csc Library/Bee/artifacts/1900b0aE.dag/Unity.InternalAPIEngineBridge.RenderPipelines.Core.Editor.dll (+2 others)
[ 981/1733  0s] Csc Library/Bee/artifacts/1900b0aE.dag/Unity.AI.Animate.Motion.Runtime.dll (+2 others) [CacheHit 5b846f23cf016a3ed8770935714bf62200000000000000000000000000000006]
[1004/1733  0s] Csc Library/Bee/artifacts/1900b0aE.dag/Unity.AI.Animate.Motion.Runtime.dll (+2 others)
[ 983/1733  0s] Csc Library/Bee/artifacts/1900b0aE.dag/Unity.AI.Assistant.Annotations.Editor.dll (+2 others) [CacheHit 4bf6135926b42309c7f597333cae393f00000000000000000000000000000006]
[1007/1733  0s] Csc Library/Bee/artifacts/1900b0aE.dag/Unity.AI.Assistant.Annotations.Editor.dll (+2 others)
[ 984/1733  0s] Csc Library/Bee/artifacts/1900b0aE.dag/Unity.2D.Tilemap.Editor.dll (+2 others) [CacheHit d3742ab2a9b8a95ff559fa111d11591800000000000000000000000000000006]
[1009/1733  0s] Csc Library/Bee/artifacts/1900b0aE.dag/Unity.2D.Tilemap.Editor.dll (+2 others)
[ 986/1733  0s] Csc Library/Bee/artifacts/1900b0aE.dag/Unity.ShaderGraph.Utilities.dll (+2 others) [CacheHit f5a301fd5f2e943929ca49eae3500c5100000000000000000000000000000006]
[1012/1733  0s] Csc Library/Bee/artifacts/1900b0aE.dag/Unity.ShaderGraph.Utilities.dll (+2 others)
[ 987/1733  0s] Csc Library/Bee/artifacts/1900b0aE.dag/Unity.AI.Generators.Redux.dll (+2 others) [CacheHit c18c1293cd23375614d9ade04217a8c600000000000000000000000000000006]
[1014/1733  0s] Csc Library/Bee/artifacts/1900b0aE.dag/Unity.AI.Generators.Redux.dll (+2 others)
[ 995/1733  0s] Csc Library/Bee/artifacts/1900b0aE.dag/Unity.InternalAPIEditorBridge.ShaderGraph.Editor.dll (+2 others) [CacheHit fd21444ecd179050b817c1f116f6966000000000000000000000000000000006]
[1024/1733  0s] Csc Library/Bee/artifacts/1900b0aE.dag/Unity.InternalAPIEditorBridge.ShaderGraph.Editor.dll (+2 others)
[1001/1733  0s] Csc Library/Bee/artifacts/1900b0aE.dag/Unity.InternalAPIEditorBridge.001.dll (+2 others) [CacheHit 88ef1c7fc985243deea8d222f294c8f400000000000000000000000000000006]
[1030/1733  0s] Csc Library/Bee/artifacts/1900b0aE.dag/Unity.InternalAPIEditorBridge.001.dll (+2 others)
[1004/1733  0s] Csc Library/Bee/artifacts/1900b0aE.dag/Unity.Searcher.Editor.dll (+2 others) [CacheHit 7827a8edb56e4c4314ceeaa74696171a00000000000000000000000000000006]
[1034/1733  0s] Csc Library/Bee/artifacts/1900b0aE.dag/Unity.Searcher.Editor.dll (+2 others)
[1005/1733  0s] Csc Library/Bee/artifacts/1900b0aE.dag/Unity.AI.Toolkit.Asset.dll (+2 others) [CacheHit 3d29c197d729714ab05f53a573f4564f00000000000000000000000000000006]
[1036/1733  0s] Csc Library/Bee/artifacts/1900b0aE.dag/Unity.AI.Toolkit.Asset.dll (+2 others)
[1006/1733  0s] Csc Library/Bee/artifacts/1900b0aE.dag/Unity.Collections.dll (+2 others) [CacheHit fe2907de1057ce3a84f3c52d6c4c013e00000000000000000000000000000006]
[1039/1733  0s] Csc Library/Bee/artifacts/1900b0aE.dag/Unity.Collections.dll (+2 others)
[1008/1733  0s] Csc Library/Bee/artifacts/1900b0aE.dag/Unity.InferenceEngine.Microsoft.Msagl.dll (+2 others) [CacheHit 0b01c3d6312e9f72aaa9512952d859e900000000000000000000000000000006]
[1041/1733  0s] Csc Library/Bee/artifacts/1900b0aE.dag/Unity.InferenceEngine.Microsoft.Msagl.dll (+2 others)
[1009/1733  0s] Csc Library/Bee/artifacts/1900b0aE.dag/Unity.InternalAPIEngineBridge.004.dll (+2 others) [CacheHit 35c793877183abf2bed47bcd3523d95500000000000000000000000000000006]
[1043/1733  0s] Csc Library/Bee/artifacts/1900b0aE.dag/Unity.InternalAPIEngineBridge.004.dll (+2 others)
[1010/1733  0s] Csc Library/Bee/artifacts/1900b0aE.dag/Unity.Burst.CodeGen.dll (+2 others) [CacheHit 058aebf103d11dcd15bfb266fe25af4900000000000000000000000000000006]
[1046/1733  0s] Csc Library/Bee/artifacts/1900b0aE.dag/Unity.Burst.CodeGen.dll (+2 others)
[1015/1733  0s] Csc Library/Bee/artifacts/1900b0aE.dag/Unity.AI.Assistant.Runtime.dll (+2 others) [CacheHit 6bcf6fec247dc873c77ba3cc0cd4890e00000000000000000000000000000006]
[1051/1733  0s] Csc Library/Bee/artifacts/1900b0aE.dag/Unity.AI.Assistant.Runtime.dll (+2 others)
[1020/1733  0s] Csc Library/Bee/artifacts/1900b0aE.dag/Unity.Multiplayer.Center.Common.dll (+2 others) [CacheHit a8adda91fe652f9f9c548cb48d44657a00000000000000000000000000000006]
[1057/1733  0s] Csc Library/Bee/artifacts/1900b0aE.dag/Unity.Multiplayer.Center.Common.dll (+2 others)
[1022/1733  0s] Csc Library/Bee/artifacts/1900b0aE.dag/Unity.Timeline.dll (+2 others) [CacheHit 5f834544dc9e7fd0068ef5ae1be8b13c00000000000000000000000000000006]
[1060/1733  0s] Csc Library/Bee/artifacts/1900b0aE.dag/Unity.Timeline.dll (+2 others)
[1026/1733  0s] Csc Library/Bee/artifacts/1900b0aE.dag/Unity.VisualScripting.Core.dll (+2 others) [CacheHit 8c01e0c2cb9a1328b98a206b7228e70100000000000000000000000000000006]
[1065/1733  0s] Csc Library/Bee/artifacts/1900b0aE.dag/Unity.VisualScripting.Core.dll (+2 others)
[1028/1733  0s] Csc Library/Bee/artifacts/1900b0aE.dag/Unity.AppUI.dll (+2 others) [CacheHit 1d6acf329659aae0c7b3faddfeb8b2b800000000000000000000000000000006]
[1068/1733  0s] Csc Library/Bee/artifacts/1900b0aE.dag/Unity.AppUI.dll (+2 others)
[1030/1733  0s] Csc Library/Bee/artifacts/1900b0aE.dag/Unity.Burst.Editor.dll (+2 others) [CacheHit 9f8e8e2eb8b1085ef10fdf50943790f400000000000000000000000000000006]
[1071/1733  0s] Csc Library/Bee/artifacts/1900b0aE.dag/Unity.Burst.Editor.dll (+2 others)
[1031/1733  0s] Csc Library/Bee/artifacts/1900b0aE.dag/Unity.2D.Common.Path.Editor.dll (+2 others) [CacheHit 7bbdf3c81eef245f48429843da5d51a600000000000000000000000000000006]
[1073/1733  0s] Csc Library/Bee/artifacts/1900b0aE.dag/Unity.2D.Common.Path.Editor.dll (+2 others)
[1034/1733  0s] Csc Library/Bee/artifacts/1900b0aE.dag/Unity.2D.Tilemap.Extras.dll (+2 others) [CacheHit 77470a31320b8de37d005a93e6db5c8400000000000000000000000000000006]
[1077/1733  0s] Csc Library/Bee/artifacts/1900b0aE.dag/Unity.2D.Tilemap.Extras.dll (+2 others)
[1035/1733  0s] Csc Library/Bee/artifacts/1900b0aE.dag/Unity.PerformanceTesting.dll (+2 others) [CacheHit e4f9287631aeb05e26a8f59d9751dd1300000000000000000000000000000006]
[1079/1733  0s] Csc Library/Bee/artifacts/1900b0aE.dag/Unity.PerformanceTesting.dll (+2 others)
[1040/1733  0s] Csc Library/Bee/artifacts/1900b0aE.dag/Unity.2D.Aseprite.Common.dll (+2 others) [CacheHit 8f260c56aff6557e23a9c1021f89c28100000000000000000000000000000006]
[1085/1733  0s] Csc Library/Bee/artifacts/1900b0aE.dag/Unity.2D.Aseprite.Common.dll (+2 others)
[1041/1733  0s] Csc Library/Bee/artifacts/1900b0aE.dag/Unity.TextMeshPro.dll (+2 others) [CacheHit 24de10693fc8078a4883716de463cdc500000000000000000000000000000006]
[1087/1733  0s] Csc Library/Bee/artifacts/1900b0aE.dag/Unity.TextMeshPro.dll (+2 others)
[1042/1733  0s] Csc Library/Bee/artifacts/1900b0aE.dag/Unity.AI.Generators.Asset.dll (+2 others) [CacheHit ca6df162290455fbaebfb76827bff53900000000000000000000000000000006]
[1090/1733  0s] Csc Library/Bee/artifacts/1900b0aE.dag/Unity.AI.Generators.Asset.dll (+2 others)
[1046/1733  0s] Csc Library/Bee/artifacts/1900b0aE.dag/Unity.UnifiedRayTracing.Runtime.dll (+2 others) [CacheHit 67e02820e08466434ddf378fc1eb4c1b00000000000000000000000000000006]
[1094/1733  0s] Csc Library/Bee/artifacts/1900b0aE.dag/Unity.UnifiedRayTracing.Runtime.dll (+2 others)
[1047/1733  0s] Csc Library/Bee/artifacts/1900b0aE.dag/Unity.InputSystem.TestFramework.dll (+2 others) [CacheHit 2719d1c69c9e19e5f6ea0ce4d508141a00000000000000000000000000000006]
[1096/1733  0s] Csc Library/Bee/artifacts/1900b0aE.dag/Unity.InputSystem.TestFramework.dll (+2 others)
[1048/1733  0s] Csc Library/Bee/artifacts/1900b0aE.dag/Unity.AI.MCP.Runtime.dll (+2 others) [CacheHit 224b2ae40189f098f5ceb271d4457ea100000000000000000000000000000006]
[1099/1733  0s] Csc Library/Bee/artifacts/1900b0aE.dag/Unity.AI.MCP.Runtime.dll (+2 others)
[1052/1733  0s] Csc Library/Bee/artifacts/1900b0aE.dag/Unity.Collections.CodeGen.dll (+2 others) [CacheHit 814375dd6a4718c01c7bb31ad3e2e28800000000000000000000000000000006]
[1103/1733  0s] Csc Library/Bee/artifacts/1900b0aE.dag/Unity.Collections.CodeGen.dll (+2 others)
[1055/1733  0s] Csc Library/Bee/artifacts/1900b0aE.dag/Unity.InferenceEngine.dll (+2 others) [CacheHit 0edaab0b21223a1c83ffc54b82bb71cc00000000000000000000000000000006]
[1107/1733  0s] Csc Library/Bee/artifacts/1900b0aE.dag/Unity.InferenceEngine.dll (+2 others)
[1056/1733  0s] Csc Library/Bee/artifacts/1900b0aE.dag/Unity.RenderPipelines.Core.Runtime.dll (+2 others) [CacheHit 74ed56b0af68a551e2ee9cc42cf5e24900000000000000000000000000000006]
[1109/1733  0s] Csc Library/Bee/artifacts/1900b0aE.dag/Unity.RenderPipelines.Core.Runtime.dll (+2 others)
[1057/1733  0s] Csc Library/Bee/artifacts/1900b0aE.dag/Unity.AI.Toolkit.Accounts.dll (+2 others) [CacheHit 52962de3f10d9296b3fef7146dc620a600000000000000000000000000000006]
[1112/1733  0s] Csc Library/Bee/artifacts/1900b0aE.dag/Unity.AI.Toolkit.Accounts.dll (+2 others)
[1059/1733  0s] Csc Library/Bee/artifacts/1900b0aE.dag/Unity.2D.Common.Runtime.dll (+2 others) [CacheHit d0cd1a4cb52b2008c13406d2bc82e56a00000000000000000000000000000006]
[1115/1733  0s] Csc Library/Bee/artifacts/1900b0aE.dag/Unity.2D.Common.Runtime.dll (+2 others)
[1064/1733  0s] Csc Library/Bee/artifacts/1900b0aE.dag/Unity.PlasticSCM.Editor.dll (+2 others) [CacheHit 474d5e319c92deec436b4eac3b77c12000000000000000000000000000000006]
[1120/1733  0s] Csc Library/Bee/artifacts/1900b0aE.dag/Unity.PlasticSCM.Editor.dll (+2 others)
[1081/1733  0s] Csc Library/Bee/artifacts/1900b0aE.dag/Unity.VisualScripting.Flow.dll (+2 others) [CacheHit b74135eb9cf15c2f8c63a354e8cc1f3200000000000000000000000000000006]
[1138/1733  0s] Csc Library/Bee/artifacts/1900b0aE.dag/Unity.VisualScripting.Flow.dll (+2 others)
[1083/1733  0s] Csc Library/Bee/artifacts/1900b0aE.dag/Unity.AppUI.Editor.dll (+2 others) [CacheHit 669868297310a0324b869f20237287e900000000000000000000000000000006]
[1141/1733  0s] Csc Library/Bee/artifacts/1900b0aE.dag/Unity.AppUI.Editor.dll (+2 others)
[1085/1733  0s] Csc Library/Bee/artifacts/1900b0aE.dag/Unity.AppUI.Redux.dll (+2 others) [CacheHit 420881c71ccc1606c2cf15bdec912f4e00000000000000000000000000000006]
[1144/1733  0s] Csc Library/Bee/artifacts/1900b0aE.dag/Unity.AppUI.Redux.dll (+2 others)
[1086/1733  0s] Csc Library/Bee/artifacts/1900b0aE.dag/Unity.AppUI.Navigation.dll (+2 others) [CacheHit 9631d1cbc5097a97e79b2be4733879e600000000000000000000000000000006]
[1147/1733  0s] Csc Library/Bee/artifacts/1900b0aE.dag/Unity.AppUI.Navigation.dll (+2 others)
[1090/1733  0s] Csc Library/Bee/artifacts/1900b0aE.dag/Unity.AI.Generators.IO.dll (+2 others) [CacheHit 7e3377eb3de23aeb149e808725b87cba00000000000000000000000000000006]
[1151/1733  0s] Csc Library/Bee/artifacts/1900b0aE.dag/Unity.AI.Generators.IO.dll (+2 others)
[1091/1733  0s] Csc Library/Bee/artifacts/1900b0aE.dag/Unity.VisualScripting.Core.Editor.dll (+2 others) [CacheHit fb5a425c8e4bc75eeeebe41e786cbe8e00000000000000000000000000000006]
[1153/1733  0s] Csc Library/Bee/artifacts/1900b0aE.dag/Unity.VisualScripting.Core.Editor.dll (+2 others)
[1092/1733  0s] Csc Library/Bee/artifacts/1900b0aE.dag/Unity.AI.Toolkit.GenerationObjectPicker.dll (+2 others) [CacheHit ffc719f20afc638f4060ae7d273579e700000000000000000000000000000006]
[1155/1733  0s] Csc Library/Bee/artifacts/1900b0aE.dag/Unity.AI.Toolkit.GenerationObjectPicker.dll (+2 others)
[1093/1733  0s] Csc Library/Bee/artifacts/1900b0aE.dag/Unity.AI.Toolkit.GenerationContextMenu.dll (+2 others) [CacheHit df5897ecedc92f4d3325eb797c41c21500000000000000000000000000000006]
[1157/1733  0s] Csc Library/Bee/artifacts/1900b0aE.dag/Unity.AI.Toolkit.GenerationContextMenu.dll (+2 others)
[1094/1733  0s] Csc Library/Bee/artifacts/1900b0aE.dag/Unity.2D.SpriteShape.Runtime.dll (+2 others) [CacheHit bfd723c0c5336566eb822e38bfb2858200000000000000000000000000000006]
[1159/1733  0s] Csc Library/Bee/artifacts/1900b0aE.dag/Unity.2D.SpriteShape.Runtime.dll (+2 others)
[1095/1733  0s] Csc Library/Bee/artifacts/1900b0aE.dag/Unity.AI.Assistant.Editor.dll (+2 others) [CacheHit 6a89bdd29bf5a6b7c2c36776cc7c56dd00000000000000000000000000000006]
[1161/1733  0s] Csc Library/Bee/artifacts/1900b0aE.dag/Unity.AI.Assistant.Editor.dll (+2 others)
[1099/1733  0s] Csc Library/Bee/artifacts/1900b0aE.dag/Unity.2D.Common.Editor.dll (+2 others) [CacheHit e315cc552847efa964905924846eeea600000000000000000000000000000006]
[1166/1733  0s] Csc Library/Bee/artifacts/1900b0aE.dag/Unity.2D.Common.Editor.dll (+2 others)
[1106/1733  0s] Csc Library/Bee/artifacts/1900b0aE.dag/Unity.PathTracing.Runtime.dll (+2 others) [CacheHit f7ff616c9ff4a08953d87b237f26914300000000000000000000000000000006]
[1174/1733  0s] Csc Library/Bee/artifacts/1900b0aE.dag/Unity.PathTracing.Runtime.dll (+2 others)
[1109/1733  0s] Csc Library/Bee/artifacts/1900b0aE.dag/Unity.RenderPipelines.GPUDriven.Runtime.dll (+2 others) [CacheHit 12676b4547f042ffef3eb6a2d82757aa00000000000000000000000000000006]
[1178/1733  0s] Csc Library/Bee/artifacts/1900b0aE.dag/Unity.RenderPipelines.GPUDriven.Runtime.dll (+2 others)
[1110/1733  0s] Csc Library/Bee/artifacts/1900b0aE.dag/Unity.AI.Generators.UI.AIDropdownIntegrations.dll (+2 others) [CacheHit 58bf4e83489b1f702bf84060461734a900000000000000000000000000000006]
[1180/1733  0s] Csc Library/Bee/artifacts/1900b0aE.dag/Unity.AI.Generators.UI.AIDropdownIntegrations.dll (+2 others)
[1114/1733  0s] Csc Library/Bee/artifacts/1900b0aE.dag/Unity.RenderPipelines.Core.Runtime.Shared.dll (+2 others) [CacheHit 2725fcedc846453831320ee63546c49400000000000000000000000000000006]
[1185/1733  0s] Csc Library/Bee/artifacts/1900b0aE.dag/Unity.RenderPipelines.Core.Runtime.Shared.dll (+2 others)
[1117/1733  0s] Csc Library/Bee/artifacts/1900b0aE.dag/Unity.2D.Triangulation.Runtime.dll (+2 others) [CacheHit ac0d0b1f9c281613f33ced2bdf85ac8000000000000000000000000000000006]
[1189/1733  0s] Csc Library/Bee/artifacts/1900b0aE.dag/Unity.2D.Triangulation.Runtime.dll (+2 others)
[1119/1733  0s] Csc Library/Bee/artifacts/1900b0aE.dag/Unity.RenderPipelines.Universal.Config.Runtime.dll (+2 others) [CacheHit 1f751dc0c36473b6a3d7b30be4d84c9300000000000000000000000000000006]
[1193/1733  0s] Csc Library/Bee/artifacts/1900b0aE.dag/Unity.RenderPipelines.Universal.Config.Runtime.dll (+2 others)
[1123/1733  0s] Csc Library/Bee/artifacts/1900b0aE.dag/Unity.RenderPipeline.Universal.ShaderLibrary.dll (+2 others) [CacheHit 2d00ab3dd3a3bc22022329fd751fd0fc00000000000000000000000000000006]
[1197/1733  0s] Csc Library/Bee/artifacts/1900b0aE.dag/Unity.RenderPipeline.Universal.ShaderLibrary.dll (+2 others)
[1160/1733  0s] Csc Library/Bee/artifacts/1900b0aE.dag/Unity.AI.Generators.UI.dll (+2 others) [CacheHit bfcdb42258db1470022199fd528a79bd00000000000000000000000000000006]
[1235/1733  0s] Csc Library/Bee/artifacts/1900b0aE.dag/Unity.AI.Generators.UI.dll (+2 others)
[1161/1733  0s] Csc Library/Bee/artifacts/1900b0aE.dag/Unity.VisualScripting.State.dll (+2 others) [CacheHit 852b72a1dee65d5f2b2ad8235117646b00000000000000000000000000000006]
[1237/1733  0s] Csc Library/Bee/artifacts/1900b0aE.dag/Unity.VisualScripting.State.dll (+2 others)
[1162/1733  0s] Csc Library/Bee/artifacts/1900b0aE.dag/Unity.InferenceEngine.Editor.Visualizer.dll (+2 others) [CacheHit 488e625411d5dbea6adbbc490c3915db00000000000000000000000000000006]
[1239/1733  0s] Csc Library/Bee/artifacts/1900b0aE.dag/Unity.InferenceEngine.Editor.Visualizer.dll (+2 others)
[1163/1733  0s] Csc Library/Bee/artifacts/1900b0aE.dag/Unity.AI.Generators.Sdk.dll (+2 others) [CacheHit c2b6dc9f1955bb11639fe2a94c69e4a700000000000000000000000000000006]
[1241/1733  0s] Csc Library/Bee/artifacts/1900b0aE.dag/Unity.AI.Generators.Sdk.dll (+2 others)
[1165/1733  0s] Csc Library/Bee/artifacts/1900b0aE.dag/Unity.VisualScripting.Flow.Editor.dll (+2 others) [CacheHit 2b4d8dce4141463a66ed0a66c725ceed00000000000000000000000000000006]
[1244/1733  0s] Csc Library/Bee/artifacts/1900b0aE.dag/Unity.VisualScripting.Flow.Editor.dll (+2 others)
[1166/1733  0s] Csc Library/Bee/artifacts/1900b0aE.dag/Unity.InferenceEngine.ONNX.Editor.dll (+2 others) [CacheHit 9f8aa4edd28f53be3af625ef4bc26c5c00000000000000000000000000000006]
[1246/1733  0s] Csc Library/Bee/artifacts/1900b0aE.dag/Unity.InferenceEngine.ONNX.Editor.dll (+2 others)
[1170/1733  0s] Csc Library/Bee/artifacts/1900b0aE.dag/Unity.RenderPipelines.ShaderGraph.ShaderGraphLibrary.dll (+2 others) [CacheHit 0a250412293d974da78f6f5f1594f41e00000000000000000000000000000006]
[1251/1733  0s] Csc Library/Bee/artifacts/1900b0aE.dag/Unity.RenderPipelines.ShaderGraph.ShaderGraphLibrary.dll (+2 others)
[1171/1733  0s] Csc Library/Bee/artifacts/1900b0aE.dag/PsdPlugin.dll (+2 others) [CacheHit e92ff44c2774e64a7b404bc9e1f2616900000000000000000000000000000006]
[1253/1733  0s] Csc Library/Bee/artifacts/1900b0aE.dag/PsdPlugin.dll (+2 others)
[1172/1733  0s] Csc Library/Bee/artifacts/1900b0aE.dag/Unity.SurfaceCache.Runtime.dll (+2 others) [CacheHit d9be4eb6b93773f0afe6e0557c01819700000000000000000000000000000006]
[1255/1733  0s] Csc Library/Bee/artifacts/1900b0aE.dag/Unity.SurfaceCache.Runtime.dll (+2 others)
[1173/1733  0s] Csc Library/Bee/artifacts/1900b0aE.dag/Unity.PathTracing.Editor.dll (+2 others) [CacheHit 81283231200681a524fd2c852a8fe7f500000000000000000000000000000006]
[1257/1733  0s] Csc Library/Bee/artifacts/1900b0aE.dag/Unity.PathTracing.Editor.dll (+2 others)
[1174/1733  0s] Csc Library/Bee/artifacts/1900b0aE.dag/Unity.InferenceEngine.Tokenization.dll (+2 others) [CacheHit 4f9996fcfd834586f7f55a3d665753ec00000000000000000000000000000006]
[1259/1733  0s] Csc Library/Bee/artifacts/1900b0aE.dag/Unity.InferenceEngine.Tokenization.dll (+2 others)
[1176/1733  0s] Csc Library/Bee/artifacts/1900b0aE.dag/Unity.InferenceEngine.MacBLAS.dll (+2 others) [CacheHit d5e45ed7b7d1e9e5d897d22a3753d5d400000000000000000000000000000006]
[1262/1733  0s] Csc Library/Bee/artifacts/1900b0aE.dag/Unity.InferenceEngine.MacBLAS.dll (+2 others)
[1179/1733  0s] Csc Library/Bee/artifacts/1900b0aE.dag/Unity.AppUI.MVVM.dll (+2 others) [CacheHit 38d799249049d4f527346ec47d074b6200000000000000000000000000000006]
[1266/1733  0s] Csc Library/Bee/artifacts/1900b0aE.dag/Unity.AppUI.MVVM.dll (+2 others)
[1181/1733  0s] Csc Library/Bee/artifacts/1900b0aE.dag/Unity.InferenceEngine.iOSBLAS.dll (+2 others) [CacheHit 1482ec55a2ec9f27f796f12971cfb53400000000000000000000000000000006]
[1269/1733  0s] Csc Library/Bee/artifacts/1900b0aE.dag/Unity.InferenceEngine.iOSBLAS.dll (+2 others)
[1184/1733  0s] Csc Library/Bee/artifacts/1900b0aE.dag/Unity.AI.Search.Editor.dll (+2 others) [CacheHit 9e0f9708336b40d23baa73131e27d3c800000000000000000000000000000006]
[1273/1733  0s] Csc Library/Bee/artifacts/1900b0aE.dag/Unity.AI.Search.Editor.dll (+2 others)
[1187/1733  0s] Csc Library/Bee/artifacts/1900b0aE.dag/Unity.AppUI.Undo.dll (+2 others) [CacheHit bc2fd845b49da8bf482a2fa37e9c133300000000000000000000000000000006]
[1277/1733  0s] Csc Library/Bee/artifacts/1900b0aE.dag/Unity.AppUI.Undo.dll (+2 others)
[1188/1733  0s] Csc Library/Bee/artifacts/1900b0aE.dag/Unity.RenderPipelines.Core.ShaderLibrary.dll (+2 others) [CacheHit a34e88c355f06b3ef8c3aa64c5689d5900000000000000000000000000000006]
[1279/1733  0s] Csc Library/Bee/artifacts/1900b0aE.dag/Unity.RenderPipelines.Core.ShaderLibrary.dll (+2 others)
[1189/1733  0s] Csc Library/Bee/artifacts/1900b0aE.dag/Unity.AI.ModelSelector.dll (+2 others) [CacheHit b5d0e72f5a51f9afff3f2861ba3b65b700000000000000000000000000000006]
[1281/1733  0s] Csc Library/Bee/artifacts/1900b0aE.dag/Unity.AI.ModelSelector.dll (+2 others)
[1192/1733  0s] Csc Library/Bee/artifacts/1900b0aE.dag/Unity.RenderPipelines.Universal.Shaders.dll (+2 others) [CacheHit d76f4aaacf30cb1d592a7426b1f7599500000000000000000000000000000006]
[1285/1733  0s] Csc Library/Bee/artifacts/1900b0aE.dag/Unity.RenderPipelines.Universal.Shaders.dll (+2 others)
[1193/1733  0s] Csc Library/Bee/artifacts/1900b0aE.dag/Unity.InputSystem.ForUI.dll (+2 others) [CacheHit 6476dc639117a1949f03025e4349b81200000000000000000000000000000006]
[1287/1733  0s] Csc Library/Bee/artifacts/1900b0aE.dag/Unity.InputSystem.ForUI.dll (+2 others)
[1200/1733  0s] Csc Library/Bee/artifacts/1900b0aE.dag/Unity.VisualScripting.DocCodeExamples.dll (+2 others) [CacheHit 4036d453d73c43fb88e02689a3a30a7e00000000000000000000000000000006]
[1295/1733  0s] Csc Library/Bee/artifacts/1900b0aE.dag/Unity.VisualScripting.DocCodeExamples.dll (+2 others)
[1201/1733  0s] Csc Library/Bee/artifacts/1900b0aE.dag/Unity.VisualScripting.SettingsProvider.Editor.dll (+2 others) [CacheHit cadad6b7e260268069d8debf94c567d100000000000000000000000000000006]
[1297/1733  0s] Csc Library/Bee/artifacts/1900b0aE.dag/Unity.VisualScripting.SettingsProvider.Editor.dll (+2 others)
[1202/1733  0s] Csc Library/Bee/artifacts/1900b0aE.dag/Unity.AppUI.Navigation.Editor.dll (+2 others) [CacheHit 45050d25889015ff33af42662e14278800000000000000000000000000000006]
[1299/1733  0s] Csc Library/Bee/artifacts/1900b0aE.dag/Unity.AppUI.Navigation.Editor.dll (+2 others)
[1203/1733  0s] Csc Library/Bee/artifacts/1900b0aE.dag/Unity.VisualScripting.State.Editor.dll (+2 others) [CacheHit 0c1ec42b41644409fd3c1f1a3d60a47500000000000000000000000000000006]
[1301/1733  0s] Csc Library/Bee/artifacts/1900b0aE.dag/Unity.VisualScripting.State.Editor.dll (+2 others)
[1204/1733  0s] Csc Library/Bee/artifacts/1900b0aE.dag/Unity.Timeline.Editor.dll (+2 others) [CacheHit 21b6c863547beb39fe26c28c40edb7c400000000000000000000000000000006]
[1303/1733  0s] Csc Library/Bee/artifacts/1900b0aE.dag/Unity.Timeline.Editor.dll (+2 others)
[1205/1733  0s] Csc Library/Bee/artifacts/1900b0aE.dag/Unity.PlasticSCM.Editor.Entities.dll (+2 others) [CacheHit d43e238de2a5f394a6860dd4892afcab00000000000000000000000000000006]
[1305/1733  0s] Csc Library/Bee/artifacts/1900b0aE.dag/Unity.PlasticSCM.Editor.Entities.dll (+2 others)
[1206/1733  0s] Csc Library/Bee/artifacts/1900b0aE.dag/Unity.CollabProxy.Editor.dll (+2 others) [CacheHit 31dd80f44862471f011877735de4ed3900000000000000000000000000000006]
[1307/1733  0s] Csc Library/Bee/artifacts/1900b0aE.dag/Unity.CollabProxy.Editor.dll (+2 others)
[1207/1733  0s] Csc Library/Bee/artifacts/1900b0aE.dag/Unity.InputSystem.DocCodeSamples.dll (+2 others) [CacheHit 78ab8e5258c069da0718366b348d022100000000000000000000000000000006]
[1309/1733  0s] Csc Library/Bee/artifacts/1900b0aE.dag/Unity.InputSystem.DocCodeSamples.dll (+2 others)
[1208/1733  0s] Csc Library/Bee/artifacts/1900b0aE.dag/Unity.2D.SpriteShape.Editor.dll (+2 others) [CacheHit c367389d176f5f047ea7c70d1796900000000000000000000000000000000006]
[1311/1733  0s] Csc Library/Bee/artifacts/1900b0aE.dag/Unity.2D.SpriteShape.Editor.dll (+2 others)
[1209/1733  0s] Csc Library/Bee/artifacts/1900b0aE.dag/Unity.AI.Assistant.Tools.Editor.dll (+2 others) [CacheHit d49d14c19e05d97f5bf45ffa53b5a48400000000000000000000000000000006]
[1313/1733  0s] Csc Library/Bee/artifacts/1900b0aE.dag/Unity.AI.Assistant.Tools.Editor.dll (+2 others)
[1210/1733  0s] Csc Library/Bee/artifacts/1900b0aE.dag/Unity.RenderPipelines.Core.Editor.dll (+2 others) [CacheHit 42f739be6be0d9169ec289991d0a44b300000000000000000000000000000006]
[1315/1733  0s] Csc Library/Bee/artifacts/1900b0aE.dag/Unity.RenderPipelines.Core.Editor.dll (+2 others)
[1211/1733  0s] Csc Library/Bee/artifacts/1900b0aE.dag/Unity.RenderPipelines.Universal.Runtime.dll (+2 others) [CacheHit f6df548c9529774048bb73c09e1cdad700000000000000000000000000000006]
[1317/1733  0s] Csc Library/Bee/artifacts/1900b0aE.dag/Unity.RenderPipelines.Universal.Runtime.dll (+2 others)
[1214/1733  0s] Csc Library/Bee/artifacts/1900b0aE.dag/Unity.PlasticSCM.Editor.Assistant.dll (+2 others) [CacheHit 6e32826b35a670735ca103c9aee9c22000000000000000000000000000000006]
[1321/1733  0s] Csc Library/Bee/artifacts/1900b0aE.dag/Unity.PlasticSCM.Editor.Assistant.dll (+2 others)
[1215/1733  0s] Csc Library/Bee/artifacts/1900b0aE.dag/Unity.AI.Image.dll (+2 others) [CacheHit cb03fb9ba35b02349a6068c5c26b0d8d00000000000000000000000000000006]
[1323/1733  0s] Csc Library/Bee/artifacts/1900b0aE.dag/Unity.AI.Image.dll (+2 others)
[1216/1733  0s] Csc Library/Bee/artifacts/1900b0aE.dag/Unity.AI.Sound.dll (+2 others) [CacheHit 24652f31b155f1641d4692dfb89d693b00000000000000000000000000000006]
[1326/1733  0s] Csc Library/Bee/artifacts/1900b0aE.dag/Unity.AI.Sound.dll (+2 others)
[1222/1733  0s] Csc Library/Bee/artifacts/1900b0aE.dag/Unity.Multiplayer.Center.Editor.dll (+2 others) [CacheHit 053efff150aa0f6daf809db526ed610600000000000000000000000000000006]
[1332/1733  0s] Csc Library/Bee/artifacts/1900b0aE.dag/Unity.Multiplayer.Center.Editor.dll (+2 others)
[1223/1733  0s] Csc Library/Bee/artifacts/1900b0aE.dag/Unity.AI.Mesh.dll (+2 others) [CacheHit d159ee7ce22b9d7bb4c7a414d0a7006d00000000000000000000000000000006]
[1334/1733  0s] Csc Library/Bee/artifacts/1900b0aE.dag/Unity.AI.Mesh.dll (+2 others)
[1226/1733  0s] Csc Library/Bee/artifacts/1900b0aE.dag/Unity.AI.Pbr.dll (+2 others) [CacheHit 1d6cd944446d0abb5c6da68a7a7204d100000000000000000000000000000006]
[1338/1733  0s] Csc Library/Bee/artifacts/1900b0aE.dag/Unity.AI.Pbr.dll (+2 others)
[1227/1733  0s] Csc Library/Bee/artifacts/1900b0aE.dag/Unity.TextMeshPro.Editor.dll (+2 others) [CacheHit 71e591782f78ff8322ae652b555bac4600000000000000000000000000000006]
[1340/1733  0s] Csc Library/Bee/artifacts/1900b0aE.dag/Unity.TextMeshPro.Editor.dll (+2 others)
[1228/1733  0s] Csc Library/Bee/artifacts/1900b0aE.dag/Unity.AI.Animate.dll (+2 others) [CacheHit 284aa0e3744d7b6c1290a822d237ea1b00000000000000000000000000000006]
[1342/1733  0s] Csc Library/Bee/artifacts/1900b0aE.dag/Unity.AI.Animate.dll (+2 others)
[1348/1733  0s] MovedFromExtractor Library/Bee/artifacts/mvdfrm/Unity.InferenceEngine.Editor.Visualizer.ref.dll_DF84C9EF207349E4.mvfrm
[1234/1733  0s] Csc Library/Bee/artifacts/1900b0aE.dag/Unity.PerformanceTesting.Editor.dll (+2 others) [CacheHit 35dbfdfa712af54a20dc6229d76ccc0c00000000000000000000000000000006]
[1349/1733  0s] Csc Library/Bee/artifacts/1900b0aE.dag/Unity.PerformanceTesting.Editor.dll (+2 others)
[1235/1733  0s] Csc Library/Bee/artifacts/1900b0aE.dag/Unity.2D.Tilemap.Extras.Editor.dll (+2 others) [CacheHit 87e1aba6ad17cae86a677da45187a6e900000000000000000000000000000006]
[1351/1733  0s] Csc Library/Bee/artifacts/1900b0aE.dag/Unity.2D.Tilemap.Extras.Editor.dll (+2 others)
[1236/1733  0s] Csc Library/Bee/artifacts/1900b0aE.dag/Unity.VisualScripting.Shared.Editor.dll (+2 others) [CacheHit ded006b235dc2572d559d0e83afb5a6c00000000000000000000000000000006]
[1353/1733  0s] Csc Library/Bee/artifacts/1900b0aE.dag/Unity.VisualScripting.Shared.Editor.dll (+2 others)
[1243/1733  0s] Csc Library/Bee/artifacts/1900b0aE.dag/Unity.RenderPipelines.Core.Editor.Shared.dll (+2 others) [CacheHit eaa0d53344b2864cd98ab35aa338052d00000000000000000000000000000006]
[1361/1733  0s] Csc Library/Bee/artifacts/1900b0aE.dag/Unity.RenderPipelines.Core.Editor.Shared.dll (+2 others)
[1244/1733  0s] Csc Library/Bee/artifacts/1900b0aE.dag/ScriptablePacker.dll (+2 others) [CacheHit 4d77f2a4770e0f383fba3ed0241a669700000000000000000000000000000006]
[1363/1733  0s] Csc Library/Bee/artifacts/1900b0aE.dag/ScriptablePacker.dll (+2 others)
[1245/1733  0s] Csc Library/Bee/artifacts/1900b0aE.dag/Unity.ShaderGraph.Editor.dll (+2 others) [CacheHit 0294bec2c4b0e54404f701adda95d4d600000000000000000000000000000006]
[1365/1733  0s] Csc Library/Bee/artifacts/1900b0aE.dag/Unity.ShaderGraph.Editor.dll (+2 others)
[1246/1733  0s] Csc Library/Bee/artifacts/1900b0aE.dag/Unity.AI.Assistant.UI.Editor.dll (+2 others) [CacheHit 6652d003b9397d9a84a59cd8cc56beb300000000000000000000000000000006]
[1367/1733  0s] Csc Library/Bee/artifacts/1900b0aE.dag/Unity.AI.Assistant.UI.Editor.dll (+2 others)
[1247/1733  0s] Csc Library/Bee/artifacts/1900b0aE.dag/Unity.2D.Animation.Runtime.dll (+2 others) [CacheHit 10a6a77840316e2e4830621348e974d300000000000000000000000000000006]
[1369/1733  0s] Csc Library/Bee/artifacts/1900b0aE.dag/Unity.2D.Animation.Runtime.dll (+2 others)
[1374/1733  0s] CopyFiles Library/ScriptAssemblies/Unity.Collections.CodeGen.pdb
[1257/1733  0s] Csc Library/Bee/artifacts/1900b0aE.dag/Unity.Collections.Editor.dll (+2 others) [CacheHit a5664f79d0535c5fef74428d4e0f677700000000000000000000000000000006]
[1380/1733  0s] Csc Library/Bee/artifacts/1900b0aE.dag/Unity.Collections.Editor.dll (+2 others)
[1258/1733  0s] Csc Library/Bee/artifacts/1900b0aE.dag/UnityEditor.UI.Analytics.dll (+2 others) [CacheHit 59cafcef600fc9b5853cc91f09b4f29d00000000000000000000000000000006]
[1382/1733  0s] Csc Library/Bee/artifacts/1900b0aE.dag/UnityEditor.UI.Analytics.dll (+2 others)
[1384/1733  0s] CopyFiles Library/ScriptAssemblies/Unity.Burst.CodeGen.dll
[1260/1733  0s] Csc Library/Bee/artifacts/1900b0aE.dag/Unity.VSCode.Editor.dll (+2 others) [CacheHit b988921e2adcc6d70ea829ed8c87db8100000000000000000000000000000006]
[1385/1733  0s] Csc Library/Bee/artifacts/1900b0aE.dag/Unity.VSCode.Editor.dll (+2 others)
[1387/1733  0s] CopyFiles Library/ScriptAssemblies/Unity.Burst.CodeGen.pdb
[1262/1733  0s] Csc Library/Bee/artifacts/1900b0aE.dag/Unity.VisualStudio.Editor.dll (+2 others) [CacheHit 5c2f6f72ba5ea8ebd6b12c8d1b0f7be200000000000000000000000000000006]
[1388/1733  0s] Csc Library/Bee/artifacts/1900b0aE.dag/Unity.VisualStudio.Editor.dll (+2 others)
[1390/1733  0s] CopyFiles Library/ScriptAssemblies/Unity.VSCode.Editor.pdb
[1264/1733  0s] Csc Library/Bee/artifacts/1900b0aE.dag/Unity.AppUI.Redux.Editor.dll (+2 others) [CacheHit 9f9f90e6505156a3dac84637e209c5c700000000000000000000000000000006]
[1391/1733  0s] Csc Library/Bee/artifacts/1900b0aE.dag/Unity.AppUI.Redux.Editor.dll (+2 others)
[1265/1733  0s] Csc Library/Bee/artifacts/1900b0aE.dag/Unity.2D.Tooling.Editor.dll (+2 others) [CacheHit d9f64efe32128c390050dc29bd8ccf2000000000000000000000000000000006]
[1393/1733  0s] Csc Library/Bee/artifacts/1900b0aE.dag/Unity.2D.Tooling.Editor.dll (+2 others)
[1266/1733  0s] Csc Library/Bee/artifacts/1900b0aE.dag/Unity.Rider.Editor.dll (+2 others) [CacheHit 13ce3fcd99c3f9d256965a079f6ac6e600000000000000000000000000000006]
[1395/1733  0s] Csc Library/Bee/artifacts/1900b0aE.dag/Unity.Rider.Editor.dll (+2 others)
[1397/1733  0s] CopyFiles Library/ScriptAssemblies/Unity.VisualStudio.Editor.pdb
[1268/1733  0s] Csc Library/Bee/artifacts/1900b0aE.dag/Unity.AI.Generators.Tools.dll (+2 others) [CacheHit 06d4fc07183ffa7d5f2a841ca03fa78000000000000000000000000000000006]
[1398/1733  0s] Csc Library/Bee/artifacts/1900b0aE.dag/Unity.AI.Generators.Tools.dll (+2 others)
[1269/1733  0s] Csc Library/Bee/artifacts/1900b0aE.dag/Unity.Rendering.LightTransport.Editor.dll (+2 others) [CacheHit 20289f2d07374072b249c481d6a2729a00000000000000000000000000000006]
[1400/1733  0s] Csc Library/Bee/artifacts/1900b0aE.dag/Unity.Rendering.LightTransport.Editor.dll (+2 others)
[1402/1733  0s] CopyFiles Library/ScriptAssemblies/Unity.Rider.Editor.pdb
[1271/1733  0s] Csc Library/Bee/artifacts/1900b0aE.dag/Unity.RenderPipelines.Universal.2D.Runtime.dll (+2 others) [CacheHit fdd975515e69f4d14fef47f77cf5703400000000000000000000000000000006]
[1403/1733  0s] Csc Library/Bee/artifacts/1900b0aE.dag/Unity.RenderPipelines.Universal.2D.Runtime.dll (+2 others)
[1272/1733  0s] Csc Library/Bee/artifacts/1900b0aE.dag/Unity.2D.IK.Runtime.dll (+2 others) [CacheHit f75f170fb6328eaaed86657426200b3300000000000000000000000000000006]
[1405/1733  0s] Csc Library/Bee/artifacts/1900b0aE.dag/Unity.2D.IK.Runtime.dll (+2 others)
[1273/1733  0s] Csc Library/Bee/artifacts/1900b0aE.dag/Unity.2D.Animation.Editor.dll (+2 others) [CacheHit 23b5d7e8647547dff86209902f62a69100000000000000000000000000000006]
[1407/1733  0s] Csc Library/Bee/artifacts/1900b0aE.dag/Unity.2D.Animation.Editor.dll (+2 others)
[1274/1733  0s] Csc Library/Bee/artifacts/1900b0aE.dag/Unity.AI.Assistant.API.Editor.dll (+2 others) [CacheHit 5f59fa34223d1b5dbc9ac15fb9ae996900000000000000000000000000000006]
[1409/1733  0s] Csc Library/Bee/artifacts/1900b0aE.dag/Unity.AI.Assistant.API.Editor.dll (+2 others)
[1413/1733  0s] CopyFiles Library/ScriptAssemblies/Unity.Collections.CodeGen.dll
[1289/1733  0s] Csc Library/Bee/artifacts/1900b0aE.dag/Unity.AI.Assistant.AssetGenerators.Editor.dll (+2 others) [CacheHit feed7f864d2171671693cf1cceb6aa8f00000000000000000000000000000006]
[1425/1733  0s] Csc Library/Bee/artifacts/1900b0aE.dag/Unity.AI.Assistant.AssetGenerators.Editor.dll (+2 others)
[1427/1733  0s] CopyFiles Library/ScriptAssemblies/Unity.VisualStudio.Editor.dll
[1428/1733  0s] MovedFromExtractor-Combine Library/Bee/artifacts/1900b0aE.dag/Unity.InferenceEngine.Editor.dll.mvfrm
[1291/1733  0s] Csc Library/Bee/artifacts/1900b0aE.dag/Unity.2D.Aseprite.Editor.dll (+2 others) [CacheHit 9d5fb8321cbf562993247ba276c4e5af00000000000000000000000000000006]
[1429/1733  0s] Csc Library/Bee/artifacts/1900b0aE.dag/Unity.2D.Aseprite.Editor.dll (+2 others)
[1295/1733  0s] Csc Library/Bee/artifacts/1900b0aE.dag/Unity.AI.Assistant.Integrations.Profiler.Editor.dll (+2 others) [CacheHit 29cf90f83261b238a31e85c32be3e67400000000000000000000000000000006]
[1433/1733  0s] Csc Library/Bee/artifacts/1900b0aE.dag/Unity.AI.Assistant.Integrations.Profiler.Editor.dll (+2 others)
[1296/1733  0s] Csc Library/Bee/artifacts/1900b0aE.dag/Unity.RenderPipelines.Universal.2D.Editor.Overrides.dll (+2 others) [CacheHit 3d04db471ef93df20642e14f46a9263b00000000000000000000000000000006]
[1435/1733  0s] Csc Library/Bee/artifacts/1900b0aE.dag/Unity.RenderPipelines.Universal.2D.Editor.Overrides.dll (+2 others)
[1297/1733  0s] Csc Library/Bee/artifacts/1900b0aE.dag/Unity.RenderPipelines.Universal.Editor.dll (+2 others) [CacheHit a0f6f1c25fa9bcca6dd09daf5847555b00000000000000000000000000000006]
[1437/1733  0s] Csc Library/Bee/artifacts/1900b0aE.dag/Unity.RenderPipelines.Universal.Editor.dll (+2 others)
[1298/1733  0s] Csc Library/Bee/artifacts/1900b0aE.dag/Unity.2D.IK.Editor.dll (+2 others) [CacheHit 6a5f4b29cfdff1859cdf37e7df62b13400000000000000000000000000000006]
[1439/1733  0s] Csc Library/Bee/artifacts/1900b0aE.dag/Unity.2D.IK.Editor.dll (+2 others)
[1299/1733  0s] Csc Library/Bee/artifacts/1900b0aE.dag/Unity.2D.Psdimporter.Editor.dll (+2 others) [CacheHit 08a75ca14f4792fef5b614652a9a7a8900000000000000000000000000000006]
[1441/1733  0s] Csc Library/Bee/artifacts/1900b0aE.dag/Unity.2D.Psdimporter.Editor.dll (+2 others)
[1300/1733  0s] Csc Library/Bee/artifacts/1900b0aE.dag/Unity.InferenceEngine.Editor.dll (+2 others) [CacheHit b56ec64b8b9c1cd4d1e03f36761247cf00000000000000000000000000000006]
[1443/1733  0s] Csc Library/Bee/artifacts/1900b0aE.dag/Unity.InferenceEngine.Editor.dll (+2 others)
[1445/1733  0s] CopyFiles Library/ScriptAssemblies/Unity.VSCode.Editor.dll
[1302/1733  0s] Csc Library/Bee/artifacts/1900b0aE.dag/Unity.AI.MCP.Editor.dll (+2 others) [CacheHit fa6dabd7abb9030bed2f41f80eecc26600000000000000000000000000000006]
[1446/1733  0s] Csc Library/Bee/artifacts/1900b0aE.dag/Unity.AI.MCP.Editor.dll (+2 others)
[1448/1733  0s] CopyFiles Library/ScriptAssemblies/Unity.Rider.Editor.dll
[1449/1733  0s] ILPP-Configuration Library/ilpp-configuration.nevergeneratedoutput
[1450/1733  0s] Csc Library/Bee/artifacts/1900b0aE.dag/NaManMoo.Runtime.dll (+2 others)
Assets\Scripts\Dungeon\DungeonRunner.cs(285,26): warning CS0618: 'FindObjectsSortMode' is obsolete: 'FindObjectsSortMode has been deprecated. Use the FindObjectsByType overloads that do not take a FindObjectsSortMode parameter.'

Assets\Scripts\Dungeon\DungeonRunner.cs(283,38): warning CS0618: 'Object.FindObjectsByType<T>(FindObjectsInactive, FindObjectsSortMode)' is obsolete: 'FindObjectsByType with FindObjectsSortMode parameter has been deprecated. Use FindObjectsByType<T>() or FindObjectsByType<T>(FindObjectsInactive) instead. InstanceID will be replaced in the future with EntityId and previous sort order cannot be maintained.'
[1451/1733  0s] ILPostProcess Library/Bee/artifacts/1900b0aE.dag/post-processed/Unity.InternalAPIEngineBridge.001.dll (+pdb)
Processing assembly Library/Bee/artifacts/1900b0aE.dag/Unity.InternalAPIEngineBridge.001.dll, with 144 defines and 298 references

processors: Unity.Jobs.CodeGen.JobsILPostProcessor, zzzUnity.Burst.CodeGen.BurstILPostProcessor

running Unity.Jobs.CodeGen.JobsILPostProcessor

running zzzUnity.Burst.CodeGen.BurstILPostProcessor
[1452/1733  0s] ILPostProcess Library/Bee/artifacts/1900b0aE.dag/post-processed/UnityEngine.UI.dll (+pdb)
Processing assembly Library/Bee/artifacts/1900b0aE.dag/UnityEngine.UI.dll, with 150 defines and 296 references

processors: Unity.Jobs.CodeGen.JobsILPostProcessor, zzzUnity.Burst.CodeGen.BurstILPostProcessor

running Unity.Jobs.CodeGen.JobsILPostProcessor

running zzzUnity.Burst.CodeGen.BurstILPostProcessor
[1453/1733  0s] ILPostProcess Library/Bee/artifacts/1900b0aE.dag/post-processed/Unity.InferenceEngine.iOSBLAS.dll (+pdb)
Processing assembly Library/Bee/artifacts/1900b0aE.dag/Unity.InferenceEngine.iOSBLAS.dll, with 144 defines and 299 references

processors: Unity.Jobs.CodeGen.JobsILPostProcessor, zzzUnity.Burst.CodeGen.BurstILPostProcessor

running Unity.Jobs.CodeGen.JobsILPostProcessor

running zzzUnity.Burst.CodeGen.BurstILPostProcessor
[1454/1733  0s] ILPostProcess Library/Bee/artifacts/1900b0aE.dag/post-processed/Unity.InferenceEngine.Tokenization.dll (+pdb)
Processing assembly Library/Bee/artifacts/1900b0aE.dag/Unity.InferenceEngine.Tokenization.dll, with 144 defines and 283 references

processors: Unity.Jobs.CodeGen.JobsILPostProcessor, zzzUnity.Burst.CodeGen.BurstILPostProcessor

running Unity.Jobs.CodeGen.JobsILPostProcessor

running zzzUnity.Burst.CodeGen.BurstILPostProcessor
[1455/1733  0s] ILPostProcess Library/Bee/artifacts/1900b0aE.dag/post-processed/Unity.InferenceEngine.MacBLAS.dll (+pdb)
Processing assembly Library/Bee/artifacts/1900b0aE.dag/Unity.InferenceEngine.MacBLAS.dll, with 144 defines and 299 references

processors: Unity.Jobs.CodeGen.JobsILPostProcessor, zzzUnity.Burst.CodeGen.BurstILPostProcessor

running Unity.Jobs.CodeGen.JobsILPostProcessor

running zzzUnity.Burst.CodeGen.BurstILPostProcessor
[1456/1733  0s] ILPostProcess Library/Bee/artifacts/1900b0aE.dag/post-processed/Unity.TextMeshPro.dll (+pdb)
Processing assembly Library/Bee/artifacts/1900b0aE.dag/Unity.TextMeshPro.dll, with 145 defines and 299 references

processors: Unity.Jobs.CodeGen.JobsILPostProcessor, zzzUnity.Burst.CodeGen.BurstILPostProcessor

running Unity.Jobs.CodeGen.JobsILPostProcessor

running zzzUnity.Burst.CodeGen.BurstILPostProcessor
[1457/1733  0s] ILPostProcess Library/Bee/artifacts/1900b0aE.dag/post-processed/Unity.VisualScripting.Core.dll (+pdb)
Processing assembly Library/Bee/artifacts/1900b0aE.dag/Unity.VisualScripting.Core.dll, with 149 defines and 299 references

processors: Unity.Jobs.CodeGen.JobsILPostProcessor, zzzUnity.Burst.CodeGen.BurstILPostProcessor

running Unity.Jobs.CodeGen.JobsILPostProcessor

running zzzUnity.Burst.CodeGen.BurstILPostProcessor
[1458/1733  0s] ILPostProcess Library/Bee/artifacts/1900b0aE.dag/post-processed/Unity.InputSystem.ForUI.dll (+pdb)
Processing assembly Library/Bee/artifacts/1900b0aE.dag/Unity.InputSystem.ForUI.dll, with 144 defines and 299 references

processors: Unity.Jobs.CodeGen.JobsILPostProcessor, zzzUnity.Burst.CodeGen.BurstILPostProcessor

running Unity.Jobs.CodeGen.JobsILPostProcessor

running zzzUnity.Burst.CodeGen.BurstILPostProcessor
[1459/1733  0s] ILPostProcess Library/Bee/artifacts/1900b0aE.dag/post-processed/Unity.AppUI.MVVM.dll (+pdb)
Processing assembly Library/Bee/artifacts/1900b0aE.dag/Unity.AppUI.MVVM.dll, with 145 defines and 286 references

processors: Unity.Jobs.CodeGen.JobsILPostProcessor, zzzUnity.Burst.CodeGen.BurstILPostProcessor

running Unity.Jobs.CodeGen.JobsILPostProcessor

running zzzUnity.Burst.CodeGen.BurstILPostProcessor
[1460/1733  0s] ILPostProcess Library/Bee/artifacts/1900b0aE.dag/post-processed/Unity.AppUI.Navigation.dll (+pdb)
Processing assembly Library/Bee/artifacts/1900b0aE.dag/Unity.AppUI.Navigation.dll, with 146 defines and 286 references

processors: Unity.Jobs.CodeGen.JobsILPostProcessor, zzzUnity.Burst.CodeGen.BurstILPostProcessor

running Unity.Jobs.CodeGen.JobsILPostProcessor

running zzzUnity.Burst.CodeGen.BurstILPostProcessor
[1461/1733  0s] ILPostProcess Library/Bee/artifacts/1900b0aE.dag/post-processed/Unity.RenderPipelines.Universal.Config.Runtime.dll (+pdb)
Processing assembly Library/Bee/artifacts/1900b0aE.dag/Unity.RenderPipelines.Universal.Config.Runtime.dll, with 144 defines and 299 references

processors: Unity.Jobs.CodeGen.JobsILPostProcessor, zzzUnity.Burst.CodeGen.BurstILPostProcessor

running Unity.Jobs.CodeGen.JobsILPostProcessor

running zzzUnity.Burst.CodeGen.BurstILPostProcessor
[1462/1733  0s] ILPostProcess Library/Bee/artifacts/1900b0aE.dag/post-processed/Unity.SurfaceCache.Runtime.dll (+pdb)
Processing assembly Library/Bee/artifacts/1900b0aE.dag/Unity.SurfaceCache.Runtime.dll, with 144 defines and 302 references

processors: Unity.Jobs.CodeGen.JobsILPostProcessor, zzzUnity.Burst.CodeGen.BurstILPostProcessor

running Unity.Jobs.CodeGen.JobsILPostProcessor

running zzzUnity.Burst.CodeGen.BurstILPostProcessor
[1463/1733  0s] ILPostProcess Library/Bee/artifacts/1900b0aE.dag/post-processed/Unity.RenderPipeline.Universal.ShaderLibrary.dll (+pdb)
Processing assembly Library/Bee/artifacts/1900b0aE.dag/Unity.RenderPipeline.Universal.ShaderLibrary.dll, with 144 defines and 299 references

processors: Unity.Jobs.CodeGen.JobsILPostProcessor, zzzUnity.Burst.CodeGen.BurstILPostProcessor

running Unity.Jobs.CodeGen.JobsILPostProcessor

running zzzUnity.Burst.CodeGen.BurstILPostProcessor
[1464/1733  0s] Csc Library/Bee/artifacts/1900b0aE.dag/NaManMoo.Editor.dll (+2 others)
[1465/1733  0s] Csc Library/Bee/artifacts/1900b0aE.dag/NaManMoo.PlayModeTests.dll (+2 others)
Assets\Tests\PlayMode\DungeonScenePlayModeTests.cs(31,22): warning CS0618: 'Object.FindFirstObjectByType<T>()' is obsolete: 'FindFirstObjectByType has been deprecated because it relies on instance ID ordering. Use FindAnyObjectByType instead, which does not depend on ordering.'

Assets\Tests\PlayMode\DungeonBossPlayModeTests.cs(42,26): warning CS0618: 'Object.FindFirstObjectByType<T>()' is obsolete: 'FindFirstObjectByType has been deprecated because it relies on instance ID ordering. Use FindAnyObjectByType instead, which does not depend on ordering.'

Assets\Tests\PlayMode\DungeonBossRoomHarness.cs(142,77): warning CS0618: 'FindObjectsSortMode' is obsolete: 'FindObjectsSortMode has been deprecated. Use the FindObjectsByType overloads that do not take a FindObjectsSortMode parameter.'

Assets\Tests\PlayMode\DungeonBossRoomHarness.cs(142,39): warning CS0618: 'Object.FindObjectsByType<T>(FindObjectsSortMode)' is obsolete: 'FindObjectsByType with FindObjectsSortMode parameter has been deprecated. Use FindObjectsByType<T>() or FindObjectsByType<T>(FindObjectsInactive) instead. InstanceID will be replaced in the future with EntityId and previous sort order cannot be maintained.'

Assets\Tests\PlayMode\DungeonScenePlayModeTests.cs(74,83): warning CS0618: 'FindObjectsSortMode' is obsolete: 'FindObjectsSortMode has been deprecated. Use the FindObjectsByType overloads that do not take a FindObjectsSortMode parameter.'

Assets\Tests\PlayMode\DungeonScenePlayModeTests.cs(74,42): warning CS0618: 'Object.FindObjectsByType<T>(FindObjectsSortMode)' is obsolete: 'FindObjectsByType with FindObjectsSortMode parameter has been deprecated. Use FindObjectsByType<T>() or FindObjectsByType<T>(FindObjectsInactive) instead. InstanceID will be replaced in the future with EntityId and previous sort order cannot be maintained.'

Assets\Tests\PlayMode\DungeonBossPlayModeTests.cs(83,26): warning CS0618: 'Object.FindFirstObjectByType<T>()' is obsolete: 'FindFirstObjectByType has been deprecated because it relies on instance ID ordering. Use FindAnyObjectByType instead, which does not depend on ordering.'

Assets\Tests\PlayMode\DungeonBossPlayModeTests.cs(123,21): warning CS0618: 'Object.FindFirstObjectByType<T>()' is obsolete: 'FindFirstObjectByType has been deprecated because it relies on instance ID ordering. Use FindAnyObjectByType instead, which does not depend on ordering.'

Assets\Tests\PlayMode\DungeonBossPlayModeTests.cs(125,21): warning CS0618: 'Object.FindFirstObjectByType<T>()' is obsolete: 'FindFirstObjectByType has been deprecated because it relies on instance ID ordering. Use FindAnyObjectByType instead, which does not depend on ordering.'

Assets\Tests\PlayMode\DungeonScenePlayModeTests.cs(94,22): warning CS0618: 'Object.FindFirstObjectByType<T>()' is obsolete: 'FindFirstObjectByType has been deprecated because it relies on instance ID ordering. Use FindAnyObjectByType instead, which does not depend on ordering.'

Assets\Tests\PlayMode\DungeonScenePlayModeTests.cs(95,25): warning CS0618: 'Object.FindFirstObjectByType<T>()' is obsolete: 'FindFirstObjectByType has been deprecated because it relies on instance ID ordering. Use FindAnyObjectByType instead, which does not depend on ordering.'

Assets\Tests\PlayMode\DungeonScenePlayModeTests.cs(122,51): warning CS0618: 'FindObjectsSortMode' is obsolete: 'FindObjectsSortMode has been deprecated. Use the FindObjectsByType overloads that do not take a FindObjectsSortMode parameter.'

Assets\Tests\PlayMode\DungeonScenePlayModeTests.cs(122,13): warning CS0618: 'Object.FindObjectsByType<T>(FindObjectsSortMode)' is obsolete: 'FindObjectsByType with FindObjectsSortMode parameter has been deprecated. Use FindObjectsByType<T>() or FindObjectsByType<T>(FindObjectsInactive) instead. InstanceID will be replaced in the future with EntityId and previous sort order cannot be maintained.'

Assets\Tests\PlayMode\DungeonScenePlayModeTests.cs(133,20): warning CS0618: 'Object.FindFirstObjectByType<T>()' is obsolete: 'FindFirstObjectByType has been deprecated because it relies on instance ID ordering. Use FindAnyObjectByType instead, which does not depend on ordering.'

Assets\Tests\PlayMode\DungeonScenePlayModeTests.cs(154,22): warning CS0618: 'Object.FindFirstObjectByType<T>()' is obsolete: 'FindFirstObjectByType has been deprecated because it relies on instance ID ordering. Use FindAnyObjectByType instead, which does not depend on ordering.'

Assets\Tests\PlayMode\DungeonScenePlayModeTests.cs(204,21): warning CS0618: 'Object.FindFirstObjectByType<T>()' is obsolete: 'FindFirstObjectByType has been deprecated because it relies on instance ID ordering. Use FindAnyObjectByType instead, which does not depend on ordering.'

Assets\Tests\PlayMode\DungeonScenePlayModeTests.cs(207,22): warning CS0618: 'Object.FindFirstObjectByType<T>()' is obsolete: 'FindFirstObjectByType has been deprecated because it relies on instance ID ordering. Use FindAnyObjectByType instead, which does not depend on ordering.'

Assets\Tests\PlayMode\DungeonScenePlayModeTests.cs(259,76): warning CS0618: 'FindObjectsSortMode' is obsolete: 'FindObjectsSortMode has been deprecated. Use the FindObjectsByType overloads that do not take a FindObjectsSortMode parameter.'

Assets\Tests\PlayMode\DungeonScenePlayModeTests.cs(259,38): warning CS0618: 'Object.FindObjectsByType<T>(FindObjectsSortMode)' is obsolete: 'FindObjectsByType with FindObjectsSortMode parameter has been deprecated. Use FindObjectsByType<T>() or FindObjectsByType<T>(FindObjectsInactive) instead. InstanceID will be replaced in the future with EntityId and previous sort order cannot be maintained.'

Assets\Tests\PlayMode\DungeonRunnerPlayModeTests.cs(478,13): warning CS0618: 'FindObjectsSortMode' is obsolete: 'FindObjectsSortMode has been deprecated. Use the FindObjectsByType overloads that do not take a FindObjectsSortMode parameter.'

Assets\Tests\PlayMode\DungeonRunnerPlayModeTests.cs(476,16): warning CS0618: 'Object.FindObjectsByType<T>(FindObjectsInactive, FindObjectsSortMode)' is obsolete: 'FindObjectsByType with FindObjectsSortMode parameter has been deprecated. Use FindObjectsByType<T>() or FindObjectsByType<T>(FindObjectsInactive) instead. InstanceID will be replaced in the future with EntityId and previous sort order cannot be maintained.'
[1466/1733  0s] ILPostProcess Library/Bee/artifacts/1900b0aE.dag/post-processed/Unity.AI.MCP.Runtime.dll (+pdb)
Processing assembly Library/Bee/artifacts/1900b0aE.dag/Unity.AI.MCP.Runtime.dll, with 144 defines and 298 references

processors: Unity.Jobs.CodeGen.JobsILPostProcessor, zzzUnity.Burst.CodeGen.BurstILPostProcessor

running Unity.Jobs.CodeGen.JobsILPostProcessor

running zzzUnity.Burst.CodeGen.BurstILPostProcessor
[1467/1733  0s] ILPostProcess Library/Bee/artifacts/1900b0aE.dag/post-processed/Unity.VisualScripting.DocCodeExamples.dll (+pdb)
Processing assembly Library/Bee/artifacts/1900b0aE.dag/Unity.VisualScripting.DocCodeExamples.dll, with 144 defines and 284 references

processors: Unity.Jobs.CodeGen.JobsILPostProcessor, zzzUnity.Burst.CodeGen.BurstILPostProcessor

running Unity.Jobs.CodeGen.JobsILPostProcessor

running zzzUnity.Burst.CodeGen.BurstILPostProcessor
[1468/1733  0s] ILPostProcess Library/Bee/artifacts/1900b0aE.dag/post-processed/Unity.Mathematics.dll (+pdb)
Processing assembly Library/Bee/artifacts/1900b0aE.dag/Unity.Mathematics.dll, with 144 defines and 298 references

processors: Unity.Jobs.CodeGen.JobsILPostProcessor, zzzUnity.Burst.CodeGen.BurstILPostProcessor

running Unity.Jobs.CodeGen.JobsILPostProcessor

running zzzUnity.Burst.CodeGen.BurstILPostProcessor
[1469/1733  0s] ILPostProcess Library/Bee/artifacts/1900b0aE.dag/post-processed/NaManMoo.PlayModeTests.dll (+pdb)
Processing assembly Library/Bee/artifacts/1900b0aE.dag/NaManMoo.PlayModeTests.dll, with 144 defines and 284 references

processors: Unity.Jobs.CodeGen.JobsILPostProcessor, zzzUnity.Burst.CodeGen.BurstILPostProcessor

running Unity.Jobs.CodeGen.JobsILPostProcessor

running zzzUnity.Burst.CodeGen.BurstILPostProcessor
[1470/1733  0s] ILPostProcess Library/Bee/artifacts/1900b0aE.dag/post-processed/Unity.2D.Tilemap.Extras.dll (+pdb)
Processing assembly Library/Bee/artifacts/1900b0aE.dag/Unity.2D.Tilemap.Extras.dll, with 144 defines and 299 references

processors: Unity.Jobs.CodeGen.JobsILPostProcessor, zzzUnity.Burst.CodeGen.BurstILPostProcessor

running Unity.Jobs.CodeGen.JobsILPostProcessor

running zzzUnity.Burst.CodeGen.BurstILPostProcessor
[1471/1733  0s] ILPostProcess Library/Bee/artifacts/1900b0aE.dag/post-processed/Unity.PerformanceTesting.dll (+pdb)
Processing assembly Library/Bee/artifacts/1900b0aE.dag/Unity.PerformanceTesting.dll, with 145 defines and 281 references

processors: Unity.Jobs.CodeGen.JobsILPostProcessor, zzzUnity.Burst.CodeGen.BurstILPostProcessor

running Unity.Jobs.CodeGen.JobsILPostProcessor

running zzzUnity.Burst.CodeGen.BurstILPostProcessor
[1472/1733  0s] ILPostProcess Library/Bee/artifacts/1900b0aE.dag/post-processed/NaManMoo.Runtime.dll (+pdb)
Processing assembly Library/Bee/artifacts/1900b0aE.dag/NaManMoo.Runtime.dll, with 144 defines and 300 references

processors: Unity.Jobs.CodeGen.JobsILPostProcessor, zzzUnity.Burst.CodeGen.BurstILPostProcessor

running Unity.Jobs.CodeGen.JobsILPostProcessor

running zzzUnity.Burst.CodeGen.BurstILPostProcessor
[1473/1733  0s] ILPostProcess Library/Bee/artifacts/1900b0aE.dag/post-processed/Unity.VisualScripting.State.dll (+pdb)
Processing assembly Library/Bee/artifacts/1900b0aE.dag/Unity.VisualScripting.State.dll, with 144 defines and 300 references

processors: Unity.Jobs.CodeGen.JobsILPostProcessor, zzzUnity.Burst.CodeGen.BurstILPostProcessor

running Unity.Jobs.CodeGen.JobsILPostProcessor

running zzzUnity.Burst.CodeGen.BurstILPostProcessor
[1474/1733  0s] ILPostProcess Library/Bee/artifacts/1900b0aE.dag/post-processed/Unity.AI.Tracing.dll (+pdb)
Processing assembly Library/Bee/artifacts/1900b0aE.dag/Unity.AI.Tracing.dll, with 144 defines and 283 references

processors: Unity.Jobs.CodeGen.JobsILPostProcessor, zzzUnity.Burst.CodeGen.BurstILPostProcessor

running Unity.Jobs.CodeGen.JobsILPostProcessor

running zzzUnity.Burst.CodeGen.BurstILPostProcessor
[1475/1733  0s] ILPostProcess Library/Bee/artifacts/1900b0aE.dag/post-processed/Unity.RenderPipelines.ShaderGraph.ShaderGraphLibrary.dll (+pdb)
Processing assembly Library/Bee/artifacts/1900b0aE.dag/Unity.RenderPipelines.ShaderGraph.ShaderGraphLibrary.dll, with 144 defines and 298 references

processors: Unity.Jobs.CodeGen.JobsILPostProcessor, zzzUnity.Burst.CodeGen.BurstILPostProcessor

running Unity.Jobs.CodeGen.JobsILPostProcessor

running zzzUnity.Burst.CodeGen.BurstILPostProcessor
[1476/1733  0s] ILPostProcess Library/Bee/artifacts/1900b0aE.dag/post-processed/Unity.AppUI.Undo.dll (+pdb)
Processing assembly Library/Bee/artifacts/1900b0aE.dag/Unity.AppUI.Undo.dll, with 144 defines and 284 references

processors: Unity.Jobs.CodeGen.JobsILPostProcessor, zzzUnity.Burst.CodeGen.BurstILPostProcessor

running Unity.Jobs.CodeGen.JobsILPostProcessor

running zzzUnity.Burst.CodeGen.BurstILPostProcessor
[1477/1733  0s] ILPostProcess Library/Bee/artifacts/1900b0aE.dag/post-processed/Unity.RenderPipelines.Universal.Shaders.dll (+pdb)
Processing assembly Library/Bee/artifacts/1900b0aE.dag/Unity.RenderPipelines.Universal.Shaders.dll, with 144 defines and 298 references

processors: Unity.Jobs.CodeGen.JobsILPostProcessor, zzzUnity.Burst.CodeGen.BurstILPostProcessor

running Unity.Jobs.CodeGen.JobsILPostProcessor

running zzzUnity.Burst.CodeGen.BurstILPostProcessor
[1478/1733  0s] ILPostProcess Library/Bee/artifacts/1900b0aE.dag/post-processed/Unity.VisualScripting.Flow.dll (+pdb)
Processing assembly Library/Bee/artifacts/1900b0aE.dag/Unity.VisualScripting.Flow.dll, with 152 defines and 300 references

processors: Unity.Jobs.CodeGen.JobsILPostProcessor, zzzUnity.Burst.CodeGen.BurstILPostProcessor

running Unity.Jobs.CodeGen.JobsILPostProcessor

running zzzUnity.Burst.CodeGen.BurstILPostProcessor
[1479/1733  0s] Csc Library/Bee/artifacts/1900b0aE.dag/NaManMoo.EditorTests.dll (+2 others)
Assets\Tests\Editor\ApproachAndShootEnemyControllerTests.cs(40,59): warning CS0618: 'FindObjectsSortMode' is obsolete: 'FindObjectsSortMode has been deprecated. Use the FindObjectsByType overloads that do not take a FindObjectsSortMode parameter.'

Assets\Tests\Editor\ApproachAndShootEnemyControllerTests.cs(40,17): warning CS0618: 'Object.FindObjectsByType<T>(FindObjectsSortMode)' is obsolete: 'FindObjectsByType with FindObjectsSortMode parameter has been deprecated. Use FindObjectsByType<T>() or FindObjectsByType<T>(FindObjectsInactive) instead. InstanceID will be replaced in the future with EntityId and previous sort order cannot be maintained.'

Assets\Tests\Editor\ApproachAndShootEnemyControllerTests.cs(57,59): warning CS0618: 'FindObjectsSortMode' is obsolete: 'FindObjectsSortMode has been deprecated. Use the FindObjectsByType overloads that do not take a FindObjectsSortMode parameter.'

Assets\Tests\Editor\ApproachAndShootEnemyControllerTests.cs(57,17): warning CS0618: 'Object.FindObjectsByType<T>(FindObjectsSortMode)' is obsolete: 'FindObjectsByType with FindObjectsSortMode parameter has been deprecated. Use FindObjectsByType<T>() or FindObjectsByType<T>(FindObjectsInactive) instead. InstanceID will be replaced in the future with EntityId and previous sort order cannot be maintained.'

Assets\Tests\Editor\ApproachAndShootEnemyControllerTests.cs(82,59): warning CS0618: 'FindObjectsSortMode' is obsolete: 'FindObjectsSortMode has been deprecated. Use the FindObjectsByType overloads that do not take a FindObjectsSortMode parameter.'

Assets\Tests\Editor\ApproachAndShootEnemyControllerTests.cs(82,17): warning CS0618: 'Object.FindObjectsByType<T>(FindObjectsSortMode)' is obsolete: 'FindObjectsByType with FindObjectsSortMode parameter has been deprecated. Use FindObjectsByType<T>() or FindObjectsByType<T>(FindObjectsInactive) instead. InstanceID will be replaced in the future with EntityId and previous sort order cannot be maintained.'

Assets\Tests\Editor\ApproachAndShootEnemyControllerTests.cs(98,67): warning CS0618: 'FindObjectsSortMode' is obsolete: 'FindObjectsSortMode has been deprecated. Use the FindObjectsByType overloads that do not take a FindObjectsSortMode parameter.'

Assets\Tests\Editor\ApproachAndShootEnemyControllerTests.cs(98,25): warning CS0618: 'Object.FindObjectsByType<T>(FindObjectsSortMode)' is obsolete: 'FindObjectsByType with FindObjectsSortMode parameter has been deprecated. Use FindObjectsByType<T>() or FindObjectsByType<T>(FindObjectsInactive) instead. InstanceID will be replaced in the future with EntityId and previous sort order cannot be maintained.'

Assets\Tests\Editor\EffectActionsTests.cs(19,42): warning CS0618: 'FindObjectsSortMode' is obsolete: 'FindObjectsSortMode has been deprecated. Use the FindObjectsByType overloads that do not take a FindObjectsSortMode parameter.'

Assets\Tests\Editor\EffectActionsTests.cs(18,42): warning CS0618: 'Object.FindObjectsByType<T>(FindObjectsInactive, FindObjectsSortMode)' is obsolete: 'FindObjectsByType with FindObjectsSortMode parameter has been deprecated. Use FindObjectsByType<T>() or FindObjectsByType<T>(FindObjectsInactive) instead. InstanceID will be replaced in the future with EntityId and previous sort order cannot be maintained.'

Assets\Tests\Editor\EffectRunnerTests.cs(40,42): warning CS0618: 'FindObjectsSortMode' is obsolete: 'FindObjectsSortMode has been deprecated. Use the FindObjectsByType overloads that do not take a FindObjectsSortMode parameter.'

Assets\Tests\Editor\EffectRunnerTests.cs(39,42): warning CS0618: 'Object.FindObjectsByType<T>(FindObjectsInactive, FindObjectsSortMode)' is obsolete: 'FindObjectsByType with FindObjectsSortMode parameter has been deprecated. Use FindObjectsByType<T>() or FindObjectsByType<T>(FindObjectsInactive) instead. InstanceID will be replaced in the future with EntityId and previous sort order cannot be maintained.'

Assets\Tests\Editor\MeleeStrikeTests.cs(24,42): warning CS0618: 'FindObjectsSortMode' is obsolete: 'FindObjectsSortMode has been deprecated. Use the FindObjectsByType overloads that do not take a FindObjectsSortMode parameter.'

Assets\Tests\Editor\MeleeStrikeTests.cs(23,42): warning CS0618: 'Object.FindObjectsByType<T>(FindObjectsInactive, FindObjectsSortMode)' is obsolete: 'FindObjectsByType with FindObjectsSortMode parameter has been deprecated. Use FindObjectsByType<T>() or FindObjectsByType<T>(FindObjectsInactive) instead. InstanceID will be replaced in the future with EntityId and previous sort order cannot be maintained.'

Assets\Tests\Editor\SampleStageSceneTests.cs(26,25): warning CS0618: 'Object.FindFirstObjectByType<T>()' is obsolete: 'FindFirstObjectByType has been deprecated because it relies on instance ID ordering. Use FindAnyObjectByType instead, which does not depend on ordering.'

Assets\Tests\Editor\SampleStageSceneTests.cs(36,29): warning CS0618: 'Object.FindFirstObjectByType<T>()' is obsolete: 'FindFirstObjectByType has been deprecated because it relies on instance ID ordering. Use FindAnyObjectByType instead, which does not depend on ordering.'

Assets\Tests\Editor\SampleStageSceneTests.cs(57,39): warning CS0618: 'Object.FindFirstObjectByType<T>()' is obsolete: 'FindFirstObjectByType has been deprecated because it relies on instance ID ordering. Use FindAnyObjectByType instead, which does not depend on ordering.'

Assets\Tests\Editor\Stage1BossEncounterIntegrationTests.cs(25,13): warning CS0618: 'Object.FindFirstObjectByType<T>()' is obsolete: 'FindFirstObjectByType has been deprecated because it relies on instance ID ordering. Use FindAnyObjectByType instead, which does not depend on ordering.'

Assets\Tests\Editor\Stage1BossEncounterIntegrationTests.cs(34,21): warning CS0618: 'Object.FindFirstObjectByType<T>()' is obsolete: 'FindFirstObjectByType has been deprecated because it relies on instance ID ordering. Use FindAnyObjectByType instead, which does not depend on ordering.'

Assets\Tests\Editor\StationaryFourWayShooterControllerTests.cs(15,55): warning CS0618: 'FindObjectsSortMode' is obsolete: 'FindObjectsSortMode has been deprecated. Use the FindObjectsByType overloads that do not take a FindObjectsSortMode parameter.'

Assets\Tests\Editor\StationaryFourWayShooterControllerTests.cs(15,13): warning CS0618: 'Object.FindObjectsByType<T>(FindObjectsSortMode)' is obsolete: 'FindObjectsByType with FindObjectsSortMode parameter has been deprecated. Use FindObjectsByType<T>() or FindObjectsByType<T>(FindObjectsInactive) instead. InstanceID will be replaced in the future with EntityId and previous sort order cannot be maintained.'

Assets\Tests\Editor\StationaryFourWayShooterControllerTests.cs(43,55): warning CS0618: 'FindObjectsSortMode' is obsolete: 'FindObjectsSortMode has been deprecated. Use the FindObjectsByType overloads that do not take a FindObjectsSortMode parameter.'

Assets\Tests\Editor\StationaryFourWayShooterControllerTests.cs(43,13): warning CS0618: 'Object.FindObjectsByType<T>(FindObjectsSortMode)' is obsolete: 'FindObjectsByType with FindObjectsSortMode parameter has been deprecated. Use FindObjectsByType<T>() or FindObjectsByType<T>(FindObjectsInactive) instead. InstanceID will be replaced in the future with EntityId and previous sort order cannot be maintained.'

Assets\Tests\Editor\StationaryFourWayShooterControllerTests.cs(48,55): warning CS0618: 'FindObjectsSortMode' is obsolete: 'FindObjectsSortMode has been deprecated. Use the FindObjectsByType overloads that do not take a FindObjectsSortMode parameter.'

Assets\Tests\Editor\StationaryFourWayShooterControllerTests.cs(48,13): warning CS0618: 'Object.FindObjectsByType<T>(FindObjectsSortMode)' is obsolete: 'FindObjectsByType with FindObjectsSortMode parameter has been deprecated. Use FindObjectsByType<T>() or FindObjectsByType<T>(FindObjectsInactive) instead. InstanceID will be replaced in the future with EntityId and previous sort order cannot be maintained.'

Assets\Tests\Editor\Stage1MushroomEncounterIntegrationTests.cs(30,13): warning CS0618: 'FindObjectsSortMode' is obsolete: 'FindObjectsSortMode has been deprecated. Use the FindObjectsByType overloads that do not take a FindObjectsSortMode parameter.'

Assets\Tests\Editor\Stage1MushroomEncounterIntegrationTests.cs(28,51): warning CS0618: 'Object.FindObjectsByType<T>(FindObjectsInactive, FindObjectsSortMode)' is obsolete: 'FindObjectsByType with FindObjectsSortMode parameter has been deprecated. Use FindObjectsByType<T>() or FindObjectsByType<T>(FindObjectsInactive) instead. InstanceID will be replaced in the future with EntityId and previous sort order cannot be maintained.'

Assets\Tests\Editor\Stage1MushroomEncounterIntegrationTests.cs(64,36): warning CS0618: 'Object.FindFirstObjectByType<T>()' is obsolete: 'FindFirstObjectByType has been deprecated because it relies on instance ID ordering. Use FindAnyObjectByType instead, which does not depend on ordering.'

Assets\Tests\Editor\WeaponProjectilePierceTests.cs(32,42): warning CS0618: 'FindObjectsSortMode' is obsolete: 'FindObjectsSortMode has been deprecated. Use the FindObjectsByType overloads that do not take a FindObjectsSortMode parameter.'

Assets\Tests\Editor\WeaponProjectilePierceTests.cs(31,47): warning CS0618: 'Object.FindObjectsByType<T>(FindObjectsInactive, FindObjectsSortMode)' is obsolete: 'FindObjectsByType with FindObjectsSortMode parameter has been deprecated. Use FindObjectsByType<T>() or FindObjectsByType<T>(FindObjectsInactive) instead. InstanceID will be replaced in the future with EntityId and previous sort order cannot be maintained.'

Assets\Tests\Editor\WeaponProjectilePierceTests.cs(38,42): warning CS0618: 'FindObjectsSortMode' is obsolete: 'FindObjectsSortMode has been deprecated. Use the FindObjectsByType overloads that do not take a FindObjectsSortMode parameter.'

Assets\Tests\Editor\WeaponProjectilePierceTests.cs(37,42): warning CS0618: 'Object.FindObjectsByType<T>(FindObjectsInactive, FindObjectsSortMode)' is obsolete: 'FindObjectsByType with FindObjectsSortMode parameter has been deprecated. Use FindObjectsByType<T>() or FindObjectsByType<T>(FindObjectsInactive) instead. InstanceID will be replaced in the future with EntityId and previous sort order cannot be maintained.'

Assets\Tests\Editor\TitleSceneBuilderTests.cs(29,25): warning CS0618: 'Object.FindFirstObjectByType<T>()' is obsolete: 'FindFirstObjectByType has been deprecated because it relies on instance ID ordering. Use FindAnyObjectByType instead, which does not depend on ordering.'

Assets\Tests\Editor\TitleSceneBuilderTests.cs(49,35): warning CS0618: 'Object.FindFirstObjectByType<T>()' is obsolete: 'FindFirstObjectByType has been deprecated because it relies on instance ID ordering. Use FindAnyObjectByType instead, which does not depend on ordering.'
[1480/1733  1s] ILPostProcess Library/Bee/artifacts/1900b0aE.dag/post-processed/Unity.2D.SpriteShape.Runtime.dll (+pdb)
Processing assembly Library/Bee/artifacts/1900b0aE.dag/Unity.2D.SpriteShape.Runtime.dll, with 145 defines and 302 references

processors: Unity.Jobs.CodeGen.JobsILPostProcessor, zzzUnity.Burst.CodeGen.BurstILPostProcessor

running Unity.Jobs.CodeGen.JobsILPostProcessor

running zzzUnity.Burst.CodeGen.BurstILPostProcessor
[1481/1733  0s] ILPostProcess Library/Bee/artifacts/1900b0aE.dag/post-processed/Unity.RenderPipelines.Core.Runtime.Shared.dll (+pdb)
Processing assembly Library/Bee/artifacts/1900b0aE.dag/Unity.RenderPipelines.Core.Runtime.Shared.dll, with 144 defines and 301 references

processors: Unity.Jobs.CodeGen.JobsILPostProcessor, zzzUnity.Burst.CodeGen.BurstILPostProcessor

running Unity.Jobs.CodeGen.JobsILPostProcessor

running zzzUnity.Burst.CodeGen.BurstILPostProcessor
[1482/1733  0s] ILPostProcess Library/Bee/artifacts/1900b0aE.dag/post-processed/Unity.2D.IK.Runtime.dll (+pdb)
Processing assembly Library/Bee/artifacts/1900b0aE.dag/Unity.2D.IK.Runtime.dll, with 144 defines and 302 references

processors: Unity.Jobs.CodeGen.JobsILPostProcessor, zzzUnity.Burst.CodeGen.BurstILPostProcessor

running Unity.Jobs.CodeGen.JobsILPostProcessor

running zzzUnity.Burst.CodeGen.BurstILPostProcessor
[1483/1733  0s] ILPostProcess Library/Bee/artifacts/1900b0aE.dag/post-processed/Unity.RenderPipelines.Universal.Runtime.dll (+pdb)
Processing assembly Library/Bee/artifacts/1900b0aE.dag/Unity.RenderPipelines.Universal.Runtime.dll, with 151 defines and 308 references

processors: Unity.Jobs.CodeGen.JobsILPostProcessor, zzzUnity.Burst.CodeGen.BurstILPostProcessor

running Unity.Jobs.CodeGen.JobsILPostProcessor

running zzzUnity.Burst.CodeGen.BurstILPostProcessor
[1484/1733  0s] ILPostProcess Library/Bee/artifacts/1900b0aE.dag/post-processed/Unity.RenderPipelines.Universal.2D.Runtime.dll (+pdb)
Processing assembly Library/Bee/artifacts/1900b0aE.dag/Unity.RenderPipelines.Universal.2D.Runtime.dll, with 150 defines and 306 references

processors: Unity.Jobs.CodeGen.JobsILPostProcessor, zzzUnity.Burst.CodeGen.BurstILPostProcessor

running Unity.Jobs.CodeGen.JobsILPostProcessor

running zzzUnity.Burst.CodeGen.BurstILPostProcessor
[1485/1733  0s] ILPostProcess Library/Bee/artifacts/1900b0aE.dag/post-processed/Unity.InternalAPIEngineBridge.RenderPipelines.Core.Runtime.Shared.dll (+pdb)
Processing assembly Library/Bee/artifacts/1900b0aE.dag/Unity.InternalAPIEngineBridge.RenderPipelines.Core.Runtime.Shared.dll, with 144 defines and 298 references

processors: Unity.Jobs.CodeGen.JobsILPostProcessor, zzzUnity.Burst.CodeGen.BurstILPostProcessor

running Unity.Jobs.CodeGen.JobsILPostProcessor

running zzzUnity.Burst.CodeGen.BurstILPostProcessor
[1486/1733  0s] ILPostProcess Library/Bee/artifacts/1900b0aE.dag/post-processed/Unity.Timeline.dll (+pdb)
Processing assembly Library/Bee/artifacts/1900b0aE.dag/Unity.Timeline.dll, with 145 defines and 298 references

processors: Unity.Jobs.CodeGen.JobsILPostProcessor, zzzUnity.Burst.CodeGen.BurstILPostProcessor

running Unity.Jobs.CodeGen.JobsILPostProcessor

running zzzUnity.Burst.CodeGen.BurstILPostProcessor
[1487/1733  0s] ILPostProcess Library/Bee/artifacts/1900b0aE.dag/post-processed/Unity.AppUI.Redux.dll (+pdb)
Processing assembly Library/Bee/artifacts/1900b0aE.dag/Unity.AppUI.Redux.dll, with 144 defines and 286 references

processors: Unity.Jobs.CodeGen.JobsILPostProcessor, zzzUnity.Burst.CodeGen.BurstILPostProcessor

running Unity.Jobs.CodeGen.JobsILPostProcessor

running zzzUnity.Burst.CodeGen.BurstILPostProcessor
[1488/1733  1s] ILPostProcess Library/Bee/artifacts/1900b0aE.dag/post-processed/Unity.RenderPipelines.Core.Runtime.dll (+pdb)
Processing assembly Library/Bee/artifacts/1900b0aE.dag/Unity.RenderPipelines.Core.Runtime.dll, with 148 defines and 302 references

processors: Unity.Jobs.CodeGen.JobsILPostProcessor, zzzUnity.Burst.CodeGen.BurstILPostProcessor

running Unity.Jobs.CodeGen.JobsILPostProcessor

running zzzUnity.Burst.CodeGen.BurstILPostProcessor
[1489/1733  0s] ILPostProcess Library/Bee/artifacts/1900b0aE.dag/post-processed/Unity.AI.Assistant.Runtime.dll (+pdb)
Processing assembly Library/Bee/artifacts/1900b0aE.dag/Unity.AI.Assistant.Runtime.dll, with 144 defines and 281 references

processors: Unity.Jobs.CodeGen.JobsILPostProcessor, zzzUnity.Burst.CodeGen.BurstILPostProcessor

running Unity.Jobs.CodeGen.JobsILPostProcessor

running zzzUnity.Burst.CodeGen.BurstILPostProcessor
[1490/1733  1s] ILPostProcess Library/Bee/artifacts/1900b0aE.dag/post-processed/Unity.UnifiedRayTracing.Runtime.dll (+pdb)
Processing assembly Library/Bee/artifacts/1900b0aE.dag/Unity.UnifiedRayTracing.Runtime.dll, with 145 defines and 301 references

processors: Unity.Jobs.CodeGen.JobsILPostProcessor, zzzUnity.Burst.CodeGen.BurstILPostProcessor

running Unity.Jobs.CodeGen.JobsILPostProcessor

running zzzUnity.Burst.CodeGen.BurstILPostProcessor
[1491/1733  0s] ILPostProcess Library/Bee/artifacts/1900b0aE.dag/post-processed/Unity.Multiplayer.Center.Common.dll (+pdb)
Processing assembly Library/Bee/artifacts/1900b0aE.dag/Unity.Multiplayer.Center.Common.dll, with 144 defines and 298 references

processors: Unity.Jobs.CodeGen.JobsILPostProcessor, zzzUnity.Burst.CodeGen.BurstILPostProcessor

running Unity.Jobs.CodeGen.JobsILPostProcessor

running zzzUnity.Burst.CodeGen.BurstILPostProcessor
[1492/1733  0s] ILPostProcess Library/Bee/artifacts/1900b0aE.dag/post-processed/Unity.AI.Animate.Motion.Runtime.dll (+pdb)
Processing assembly Library/Bee/artifacts/1900b0aE.dag/Unity.AI.Animate.Motion.Runtime.dll, with 144 defines and 284 references

processors: Unity.Jobs.CodeGen.JobsILPostProcessor, zzzUnity.Burst.CodeGen.BurstILPostProcessor

running Unity.Jobs.CodeGen.JobsILPostProcessor

running zzzUnity.Burst.CodeGen.BurstILPostProcessor
[1493/1733  0s] ILPostProcess Library/Bee/artifacts/1900b0aE.dag/post-processed/Unity.PathTracing.Runtime.dll (+pdb)
Processing assembly Library/Bee/artifacts/1900b0aE.dag/Unity.PathTracing.Runtime.dll, with 145 defines and 302 references

processors: Unity.Jobs.CodeGen.JobsILPostProcessor, zzzUnity.Burst.CodeGen.BurstILPostProcessor

running Unity.Jobs.CodeGen.JobsILPostProcessor

running zzzUnity.Burst.CodeGen.BurstILPostProcessor
[1494/1733  0s] ILPostProcess Library/Bee/artifacts/1900b0aE.dag/post-processed/Unity.AppUI.InternalAPIBridge.dll (+pdb)
Processing assembly Library/Bee/artifacts/1900b0aE.dag/Unity.AppUI.InternalAPIBridge.dll, with 145 defines and 284 references

processors: Unity.Jobs.CodeGen.JobsILPostProcessor, zzzUnity.Burst.CodeGen.BurstILPostProcessor

running Unity.Jobs.CodeGen.JobsILPostProcessor

running zzzUnity.Burst.CodeGen.BurstILPostProcessor
[1495/1733  0s] ILPostProcess Library/Bee/artifacts/1900b0aE.dag/post-processed/Unity.2D.Common.Runtime.dll (+pdb)
Processing assembly Library/Bee/artifacts/1900b0aE.dag/Unity.2D.Common.Runtime.dll, with 144 defines and 301 references

processors: Unity.Jobs.CodeGen.JobsILPostProcessor, zzzUnity.Burst.CodeGen.BurstILPostProcessor

running Unity.Jobs.CodeGen.JobsILPostProcessor

running zzzUnity.Burst.CodeGen.BurstILPostProcessor
[1496/1733  0s] ILPostProcess Library/Bee/artifacts/1900b0aE.dag/post-processed/Unity.InputSystem.TestFramework.dll (+pdb)
Processing assembly Library/Bee/artifacts/1900b0aE.dag/Unity.InputSystem.TestFramework.dll, with 145 defines and 283 references

processors: Unity.Jobs.CodeGen.JobsILPostProcessor, zzzUnity.Burst.CodeGen.BurstILPostProcessor

running Unity.Jobs.CodeGen.JobsILPostProcessor

running zzzUnity.Burst.CodeGen.BurstILPostProcessor
[1497/1733  0s] ILPostProcess Library/Bee/artifacts/1900b0aE.dag/post-processed/Unity.InternalAPIEngineBridge.004.dll (+pdb)
Processing assembly Library/Bee/artifacts/1900b0aE.dag/Unity.InternalAPIEngineBridge.004.dll, with 144 defines and 298 references

processors: Unity.Jobs.CodeGen.JobsILPostProcessor, zzzUnity.Burst.CodeGen.BurstILPostProcessor

running Unity.Jobs.CodeGen.JobsILPostProcessor

running zzzUnity.Burst.CodeGen.BurstILPostProcessor
[1498/1733  0s] ILPostProcess Library/Bee/artifacts/1900b0aE.dag/post-processed/Unity.RenderPipelines.Core.ShaderLibrary.dll (+pdb)
Processing assembly Library/Bee/artifacts/1900b0aE.dag/Unity.RenderPipelines.Core.ShaderLibrary.dll, with 144 defines and 298 references

processors: Unity.Jobs.CodeGen.JobsILPostProcessor, zzzUnity.Burst.CodeGen.BurstILPostProcessor

running Unity.Jobs.CodeGen.JobsILPostProcessor

running zzzUnity.Burst.CodeGen.BurstILPostProcessor
[1499/1733  0s] ILPostProcess Library/Bee/artifacts/1900b0aE.dag/post-processed/Unity.Burst.dll (+pdb)
Processing assembly Library/Bee/artifacts/1900b0aE.dag/Unity.Burst.dll, with 144 defines and 283 references

processors: Unity.Jobs.CodeGen.JobsILPostProcessor, zzzUnity.Burst.CodeGen.BurstILPostProcessor

running Unity.Jobs.CodeGen.JobsILPostProcessor

running zzzUnity.Burst.CodeGen.BurstILPostProcessor
[1500/1733  1s] ILPostProcess Library/Bee/artifacts/1900b0aE.dag/post-processed/Unity.2D.Animation.Runtime.dll (+pdb)
Processing assembly Library/Bee/artifacts/1900b0aE.dag/Unity.2D.Animation.Runtime.dll, with 146 defines and 304 references

processors: Unity.Jobs.CodeGen.JobsILPostProcessor, zzzUnity.Burst.CodeGen.BurstILPostProcessor

running Unity.Jobs.CodeGen.JobsILPostProcessor

running zzzUnity.Burst.CodeGen.BurstILPostProcessor
[1501/1733  0s] ILPostProcess Library/Bee/artifacts/1900b0aE.dag/post-processed/Unity.RenderPipelines.GPUDriven.Runtime.dll (+pdb)
Processing assembly Library/Bee/artifacts/1900b0aE.dag/Unity.RenderPipelines.GPUDriven.Runtime.dll, with 144 defines and 302 references

processors: Unity.Jobs.CodeGen.JobsILPostProcessor, zzzUnity.Burst.CodeGen.BurstILPostProcessor

running Unity.Jobs.CodeGen.JobsILPostProcessor

running zzzUnity.Burst.CodeGen.BurstILPostProcessor
[1502/1733  0s] ILPostProcess Library/Bee/artifacts/1900b0aE.dag/post-processed/Unity.InputSystem.dll (+pdb)
Processing assembly Library/Bee/artifacts/1900b0aE.dag/Unity.InputSystem.dll, with 156 defines and 298 references

processors: Unity.Jobs.CodeGen.JobsILPostProcessor, zzzUnity.Burst.CodeGen.BurstILPostProcessor

running Unity.Jobs.CodeGen.JobsILPostProcessor

running zzzUnity.Burst.CodeGen.BurstILPostProcessor
[1503/1733  0s] ILPostProcess Library/Bee/artifacts/1900b0aE.dag/post-processed/Unity.AppUI.dll (+pdb)
Processing assembly Library/Bee/artifacts/1900b0aE.dag/Unity.AppUI.dll, with 153 defines and 286 references

processors: Unity.Jobs.CodeGen.JobsILPostProcessor, zzzUnity.Burst.CodeGen.BurstILPostProcessor

running Unity.Jobs.CodeGen.JobsILPostProcessor

running zzzUnity.Burst.CodeGen.BurstILPostProcessor
[1504/1733  0s] ILPostProcess Library/Bee/artifacts/1900b0aE.dag/post-processed/Unity.AI.Generators.Redux.dll (+pdb)
Processing assembly Library/Bee/artifacts/1900b0aE.dag/Unity.AI.Generators.Redux.dll, with 142 defines and 310 references

processors: Unity.Jobs.CodeGen.JobsILPostProcessor, zzzUnity.Burst.CodeGen.BurstILPostProcessor

running Unity.Jobs.CodeGen.JobsILPostProcessor

running zzzUnity.Burst.CodeGen.BurstILPostProcessor
[1505/1733  0s] ILPostProcess Library/Bee/artifacts/1900b0aE.dag/post-processed/Unity.InferenceEngine.Microsoft.Msagl.dll (+pdb)
Processing assembly Library/Bee/artifacts/1900b0aE.dag/Unity.InferenceEngine.Microsoft.Msagl.dll, with 142 defines and 307 references

processors: Unity.Jobs.CodeGen.JobsILPostProcessor, zzzUnity.Burst.CodeGen.BurstILPostProcessor

running Unity.Jobs.CodeGen.JobsILPostProcessor

running zzzUnity.Burst.CodeGen.BurstILPostProcessor
[1506/1733  0s] ILPostProcess Library/Bee/artifacts/1900b0aE.dag/post-processed/Unity.2D.Tilemap.Editor.dll (+pdb)
Processing assembly Library/Bee/artifacts/1900b0aE.dag/Unity.2D.Tilemap.Editor.dll, with 142 defines and 307 references

processors: Unity.Jobs.CodeGen.JobsILPostProcessor, zzzUnity.Burst.CodeGen.BurstILPostProcessor

running Unity.Jobs.CodeGen.JobsILPostProcessor

running zzzUnity.Burst.CodeGen.BurstILPostProcessor
[1507/1733  0s] ILPostProcess Library/Bee/artifacts/1900b0aE.dag/post-processed/UnityEditor.UI.dll (+pdb)
Processing assembly Library/Bee/artifacts/1900b0aE.dag/UnityEditor.UI.dll, with 145 defines and 306 references

processors: Unity.Jobs.CodeGen.JobsILPostProcessor, zzzUnity.Burst.CodeGen.BurstILPostProcessor

running Unity.Jobs.CodeGen.JobsILPostProcessor

running zzzUnity.Burst.CodeGen.BurstILPostProcessor
[1508/1733  0s] ILPostProcess Library/Bee/artifacts/1900b0aE.dag/post-processed/Unity.Timeline.Editor.dll (+pdb)
Processing assembly Library/Bee/artifacts/1900b0aE.dag/Unity.Timeline.Editor.dll, with 143 defines and 308 references

processors: Unity.Jobs.CodeGen.JobsILPostProcessor, zzzUnity.Burst.CodeGen.BurstILPostProcessor

running Unity.Jobs.CodeGen.JobsILPostProcessor

running zzzUnity.Burst.CodeGen.BurstILPostProcessor
[1509/1733  1s] ILPostProcess Library/Bee/artifacts/1900b0aE.dag/post-processed/Unity.Collections.dll (+pdb)
Processing assembly Library/Bee/artifacts/1900b0aE.dag/Unity.Collections.dll, with 146 defines and 300 references

processors: Unity.Jobs.CodeGen.JobsILPostProcessor, zzzUnity.Burst.CodeGen.BurstILPostProcessor

running Unity.Jobs.CodeGen.JobsILPostProcessor

running zzzUnity.Burst.CodeGen.BurstILPostProcessor
[1510/1733  0s] ILPostProcess Library/Bee/artifacts/1900b0aE.dag/post-processed/Unity.VisualScripting.State.Editor.dll (+pdb)
Processing assembly Library/Bee/artifacts/1900b0aE.dag/Unity.VisualScripting.State.Editor.dll, with 142 defines and 312 references

processors: Unity.Jobs.CodeGen.JobsILPostProcessor, zzzUnity.Burst.CodeGen.BurstILPostProcessor

running Unity.Jobs.CodeGen.JobsILPostProcessor

running zzzUnity.Burst.CodeGen.BurstILPostProcessor
[1511/1733  0s] ILPostProcess Library/Bee/artifacts/1900b0aE.dag/post-processed/Unity.AI.Toolkit.Compliance.dll (+pdb)
Processing assembly Library/Bee/artifacts/1900b0aE.dag/Unity.AI.Toolkit.Compliance.dll, with 142 defines and 307 references

processors: Unity.Jobs.CodeGen.JobsILPostProcessor, zzzUnity.Burst.CodeGen.BurstILPostProcessor

running Unity.Jobs.CodeGen.JobsILPostProcessor

running zzzUnity.Burst.CodeGen.BurstILPostProcessor
[1512/1733  0s] ILPostProcess Library/Bee/artifacts/1900b0aE.dag/post-processed/NaManMoo.EditorTests.dll (+pdb)
Processing assembly Library/Bee/artifacts/1900b0aE.dag/NaManMoo.EditorTests.dll, with 142 defines and 295 references

processors: Unity.Jobs.CodeGen.JobsILPostProcessor, zzzUnity.Burst.CodeGen.BurstILPostProcessor

running Unity.Jobs.CodeGen.JobsILPostProcessor

running zzzUnity.Burst.CodeGen.BurstILPostProcessor
[1513/1733  0s] ILPostProcess Library/Bee/artifacts/1900b0aE.dag/post-processed/Unity.AI.Generators.IO.dll (+pdb)
Processing assembly Library/Bee/artifacts/1900b0aE.dag/Unity.AI.Generators.IO.dll, with 142 defines and 312 references

processors: Unity.Jobs.CodeGen.JobsILPostProcessor, zzzUnity.Burst.CodeGen.BurstILPostProcessor

running Unity.Jobs.CodeGen.JobsILPostProcessor

running zzzUnity.Burst.CodeGen.BurstILPostProcessor
[1514/1733  0s] ILPostProcess Library/Bee/artifacts/1900b0aE.dag/post-processed/Unity.AppUI.Navigation.Editor.dll (+pdb)
Processing assembly Library/Bee/artifacts/1900b0aE.dag/Unity.AppUI.Navigation.Editor.dll, with 143 defines and 311 references

processors: Unity.Jobs.CodeGen.JobsILPostProcessor, zzzUnity.Burst.CodeGen.BurstILPostProcessor

running Unity.Jobs.CodeGen.JobsILPostProcessor

running zzzUnity.Burst.CodeGen.BurstILPostProcessor
[1515/1733  0s] ILPostProcess Library/Bee/artifacts/1900b0aE.dag/post-processed/Unity.RenderPipelines.Core.Editor.dll (+pdb)
Processing assembly Library/Bee/artifacts/1900b0aE.dag/Unity.RenderPipelines.Core.Editor.dll, with 145 defines and 316 references

processors: Unity.Jobs.CodeGen.JobsILPostProcessor, zzzUnity.Burst.CodeGen.BurstILPostProcessor

running Unity.Jobs.CodeGen.JobsILPostProcessor

running zzzUnity.Burst.CodeGen.BurstILPostProcessor
[1516/1733  0s] ILPostProcess Library/Bee/artifacts/1900b0aE.dag/post-processed/Unity.AI.Toolkit.Asset.dll (+pdb)
Processing assembly Library/Bee/artifacts/1900b0aE.dag/Unity.AI.Toolkit.Asset.dll, with 142 defines and 308 references

processors: Unity.Jobs.CodeGen.JobsILPostProcessor, zzzUnity.Burst.CodeGen.BurstILPostProcessor

running Unity.Jobs.CodeGen.JobsILPostProcessor

running zzzUnity.Burst.CodeGen.BurstILPostProcessor
[1517/1733  0s] ILPostProcess Library/Bee/artifacts/1900b0aE.dag/post-processed/Unity.2D.IK.Editor.dll (+pdb)
Processing assembly Library/Bee/artifacts/1900b0aE.dag/Unity.2D.IK.Editor.dll, with 142 defines and 314 references

processors: Unity.Jobs.CodeGen.JobsILPostProcessor, zzzUnity.Burst.CodeGen.BurstILPostProcessor

running Unity.Jobs.CodeGen.JobsILPostProcessor

running zzzUnity.Burst.CodeGen.BurstILPostProcessor
[1518/1733  0s] ILPostProcess Library/Bee/artifacts/1900b0aE.dag/post-processed/Unity.AI.ModelSelector.dll (+pdb)
Processing assembly Library/Bee/artifacts/1900b0aE.dag/Unity.AI.ModelSelector.dll, with 142 defines and 316 references

processors: Unity.Jobs.CodeGen.JobsILPostProcessor, zzzUnity.Burst.CodeGen.BurstILPostProcessor

running Unity.Jobs.CodeGen.JobsILPostProcessor

running zzzUnity.Burst.CodeGen.BurstILPostProcessor
[1519/1733  2s] ILPostProcess Library/Bee/artifacts/1900b0aE.dag/post-processed/Unity.InferenceEngine.dll (+pdb)
Processing assembly Library/Bee/artifacts/1900b0aE.dag/Unity.InferenceEngine.dll, with 144 defines and 301 references

processors: Unity.Jobs.CodeGen.JobsILPostProcessor, zzzUnity.Burst.CodeGen.BurstILPostProcessor

running Unity.Jobs.CodeGen.JobsILPostProcessor

running zzzUnity.Burst.CodeGen.BurstILPostProcessor
[1520/1733  0s] ILPostProcess Library/Bee/artifacts/1900b0aE.dag/post-processed/Unity.AI.Generators.UI.dll (+pdb)
Processing assembly Library/Bee/artifacts/1900b0aE.dag/Unity.AI.Generators.UI.dll, with 142 defines and 303 references

processors: Unity.Jobs.CodeGen.JobsILPostProcessor, zzzUnity.Burst.CodeGen.BurstILPostProcessor

running Unity.Jobs.CodeGen.JobsILPostProcessor

running zzzUnity.Burst.CodeGen.BurstILPostProcessor
[1521/1733  0s] ILPostProcess Library/Bee/artifacts/1900b0aE.dag/post-processed/Unity.2D.Aseprite.Common.dll (+pdb)
Processing assembly Library/Bee/artifacts/1900b0aE.dag/Unity.2D.Aseprite.Common.dll, with 142 defines and 310 references

processors: Unity.Jobs.CodeGen.JobsILPostProcessor, zzzUnity.Burst.CodeGen.BurstILPostProcessor

running Unity.Jobs.CodeGen.JobsILPostProcessor

running zzzUnity.Burst.CodeGen.BurstILPostProcessor
[1522/1733  0s] ILPostProcess Library/Bee/artifacts/1900b0aE.dag/post-processed/Unity.AppUI.Editor.dll (+pdb)
Processing assembly Library/Bee/artifacts/1900b0aE.dag/Unity.AppUI.Editor.dll, with 145 defines and 309 references

processors: Unity.Jobs.CodeGen.JobsILPostProcessor, zzzUnity.Burst.CodeGen.BurstILPostProcessor

running Unity.Jobs.CodeGen.JobsILPostProcessor

running zzzUnity.Burst.CodeGen.BurstILPostProcessor
[1523/1733  0s] ILPostProcess Library/Bee/artifacts/1900b0aE.dag/post-processed/Unity.AI.Mesh.dll (+pdb)
Processing assembly Library/Bee/artifacts/1900b0aE.dag/Unity.AI.Mesh.dll, with 142 defines and 321 references

processors: Unity.Jobs.CodeGen.JobsILPostProcessor, zzzUnity.Burst.CodeGen.BurstILPostProcessor

running Unity.Jobs.CodeGen.JobsILPostProcessor

running zzzUnity.Burst.CodeGen.BurstILPostProcessor
[1524/1733  0s] ILPostProcess Library/Bee/artifacts/1900b0aE.dag/post-processed/Unity.AI.Image.dll (+pdb)
Processing assembly Library/Bee/artifacts/1900b0aE.dag/Unity.AI.Image.dll, with 142 defines and 324 references

processors: Unity.Jobs.CodeGen.JobsILPostProcessor, zzzUnity.Burst.CodeGen.BurstILPostProcessor

running Unity.Jobs.CodeGen.JobsILPostProcessor

running zzzUnity.Burst.CodeGen.BurstILPostProcessor
[1525/1733  0s] ILPostProcess Library/Bee/artifacts/1900b0aE.dag/post-processed/UnityEditor.UI.Analytics.dll (+pdb)
Processing assembly Library/Bee/artifacts/1900b0aE.dag/UnityEditor.UI.Analytics.dll, with 142 defines and 308 references

processors: Unity.Jobs.CodeGen.JobsILPostProcessor, zzzUnity.Burst.CodeGen.BurstILPostProcessor

running Unity.Jobs.CodeGen.JobsILPostProcessor

running zzzUnity.Burst.CodeGen.BurstILPostProcessor
[1526/1733  0s] ILPostProcess Library/Bee/artifacts/1900b0aE.dag/post-processed/Unity.AI.Assistant.Agent.Dynamic.Extension.Editor.dll (+pdb)
Processing assembly Library/Bee/artifacts/1900b0aE.dag/Unity.AI.Assistant.Agent.Dynamic.Extension.Editor.dll, with 142 defines and 307 references

processors: Unity.Jobs.CodeGen.JobsILPostProcessor, zzzUnity.Burst.CodeGen.BurstILPostProcessor

running Unity.Jobs.CodeGen.JobsILPostProcessor

running zzzUnity.Burst.CodeGen.BurstILPostProcessor
[1527/1733  0s] ILPostProcess Library/Bee/artifacts/1900b0aE.dag/post-processed/Unity.AI.Toolkit.GenerationContextMenu.dll (+pdb)
Processing assembly Library/Bee/artifacts/1900b0aE.dag/Unity.AI.Toolkit.GenerationContextMenu.dll, with 142 defines and 308 references

processors: Unity.Jobs.CodeGen.JobsILPostProcessor, zzzUnity.Burst.CodeGen.BurstILPostProcessor

running Unity.Jobs.CodeGen.JobsILPostProcessor

running zzzUnity.Burst.CodeGen.BurstILPostProcessor
[1528/1733  0s] ILPostProcess Library/Bee/artifacts/1900b0aE.dag/post-processed/Unity.AI.Assistant.API.Editor.dll (+pdb)
Processing assembly Library/Bee/artifacts/1900b0aE.dag/Unity.AI.Assistant.API.Editor.dll, with 142 defines and 311 references

processors: Unity.Jobs.CodeGen.JobsILPostProcessor, zzzUnity.Burst.CodeGen.BurstILPostProcessor

running Unity.Jobs.CodeGen.JobsILPostProcessor

running zzzUnity.Burst.CodeGen.BurstILPostProcessor
[1529/1733  0s] ILPostProcess Library/Bee/artifacts/1900b0aE.dag/post-processed/Unity.CollabProxy.Editor.dll (+pdb)
Processing assembly Library/Bee/artifacts/1900b0aE.dag/Unity.CollabProxy.Editor.dll, with 142 defines and 308 references

processors: Unity.Jobs.CodeGen.JobsILPostProcessor, zzzUnity.Burst.CodeGen.BurstILPostProcessor

running Unity.Jobs.CodeGen.JobsILPostProcessor

running zzzUnity.Burst.CodeGen.BurstILPostProcessor
[1530/1733  0s] ILPostProcess Library/Bee/artifacts/1900b0aE.dag/post-processed/Unity.AI.Assistant.Tools.Editor.dll (+pdb)
Processing assembly Library/Bee/artifacts/1900b0aE.dag/Unity.AI.Assistant.Tools.Editor.dll, with 142 defines and 301 references

processors: Unity.Jobs.CodeGen.JobsILPostProcessor, zzzUnity.Burst.CodeGen.BurstILPostProcessor

running Unity.Jobs.CodeGen.JobsILPostProcessor

running zzzUnity.Burst.CodeGen.BurstILPostProcessor
[1531/1733  0s] ILPostProcess Library/Bee/artifacts/1900b0aE.dag/post-processed/Unity.AI.Assistant.UI.Editor.dll (+pdb)
Processing assembly Library/Bee/artifacts/1900b0aE.dag/Unity.AI.Assistant.UI.Editor.dll, with 142 defines and 305 references

processors: Unity.Jobs.CodeGen.JobsILPostProcessor, zzzUnity.Burst.CodeGen.BurstILPostProcessor

running Unity.Jobs.CodeGen.JobsILPostProcessor

running zzzUnity.Burst.CodeGen.BurstILPostProcessor
[1532/1733  0s] ILPostProcess Library/Bee/artifacts/1900b0aE.dag/post-processed/ScriptablePacker.dll (+pdb)
Processing assembly Library/Bee/artifacts/1900b0aE.dag/ScriptablePacker.dll, with 142 defines and 295 references

processors: Unity.Jobs.CodeGen.JobsILPostProcessor, zzzUnity.Burst.CodeGen.BurstILPostProcessor

running Unity.Jobs.CodeGen.JobsILPostProcessor

running zzzUnity.Burst.CodeGen.BurstILPostProcessor
[1533/1733  0s] ILPostProcess Library/Bee/artifacts/1900b0aE.dag/post-processed/Unity.AI.Toolkit.Async.dll (+pdb)
Processing assembly Library/Bee/artifacts/1900b0aE.dag/Unity.AI.Toolkit.Async.dll, with 142 defines and 307 references

processors: Unity.Jobs.CodeGen.JobsILPostProcessor, zzzUnity.Burst.CodeGen.BurstILPostProcessor

running Unity.Jobs.CodeGen.JobsILPostProcessor

running zzzUnity.Burst.CodeGen.BurstILPostProcessor
[1534/1733  0s] ILPostProcess Library/Bee/artifacts/1900b0aE.dag/post-processed/Unity.AI.Toolkit.Accounts.dll (+pdb)
Processing assembly Library/Bee/artifacts/1900b0aE.dag/Unity.AI.Toolkit.Accounts.dll, with 142 defines and 309 references

processors: Unity.Jobs.CodeGen.JobsILPostProcessor, zzzUnity.Burst.CodeGen.BurstILPostProcessor

running Unity.Jobs.CodeGen.JobsILPostProcessor

running zzzUnity.Burst.CodeGen.BurstILPostProcessor
[1535/1733  0s] ILPostProcess Library/Bee/artifacts/1900b0aE.dag/post-processed/Unity.AppUI.Redux.Editor.dll (+pdb)
Processing assembly Library/Bee/artifacts/1900b0aE.dag/Unity.AppUI.Redux.Editor.dll, with 146 defines and 296 references

processors: Unity.Jobs.CodeGen.JobsILPostProcessor, zzzUnity.Burst.CodeGen.BurstILPostProcessor

running Unity.Jobs.CodeGen.JobsILPostProcessor

running zzzUnity.Burst.CodeGen.BurstILPostProcessor
[1536/1733  0s] ILPostProcess Library/Bee/artifacts/1900b0aE.dag/post-processed/Unity.InternalAPIEditorBridge.ShaderGraph.Editor.dll (+pdb)
Processing assembly Library/Bee/artifacts/1900b0aE.dag/Unity.InternalAPIEditorBridge.ShaderGraph.Editor.dll, with 142 defines and 307 references

processors: Unity.Jobs.CodeGen.JobsILPostProcessor, zzzUnity.Burst.CodeGen.BurstILPostProcessor

running Unity.Jobs.CodeGen.JobsILPostProcessor

running zzzUnity.Burst.CodeGen.BurstILPostProcessor
[1537/1733  0s] ILPostProcess Library/Bee/artifacts/1900b0aE.dag/post-processed/NaManMoo.Editor.dll (+pdb)
Processing assembly Library/Bee/artifacts/1900b0aE.dag/NaManMoo.Editor.dll, with 142 defines and 311 references

processors: Unity.Jobs.CodeGen.JobsILPostProcessor, zzzUnity.Burst.CodeGen.BurstILPostProcessor

running Unity.Jobs.CodeGen.JobsILPostProcessor

running zzzUnity.Burst.CodeGen.BurstILPostProcessor
[1538/1733  0s] ILPostProcess Library/Bee/artifacts/1900b0aE.dag/post-processed/Unity.AI.Sound.dll (+pdb)
Processing assembly Library/Bee/artifacts/1900b0aE.dag/Unity.AI.Sound.dll, with 142 defines and 323 references

processors: Unity.Jobs.CodeGen.JobsILPostProcessor, zzzUnity.Burst.CodeGen.BurstILPostProcessor

running Unity.Jobs.CodeGen.JobsILPostProcessor

running zzzUnity.Burst.CodeGen.BurstILPostProcessor
[1539/1733  0s] ILPostProcess Library/Bee/artifacts/1900b0aE.dag/post-processed/Unity.Rendering.LightTransport.Editor.dll (+pdb)
Processing assembly Library/Bee/artifacts/1900b0aE.dag/Unity.Rendering.LightTransport.Editor.dll, with 142 defines and 307 references

processors: Unity.Jobs.CodeGen.JobsILPostProcessor, zzzUnity.Burst.CodeGen.BurstILPostProcessor

running Unity.Jobs.CodeGen.JobsILPostProcessor

running zzzUnity.Burst.CodeGen.BurstILPostProcessor
[1540/1733  0s] ILPostProcess Library/Bee/artifacts/1900b0aE.dag/post-processed/Unity.Multiplayer.Center.Editor.dll (+pdb)
Processing assembly Library/Bee/artifacts/1900b0aE.dag/Unity.Multiplayer.Center.Editor.dll, with 142 defines and 308 references

processors: Unity.Jobs.CodeGen.JobsILPostProcessor, zzzUnity.Burst.CodeGen.BurstILPostProcessor

running Unity.Jobs.CodeGen.JobsILPostProcessor

running zzzUnity.Burst.CodeGen.BurstILPostProcessor
[1541/1733  0s] ILPostProcess Library/Bee/artifacts/1900b0aE.dag/post-processed/Unity.AI.Toolkit.Utility.dll (+pdb)
Processing assembly Library/Bee/artifacts/1900b0aE.dag/Unity.AI.Toolkit.Utility.dll, with 142 defines and 307 references

processors: Unity.Jobs.CodeGen.JobsILPostProcessor, zzzUnity.Burst.CodeGen.BurstILPostProcessor

running Unity.Jobs.CodeGen.JobsILPostProcessor

running zzzUnity.Burst.CodeGen.BurstILPostProcessor
[1542/1733  0s] ILPostProcess Library/Bee/artifacts/1900b0aE.dag/post-processed/Unity.VisualScripting.Core.Editor.dll (+pdb)
Processing assembly Library/Bee/artifacts/1900b0aE.dag/Unity.VisualScripting.Core.Editor.dll, with 142 defines and 308 references

processors: Unity.Jobs.CodeGen.JobsILPostProcessor, zzzUnity.Burst.CodeGen.BurstILPostProcessor

running Unity.Jobs.CodeGen.JobsILPostProcessor

running zzzUnity.Burst.CodeGen.BurstILPostProcessor
[1543/1733  0s] ILPostProcess Library/Bee/artifacts/1900b0aE.dag/post-processed/Unity.Searcher.Editor.dll (+pdb)
Processing assembly Library/Bee/artifacts/1900b0aE.dag/Unity.Searcher.Editor.dll, with 142 defines and 307 references

processors: Unity.Jobs.CodeGen.JobsILPostProcessor, zzzUnity.Burst.CodeGen.BurstILPostProcessor

running Unity.Jobs.CodeGen.JobsILPostProcessor

running zzzUnity.Burst.CodeGen.BurstILPostProcessor
[1544/1733  0s] ILPostProcess Library/Bee/artifacts/1900b0aE.dag/post-processed/Unity.AI.Generators.Contexts.dll (+pdb)
Processing assembly Library/Bee/artifacts/1900b0aE.dag/Unity.AI.Generators.Contexts.dll, with 142 defines and 307 references

processors: Unity.Jobs.CodeGen.JobsILPostProcessor, zzzUnity.Burst.CodeGen.BurstILPostProcessor

running Unity.Jobs.CodeGen.JobsILPostProcessor

running zzzUnity.Burst.CodeGen.BurstILPostProcessor
[1545/1733  0s] ILPostProcess Library/Bee/artifacts/1900b0aE.dag/post-processed/Unity.AI.Generators.IO.Srp.dll (+pdb)
Processing assembly Library/Bee/artifacts/1900b0aE.dag/Unity.AI.Generators.IO.Srp.dll, with 142 defines and 307 references

processors: Unity.Jobs.CodeGen.JobsILPostProcessor, zzzUnity.Burst.CodeGen.BurstILPostProcessor

running Unity.Jobs.CodeGen.JobsILPostProcessor

running zzzUnity.Burst.CodeGen.BurstILPostProcessor
[1546/1733  0s] ILPostProcess Library/Bee/artifacts/1900b0aE.dag/post-processed/Unity.2D.Psdimporter.Editor.dll (+pdb)
Processing assembly Library/Bee/artifacts/1900b0aE.dag/Unity.2D.Psdimporter.Editor.dll, with 144 defines and 317 references

processors: Unity.Jobs.CodeGen.JobsILPostProcessor, zzzUnity.Burst.CodeGen.BurstILPostProcessor

running Unity.Jobs.CodeGen.JobsILPostProcessor

running zzzUnity.Burst.CodeGen.BurstILPostProcessor
[1547/1733  0s] ILPostProcess Library/Bee/artifacts/1900b0aE.dag/post-processed/Unity.RenderPipelines.Universal.Editor.dll (+pdb)
Processing assembly Library/Bee/artifacts/1900b0aE.dag/Unity.RenderPipelines.Universal.Editor.dll, with 146 defines and 322 references

processors: Unity.Jobs.CodeGen.JobsILPostProcessor, zzzUnity.Burst.CodeGen.BurstILPostProcessor

running Unity.Jobs.CodeGen.JobsILPostProcessor

running zzzUnity.Burst.CodeGen.BurstILPostProcessor
[1548/1733  0s] ILPostProcess Library/Bee/artifacts/1900b0aE.dag/post-processed/Unity.2D.Common.Editor.dll (+pdb)
Processing assembly Library/Bee/artifacts/1900b0aE.dag/Unity.2D.Common.Editor.dll, with 142 defines and 311 references

processors: Unity.Jobs.CodeGen.JobsILPostProcessor, zzzUnity.Burst.CodeGen.BurstILPostProcessor

running Unity.Jobs.CodeGen.JobsILPostProcessor

running zzzUnity.Burst.CodeGen.BurstILPostProcessor
[1549/1733  0s] ILPostProcess Library/Bee/artifacts/1900b0aE.dag/post-processed/Unity.InternalAPIEngineBridge.RenderPipelines.Core.Editor.dll (+pdb)
Processing assembly Library/Bee/artifacts/1900b0aE.dag/Unity.InternalAPIEngineBridge.RenderPipelines.Core.Editor.dll, with 142 defines and 307 references

processors: Unity.Jobs.CodeGen.JobsILPostProcessor, zzzUnity.Burst.CodeGen.BurstILPostProcessor

running Unity.Jobs.CodeGen.JobsILPostProcessor

running zzzUnity.Burst.CodeGen.BurstILPostProcessor
[1550/1733  0s] ILPostProcess Library/Bee/artifacts/1900b0aE.dag/post-processed/Unity.TextMeshPro.Editor.dll (+pdb)
Processing assembly Library/Bee/artifacts/1900b0aE.dag/Unity.TextMeshPro.Editor.dll, with 142 defines and 309 references

processors: Unity.Jobs.CodeGen.JobsILPostProcessor, zzzUnity.Burst.CodeGen.BurstILPostProcessor

running Unity.Jobs.CodeGen.JobsILPostProcessor

running zzzUnity.Burst.CodeGen.BurstILPostProcessor
[1551/1733  0s] ILPostProcess Library/Bee/artifacts/1900b0aE.dag/post-processed/Unity.AI.Assistant.Annotations.Editor.dll (+pdb)
Processing assembly Library/Bee/artifacts/1900b0aE.dag/Unity.AI.Assistant.Annotations.Editor.dll, with 142 defines and 307 references

processors: Unity.Jobs.CodeGen.JobsILPostProcessor, zzzUnity.Burst.CodeGen.BurstILPostProcessor

running Unity.Jobs.CodeGen.JobsILPostProcessor

running zzzUnity.Burst.CodeGen.BurstILPostProcessor
[1552/1733  0s] ILPostProcess Library/Bee/artifacts/1900b0aE.dag/post-processed/Unity.RenderPipelines.Universal.2D.Editor.Overrides.dll (+pdb)
Processing assembly Library/Bee/artifacts/1900b0aE.dag/Unity.RenderPipelines.Universal.2D.Editor.Overrides.dll, with 144 defines and 317 references

processors: Unity.Jobs.CodeGen.JobsILPostProcessor, zzzUnity.Burst.CodeGen.BurstILPostProcessor

running Unity.Jobs.CodeGen.JobsILPostProcessor

running zzzUnity.Burst.CodeGen.BurstILPostProcessor
[1553/1733  0s] ILPostProcess Library/Bee/artifacts/1900b0aE.dag/post-processed/HFDownloader.dll (+pdb)
Processing assembly Library/Bee/artifacts/1900b0aE.dag/HFDownloader.dll, with 142 defines and 292 references

processors: Unity.Jobs.CodeGen.JobsILPostProcessor, zzzUnity.Burst.CodeGen.BurstILPostProcessor

running Unity.Jobs.CodeGen.JobsILPostProcessor

running zzzUnity.Burst.CodeGen.BurstILPostProcessor
[1554/1733  0s] ILPostProcess Library/Bee/artifacts/1900b0aE.dag/post-processed/Unity.AI.Toolkit.GenerationObjectPicker.dll (+pdb)
Processing assembly Library/Bee/artifacts/1900b0aE.dag/Unity.AI.Toolkit.GenerationObjectPicker.dll, with 143 defines and 310 references

processors: Unity.Jobs.CodeGen.JobsILPostProcessor, zzzUnity.Burst.CodeGen.BurstILPostProcessor

running Unity.Jobs.CodeGen.JobsILPostProcessor

running zzzUnity.Burst.CodeGen.BurstILPostProcessor
[1555/1733  0s] ILPostProcess Library/Bee/artifacts/1900b0aE.dag/post-processed/Unity.AI.Animate.dll (+pdb)
Processing assembly Library/Bee/artifacts/1900b0aE.dag/Unity.AI.Animate.dll, with 142 defines and 324 references

processors: Unity.Jobs.CodeGen.JobsILPostProcessor, zzzUnity.Burst.CodeGen.BurstILPostProcessor

running Unity.Jobs.CodeGen.JobsILPostProcessor

running zzzUnity.Burst.CodeGen.BurstILPostProcessor
[1556/1733  0s] ILPostProcess Library/Bee/artifacts/1900b0aE.dag/post-processed/Unity.2D.Common.Path.Editor.dll (+pdb)
Processing assembly Library/Bee/artifacts/1900b0aE.dag/Unity.2D.Common.Path.Editor.dll, with 142 defines and 307 references

processors: Unity.Jobs.CodeGen.JobsILPostProcessor, zzzUnity.Burst.CodeGen.BurstILPostProcessor

running Unity.Jobs.CodeGen.JobsILPostProcessor

running zzzUnity.Burst.CodeGen.BurstILPostProcessor
[1557/1733  0s] ILPostProcess Library/Bee/artifacts/1900b0aE.dag/post-processed/Unity.2D.Triangulation.Runtime.dll (+pdb)
Processing assembly Library/Bee/artifacts/1900b0aE.dag/Unity.2D.Triangulation.Runtime.dll, with 142 defines and 295 references

processors: Unity.Jobs.CodeGen.JobsILPostProcessor, zzzUnity.Burst.CodeGen.BurstILPostProcessor

running Unity.Jobs.CodeGen.JobsILPostProcessor

running zzzUnity.Burst.CodeGen.BurstILPostProcessor
[1558/1733  0s] ILPostProcess Library/Bee/artifacts/1900b0aE.dag/post-processed/Unity.AI.Generators.Asset.dll (+pdb)
Processing assembly Library/Bee/artifacts/1900b0aE.dag/Unity.AI.Generators.Asset.dll, with 142 defines and 312 references

processors: Unity.Jobs.CodeGen.JobsILPostProcessor, zzzUnity.Burst.CodeGen.BurstILPostProcessor

running Unity.Jobs.CodeGen.JobsILPostProcessor

running zzzUnity.Burst.CodeGen.BurstILPostProcessor
[1559/1733  0s] ILPostProcess Library/Bee/artifacts/1900b0aE.dag/post-processed/Unity.2D.Aseprite.Editor.dll (+pdb)
Processing assembly Library/Bee/artifacts/1900b0aE.dag/Unity.2D.Aseprite.Editor.dll, with 144 defines and 317 references

processors: Unity.Jobs.CodeGen.JobsILPostProcessor, zzzUnity.Burst.CodeGen.BurstILPostProcessor

running Unity.Jobs.CodeGen.JobsILPostProcessor

running zzzUnity.Burst.CodeGen.BurstILPostProcessor
[1560/1733  0s] ILPostProcess Library/Bee/artifacts/1900b0aE.dag/post-processed/Unity.VisualScripting.SettingsProvider.Editor.dll (+pdb)
Processing assembly Library/Bee/artifacts/1900b0aE.dag/Unity.VisualScripting.SettingsProvider.Editor.dll, with 142 defines and 312 references

processors: Unity.Jobs.CodeGen.JobsILPostProcessor, zzzUnity.Burst.CodeGen.BurstILPostProcessor

running Unity.Jobs.CodeGen.JobsILPostProcessor

running zzzUnity.Burst.CodeGen.BurstILPostProcessor
[1561/1733  0s] ILPostProcess Library/Bee/artifacts/1900b0aE.dag/post-processed/Unity.AI.Search.Editor.dll (+pdb)
Processing assembly Library/Bee/artifacts/1900b0aE.dag/Unity.AI.Search.Editor.dll, with 143 defines and 300 references

processors: Unity.Jobs.CodeGen.JobsILPostProcessor, zzzUnity.Burst.CodeGen.BurstILPostProcessor

running Unity.Jobs.CodeGen.JobsILPostProcessor

running zzzUnity.Burst.CodeGen.BurstILPostProcessor
[1562/1733  0s] ILPostProcess Library/Bee/artifacts/1900b0aE.dag/post-processed/Unity.AI.Assistant.Integrations.Profiler.Editor.dll (+pdb)
Processing assembly Library/Bee/artifacts/1900b0aE.dag/Unity.AI.Assistant.Integrations.Profiler.Editor.dll, with 142 defines and 312 references

processors: Unity.Jobs.CodeGen.JobsILPostProcessor, zzzUnity.Burst.CodeGen.BurstILPostProcessor

running Unity.Jobs.CodeGen.JobsILPostProcessor

running zzzUnity.Burst.CodeGen.BurstILPostProcessor
[1563/1733  0s] ILPostProcess Library/Bee/artifacts/1900b0aE.dag/post-processed/Unity.PlasticSCM.Editor.dll (+pdb)
Processing assembly Library/Bee/artifacts/1900b0aE.dag/Unity.PlasticSCM.Editor.dll, with 143 defines and 297 references

processors: Unity.Jobs.CodeGen.JobsILPostProcessor, zzzUnity.Burst.CodeGen.BurstILPostProcessor

running Unity.Jobs.CodeGen.JobsILPostProcessor

running zzzUnity.Burst.CodeGen.BurstILPostProcessor
[1564/1733  0s] ILPostProcess Library/Bee/artifacts/1900b0aE.dag/post-processed/Unity.AI.Assistant.Bridge.Editor.dll (+pdb)
Processing assembly Library/Bee/artifacts/1900b0aE.dag/Unity.AI.Assistant.Bridge.Editor.dll, with 143 defines and 307 references

processors: Unity.Jobs.CodeGen.JobsILPostProcessor, zzzUnity.Burst.CodeGen.BurstILPostProcessor

running Unity.Jobs.CodeGen.JobsILPostProcessor

running zzzUnity.Burst.CodeGen.BurstILPostProcessor
[1565/1733  0s] ILPostProcess Library/Bee/artifacts/1900b0aE.dag/post-processed/Unity.ShaderGraph.Utilities.dll (+pdb)
Processing assembly Library/Bee/artifacts/1900b0aE.dag/Unity.ShaderGraph.Utilities.dll, with 142 defines and 307 references

processors: Unity.Jobs.CodeGen.JobsILPostProcessor, zzzUnity.Burst.CodeGen.BurstILPostProcessor

running Unity.Jobs.CodeGen.JobsILPostProcessor

running zzzUnity.Burst.CodeGen.BurstILPostProcessor
[1566/1733  0s] ILPostProcess Library/Bee/artifacts/1900b0aE.dag/post-processed/Unity.PathTracing.Editor.dll (+pdb)
Processing assembly Library/Bee/artifacts/1900b0aE.dag/Unity.PathTracing.Editor.dll, with 143 defines and 311 references

processors: Unity.Jobs.CodeGen.JobsILPostProcessor, zzzUnity.Burst.CodeGen.BurstILPostProcessor

running Unity.Jobs.CodeGen.JobsILPostProcessor

running zzzUnity.Burst.CodeGen.BurstILPostProcessor
[1567/1733  0s] ILPostProcess Library/Bee/artifacts/1900b0aE.dag/post-processed/Unity.PerformanceTesting.Editor.dll (+pdb)
Processing assembly Library/Bee/artifacts/1900b0aE.dag/Unity.PerformanceTesting.Editor.dll, with 143 defines and 292 references

processors: Unity.Jobs.CodeGen.JobsILPostProcessor, zzzUnity.Burst.CodeGen.BurstILPostProcessor

running Unity.Jobs.CodeGen.JobsILPostProcessor

running zzzUnity.Burst.CodeGen.BurstILPostProcessor
[1568/1733  0s] ILPostProcess Library/Bee/artifacts/1900b0aE.dag/post-processed/Unity.AI.Assistant.AssetGenerators.Editor.dll (+pdb)
Processing assembly Library/Bee/artifacts/1900b0aE.dag/Unity.AI.Assistant.AssetGenerators.Editor.dll, with 142 defines and 297 references

processors: Unity.Jobs.CodeGen.JobsILPostProcessor, zzzUnity.Burst.CodeGen.BurstILPostProcessor

running Unity.Jobs.CodeGen.JobsILPostProcessor

running zzzUnity.Burst.CodeGen.BurstILPostProcessor
[1569/1733  0s] ILPostProcess Library/Bee/artifacts/1900b0aE.dag/post-processed/Unity.AI.MCP.Editor.dll (+pdb)
Processing assembly Library/Bee/artifacts/1900b0aE.dag/Unity.AI.MCP.Editor.dll, with 142 defines and 300 references

processors: Unity.Jobs.CodeGen.JobsILPostProcessor, zzzUnity.Burst.CodeGen.BurstILPostProcessor

running Unity.Jobs.CodeGen.JobsILPostProcessor

running zzzUnity.Burst.CodeGen.BurstILPostProcessor
[1570/1733  0s] ILPostProcess Library/Bee/artifacts/1900b0aE.dag/post-processed/Unity.AI.Generators.UI.AIDropdownIntegrations.dll (+pdb)
Processing assembly Library/Bee/artifacts/1900b0aE.dag/Unity.AI.Generators.UI.AIDropdownIntegrations.dll, with 142 defines and 310 references

processors: Unity.Jobs.CodeGen.JobsILPostProcessor, zzzUnity.Burst.CodeGen.BurstILPostProcessor

running Unity.Jobs.CodeGen.JobsILPostProcessor

running zzzUnity.Burst.CodeGen.BurstILPostProcessor
[1571/1733  0s] ILPostProcess Library/Bee/artifacts/1900b0aE.dag/post-processed/Unity.AI.Generators.Tools.dll (+pdb)
Processing assembly Library/Bee/artifacts/1900b0aE.dag/Unity.AI.Generators.Tools.dll, with 142 defines and 320 references

processors: Unity.Jobs.CodeGen.JobsILPostProcessor, zzzUnity.Burst.CodeGen.BurstILPostProcessor

running Unity.Jobs.CodeGen.JobsILPostProcessor

running zzzUnity.Burst.CodeGen.BurstILPostProcessor
[1572/1733  0s] ILPostProcess Library/Bee/artifacts/1900b0aE.dag/post-processed/Unity.AI.Pbr.dll (+pdb)
Processing assembly Library/Bee/artifacts/1900b0aE.dag/Unity.AI.Pbr.dll, with 142 defines and 323 references

processors: Unity.Jobs.CodeGen.JobsILPostProcessor, zzzUnity.Burst.CodeGen.BurstILPostProcessor

running Unity.Jobs.CodeGen.JobsILPostProcessor

running zzzUnity.Burst.CodeGen.BurstILPostProcessor
[1573/1733  0s] ILPostProcess Library/Bee/artifacts/1900b0aE.dag/post-processed/Unity.VisualScripting.Flow.Editor.dll (+pdb)
Processing assembly Library/Bee/artifacts/1900b0aE.dag/Unity.VisualScripting.Flow.Editor.dll, with 144 defines and 311 references

processors: Unity.Jobs.CodeGen.JobsILPostProcessor, zzzUnity.Burst.CodeGen.BurstILPostProcessor

running Unity.Jobs.CodeGen.JobsILPostProcessor

running zzzUnity.Burst.CodeGen.BurstILPostProcessor
[1574/1733  0s] ILPostProcess Library/Bee/artifacts/1900b0aE.dag/post-processed/Unity.Collections.Editor.dll (+pdb)
Processing assembly Library/Bee/artifacts/1900b0aE.dag/Unity.Collections.Editor.dll, with 143 defines and 308 references

processors: Unity.Jobs.CodeGen.JobsILPostProcessor, zzzUnity.Burst.CodeGen.BurstILPostProcessor

running Unity.Jobs.CodeGen.JobsILPostProcessor

running zzzUnity.Burst.CodeGen.BurstILPostProcessor
[1575/1733  0s] ILPostProcess Library/Bee/artifacts/1900b0aE.dag/post-processed/Unity.2D.Tooling.Editor.dll (+pdb)
Processing assembly Library/Bee/artifacts/1900b0aE.dag/Unity.2D.Tooling.Editor.dll, with 142 defines and 310 references

processors: Unity.Jobs.CodeGen.JobsILPostProcessor, zzzUnity.Burst.CodeGen.BurstILPostProcessor

running Unity.Jobs.CodeGen.JobsILPostProcessor

running zzzUnity.Burst.CodeGen.BurstILPostProcessor
[1576/1733  0s] ILPostProcess Library/Bee/artifacts/1900b0aE.dag/post-processed/Unity.PlasticSCM.Editor.Assistant.dll (+pdb)
Processing assembly Library/Bee/artifacts/1900b0aE.dag/Unity.PlasticSCM.Editor.Assistant.dll, with 143 defines and 309 references

processors: Unity.Jobs.CodeGen.JobsILPostProcessor, zzzUnity.Burst.CodeGen.BurstILPostProcessor

running Unity.Jobs.CodeGen.JobsILPostProcessor

running zzzUnity.Burst.CodeGen.BurstILPostProcessor
[1577/1733  0s] ILPostProcess Library/Bee/artifacts/1900b0aE.dag/post-processed/Unity.InternalAPIEditorBridge.001.dll (+pdb)
Processing assembly Library/Bee/artifacts/1900b0aE.dag/Unity.InternalAPIEditorBridge.001.dll, with 143 defines and 308 references

processors: Unity.Jobs.CodeGen.JobsILPostProcessor, zzzUnity.Burst.CodeGen.BurstILPostProcessor

running Unity.Jobs.CodeGen.JobsILPostProcessor

running zzzUnity.Burst.CodeGen.BurstILPostProcessor
[1578/1733  0s] ILPostProcess Library/Bee/artifacts/1900b0aE.dag/post-processed/Unity.InputSystem.DocCodeSamples.dll (+pdb)
Processing assembly Library/Bee/artifacts/1900b0aE.dag/Unity.InputSystem.DocCodeSamples.dll, with 142 defines and 292 references

processors: Unity.Jobs.CodeGen.JobsILPostProcessor, zzzUnity.Burst.CodeGen.BurstILPostProcessor

running Unity.Jobs.CodeGen.JobsILPostProcessor

running zzzUnity.Burst.CodeGen.BurstILPostProcessor
[1579/1733  0s] ILPostProcess Library/Bee/artifacts/1900b0aE.dag/post-processed/Unity.InferenceEngine.ONNX.Editor.dll (+pdb)
Processing assembly Library/Bee/artifacts/1900b0aE.dag/Unity.InferenceEngine.ONNX.Editor.dll, with 142 defines and 292 references

processors: Unity.Jobs.CodeGen.JobsILPostProcessor, zzzUnity.Burst.CodeGen.BurstILPostProcessor

running Unity.Jobs.CodeGen.JobsILPostProcessor

running zzzUnity.Burst.CodeGen.BurstILPostProcessor
[1580/1733  0s] CopyFiles Library/ScriptAssemblies/Unity.Mathematics.dll
[1581/1733  0s] CopyFiles Library/ScriptAssemblies/Unity.InternalAPIEngineBridge.RenderPipelines.Core.Runtime.Shared.dll
[1582/1733  0s] CopyFiles Library/ScriptAssemblies/Unity.RenderPipelines.GPUDriven.Runtime.dll
[1583/1733  0s] CopyFiles Library/ScriptAssemblies/Unity.InternalAPIEngineBridge.001.dll
[1584/1733  0s] CopyFiles Library/ScriptAssemblies/Unity.AppUI.Undo.dll
[1585/1733  0s] ILPostProcess Library/Bee/artifacts/1900b0aE.dag/post-processed/PsdPlugin.dll (+pdb)
Processing assembly Library/Bee/artifacts/1900b0aE.dag/PsdPlugin.dll, with 142 defines and 308 references

processors: Unity.Jobs.CodeGen.JobsILPostProcessor, zzzUnity.Burst.CodeGen.BurstILPostProcessor

running Unity.Jobs.CodeGen.JobsILPostProcessor

running zzzUnity.Burst.CodeGen.BurstILPostProcessor
[1586/1733  0s] CopyFiles Library/ScriptAssemblies/Unity.RenderPipelines.Universal.Shaders.dll
[1587/1733  0s] CopyFiles Library/ScriptAssemblies/Unity.SurfaceCache.Runtime.dll
[1588/1733  0s] CopyFiles Library/ScriptAssemblies/Unity.VisualScripting.Core.dll
[1589/1733  0s] CopyFiles Library/ScriptAssemblies/Unity.AppUI.MVVM.dll
[1590/1733  0s] ILPostProcess Library/Bee/artifacts/1900b0aE.dag/post-processed/Unity.AI.Generators.Sdk.dll (+pdb)
Processing assembly Library/Bee/artifacts/1900b0aE.dag/Unity.AI.Generators.Sdk.dll, with 142 defines and 311 references

processors: Unity.Jobs.CodeGen.JobsILPostProcessor, zzzUnity.Burst.CodeGen.BurstILPostProcessor

running Unity.Jobs.CodeGen.JobsILPostProcessor

running zzzUnity.Burst.CodeGen.BurstILPostProcessor
[1591/1733  0s] CopyFiles Library/ScriptAssemblies/Unity.RenderPipeline.Universal.ShaderLibrary.dll
[1592/1733  0s] CopyFiles Library/ScriptAssemblies/UnityEngine.UI.dll
[1593/1733  0s] CopyFiles Library/ScriptAssemblies/Unity.InputSystem.TestFramework.dll
[1594/1733  0s] CopyFiles Library/ScriptAssemblies/Unity.AppUI.InternalAPIBridge.dll
[1595/1733  0s] CopyFiles Library/ScriptAssemblies/Unity.InferenceEngine.dll
[1596/1733  0s] CopyFiles Library/ScriptAssemblies/Unity.2D.Common.Runtime.dll
[1597/1733  0s] CopyFiles Library/ScriptAssemblies/Unity.InputSystem.ForUI.dll
[1598/1733  0s] ILPostProcess Library/Bee/artifacts/1900b0aE.dag/post-processed/Unity.2D.SpriteShape.Editor.dll (+pdb)
Processing assembly Library/Bee/artifacts/1900b0aE.dag/Unity.2D.SpriteShape.Editor.dll, with 143 defines and 312 references

processors: Unity.Jobs.CodeGen.JobsILPostProcessor, zzzUnity.Burst.CodeGen.BurstILPostProcessor

running Unity.Jobs.CodeGen.JobsILPostProcessor

running zzzUnity.Burst.CodeGen.BurstILPostProcessor
[1599/1733  0s] CopyFiles Library/ScriptAssemblies/Unity.VisualScripting.State.dll
[1600/1733  0s] CopyFiles Library/ScriptAssemblies/Unity.Multiplayer.Center.Common.dll
[1601/1733  0s] CopyFiles Library/ScriptAssemblies/Unity.2D.Animation.Runtime.dll
[1602/1733  0s] CopyFiles Library/ScriptAssemblies/Unity.AI.Tracing.dll
[1603/1733  0s] CopyFiles Library/ScriptAssemblies/Unity.RenderPipelines.Universal.Runtime.dll
[1604/1733  0s] ILPostProcess Library/Bee/artifacts/1900b0aE.dag/post-processed/Unity.VisualScripting.Shared.Editor.dll (+pdb)
Processing assembly Library/Bee/artifacts/1900b0aE.dag/Unity.VisualScripting.Shared.Editor.dll, with 142 defines and 313 references

processors: Unity.Jobs.CodeGen.JobsILPostProcessor, zzzUnity.Burst.CodeGen.BurstILPostProcessor

running Unity.Jobs.CodeGen.JobsILPostProcessor

running zzzUnity.Burst.CodeGen.BurstILPostProcessor
[1605/1733  0s] CopyFiles Library/ScriptAssemblies/Unity.Timeline.dll
[1606/1733  0s] CopyFiles Library/ScriptAssemblies/Unity.TextMeshPro.dll
[1607/1733  0s] CopyFiles Library/ScriptAssemblies/Unity.2D.IK.Runtime.dll
[1608/1733  0s] CopyFiles Library/ScriptAssemblies/Unity.2D.Tilemap.Extras.dll
[1609/1733  0s] CopyFiles Library/ScriptAssemblies/Unity.AI.Animate.Motion.Runtime.dll
[1610/1733  0s] CopyFiles Library/ScriptAssemblies/Unity.RenderPipelines.Universal.2D.Runtime.dll
[1611/1733  0s] CopyFiles Library/ScriptAssemblies/Unity.UnifiedRayTracing.Runtime.dll
[1612/1733  0s] CopyFiles Library/ScriptAssemblies/Unity.AppUI.Redux.dll
[1613/1733  0s] CopyFiles Library/ScriptAssemblies/Unity.RenderPipelines.Core.Runtime.dll
[1614/1733  0s] CopyFiles Library/ScriptAssemblies/Unity.RenderPipelines.ShaderGraph.ShaderGraphLibrary.dll
[1615/1733  0s] CopyFiles Library/ScriptAssemblies/Unity.AppUI.dll
[1616/1733  0s] CopyFiles Library/ScriptAssemblies/Unity.RenderPipelines.Core.ShaderLibrary.dll
[1617/1733  0s] CopyFiles Library/ScriptAssemblies/Unity.2D.SpriteShape.Runtime.dll
[1618/1733  0s] CopyFiles Library/ScriptAssemblies/Unity.RenderPipelines.Universal.Config.Runtime.dll
[1619/1733  0s] CopyFiles Library/ScriptAssemblies/Unity.AppUI.Navigation.dll
[1620/1733  0s] CopyFiles Library/ScriptAssemblies/Unity.Burst.dll
[1621/1733  0s] CopyFiles Library/ScriptAssemblies/Unity.InternalAPIEngineBridge.004.dll
[1622/1733  0s] CopyFiles Library/ScriptAssemblies/Unity.InferenceEngine.MacBLAS.dll
[1623/1733  0s] CopyFiles Library/ScriptAssemblies/NaManMoo.PlayModeTests.dll
[1624/1733  0s] CopyFiles Library/ScriptAssemblies/Unity.AI.MCP.Runtime.dll
[1625/1733  0s] CopyFiles Library/ScriptAssemblies/Unity.PathTracing.Runtime.dll
[1626/1733  0s] CopyFiles Library/ScriptAssemblies/Unity.InputSystem.dll
[1627/1733  0s] CopyFiles Library/ScriptAssemblies/Unity.Collections.dll
[1628/1733  0s] CopyFiles Library/ScriptAssemblies/NaManMoo.Runtime.dll
[1629/1733  0s] CopyFiles Library/ScriptAssemblies/Unity.VisualScripting.Flow.dll
[1630/1733  0s] CopyFiles Library/ScriptAssemblies/Unity.InferenceEngine.iOSBLAS.dll
[1631/1733  0s] CopyFiles Library/ScriptAssemblies/Unity.InferenceEngine.Tokenization.dll
[1632/1733  0s] CopyFiles Library/ScriptAssemblies/Unity.PerformanceTesting.dll
[1633/1733  0s] CopyFiles Library/ScriptAssemblies/Unity.RenderPipelines.Core.Runtime.Shared.dll
[1634/1733  0s] CopyFiles Library/ScriptAssemblies/Unity.AI.Assistant.Runtime.dll
[1635/1733  0s] CopyFiles Library/ScriptAssemblies/Unity.AI.Generators.Sdk.pdb
[1636/1733  0s] CopyFiles Library/ScriptAssemblies/Unity.VisualScripting.DocCodeExamples.dll
[1637/1733  0s] CopyFiles Library/ScriptAssemblies/PsdPlugin.pdb
[1638/1733  0s] CopyFiles Library/ScriptAssemblies/Unity.AI.Generators.Sdk.dll
[1639/1733  0s] CopyFiles Library/ScriptAssemblies/Unity.2D.SpriteShape.Editor.pdb
[1640/1733  0s] CopyFiles Library/ScriptAssemblies/Unity.InputSystem.DocCodeSamples.dll
[1641/1733  0s] CopyFiles Library/ScriptAssemblies/Unity.InputSystem.DocCodeSamples.pdb
[1642/1733  0s] CopyFiles Library/ScriptAssemblies/Unity.InferenceEngine.ONNX.Editor.pdb
[1643/1733  0s] CopyFiles Library/ScriptAssemblies/Unity.InferenceEngine.ONNX.Editor.dll
[1644/1733  0s] CopyFiles Library/ScriptAssemblies/Unity.InternalAPIEditorBridge.001.pdb
[1645/1733  0s] CopyFiles Library/ScriptAssemblies/Unity.InternalAPIEditorBridge.001.dll
[1646/1733  0s] CopyFiles Library/ScriptAssemblies/Unity.PlasticSCM.Editor.Assistant.dll
[1647/1733  0s] CopyFiles Library/ScriptAssemblies/Unity.PlasticSCM.Editor.Assistant.pdb
[1648/1733  0s] CopyFiles Library/ScriptAssemblies/Unity.2D.Tooling.Editor.pdb
[1649/1733  0s] CopyFiles Library/ScriptAssemblies/Unity.2D.Tooling.Editor.dll
[1650/1733  0s] CopyFiles Library/ScriptAssemblies/Unity.Collections.Editor.dll
[1651/1733  0s] CopyFiles Library/ScriptAssemblies/Unity.Collections.Editor.pdb
[1652/1733  0s] CopyFiles Library/ScriptAssemblies/Unity.VisualScripting.Flow.Editor.pdb
[1653/1733  0s] CopyFiles Library/ScriptAssemblies/Unity.VisualScripting.Flow.Editor.dll
[1654/1733  0s] CopyFiles Library/ScriptAssemblies/Unity.AI.Pbr.pdb
[1655/1733  0s] CopyFiles Library/ScriptAssemblies/Unity.AI.Pbr.dll
[1656/1733  0s] CopyFiles Library/ScriptAssemblies/Unity.AI.Generators.Tools.pdb
[1657/1733  0s] CopyFiles Library/ScriptAssemblies/Unity.AI.Generators.Tools.dll
[1658/1733  0s] ILPostProcess Library/Bee/artifacts/1900b0aE.dag/post-processed/Unity.RenderPipelines.Core.Editor.Shared.dll (+pdb)
Processing assembly Library/Bee/artifacts/1900b0aE.dag/Unity.RenderPipelines.Core.Editor.Shared.dll, with 142 defines and 314 references

processors: Unity.Jobs.CodeGen.JobsILPostProcessor, zzzUnity.Burst.CodeGen.BurstILPostProcessor

running Unity.Jobs.CodeGen.JobsILPostProcessor

running zzzUnity.Burst.CodeGen.BurstILPostProcessor
[1659/1733  0s] CopyFiles Library/ScriptAssemblies/Unity.AI.MCP.Editor.dll
[1660/1733  0s] ILPostProcess Library/Bee/artifacts/1900b0aE.dag/post-processed/Unity.2D.Tilemap.Extras.Editor.dll (+pdb)
Processing assembly Library/Bee/artifacts/1900b0aE.dag/Unity.2D.Tilemap.Extras.Editor.dll, with 142 defines and 309 references

processors: Unity.Jobs.CodeGen.JobsILPostProcessor, zzzUnity.Burst.CodeGen.BurstILPostProcessor

running Unity.Jobs.CodeGen.JobsILPostProcessor

running zzzUnity.Burst.CodeGen.BurstILPostProcessor
[1661/1733  0s] ILPostProcess Library/Bee/artifacts/1900b0aE.dag/post-processed/Unity.AI.Assistant.Editor.dll (+pdb)
Processing assembly Library/Bee/artifacts/1900b0aE.dag/Unity.AI.Assistant.Editor.dll, with 142 defines and 302 references

processors: Unity.Jobs.CodeGen.JobsILPostProcessor, zzzUnity.Burst.CodeGen.BurstILPostProcessor

running Unity.Jobs.CodeGen.JobsILPostProcessor

running zzzUnity.Burst.CodeGen.BurstILPostProcessor
[1662/1733  0s] ILPostProcess Library/Bee/artifacts/1900b0aE.dag/post-processed/Unity.2D.Sprite.Editor.dll (+pdb)
Processing assembly Library/Bee/artifacts/1900b0aE.dag/Unity.2D.Sprite.Editor.dll, with 142 defines and 307 references

processors: Unity.Jobs.CodeGen.JobsILPostProcessor, zzzUnity.Burst.CodeGen.BurstILPostProcessor

running Unity.Jobs.CodeGen.JobsILPostProcessor

running zzzUnity.Burst.CodeGen.BurstILPostProcessor
[1663/1733  0s] CopyFiles Library/ScriptAssemblies/Unity.AI.MCP.Editor.pdb
[1664/1733  0s] CopyFiles Library/ScriptAssemblies/Unity.VisualScripting.Shared.Editor.dll
[1665/1733  0s] CopyFiles Library/ScriptAssemblies/PsdPlugin.dll
[1666/1733  0s] CopyFiles Library/ScriptAssemblies/Unity.VisualScripting.Shared.Editor.pdb
[1667/1733  0s] CopyFiles Library/ScriptAssemblies/Unity.AI.Generators.UI.AIDropdownIntegrations.dll
[1668/1733  0s] CopyFiles Library/ScriptAssemblies/Unity.PathTracing.Editor.pdb
[1669/1733  0s] CopyFiles Library/ScriptAssemblies/Unity.AI.Generators.UI.AIDropdownIntegrations.pdb
[1670/1733  0s] CopyFiles Library/ScriptAssemblies/Unity.PathTracing.Editor.dll
[1671/1733  0s] CopyFiles Library/ScriptAssemblies/Unity.AI.Assistant.AssetGenerators.Editor.dll
[1672/1733  0s] CopyFiles Library/ScriptAssemblies/Unity.ShaderGraph.Utilities.pdb
[1673/1733  0s] CopyFiles Library/ScriptAssemblies/Unity.AI.Assistant.AssetGenerators.Editor.pdb
[1674/1733  0s] CopyFiles Library/ScriptAssemblies/Unity.PerformanceTesting.Editor.dll
[1675/1733  0s] CopyFiles Library/ScriptAssemblies/Unity.PerformanceTesting.Editor.pdb
[1676/1733  0s] CopyFiles Library/ScriptAssemblies/Unity.2D.SpriteShape.Editor.dll
[1677/1733  0s] CopyFiles Library/ScriptAssemblies/Unity.ShaderGraph.Utilities.dll
[1678/1733  0s] CopyFiles Library/ScriptAssemblies/Unity.AI.Assistant.Bridge.Editor.dll
[1679/1733  0s] CopyFiles Library/ScriptAssemblies/Unity.PlasticSCM.Editor.pdb
[1680/1733  0s] CopyFiles Library/ScriptAssemblies/Unity.AI.Assistant.Integrations.Profiler.Editor.dll
[1681/1733  0s] CopyFiles Library/ScriptAssemblies/Unity.AI.Assistant.Bridge.Editor.pdb
[1682/1733  0s] CopyFiles Library/ScriptAssemblies/Unity.PlasticSCM.Editor.dll
[1683/1733  0s] CopyFiles Library/ScriptAssemblies/Unity.AI.Assistant.Integrations.Profiler.Editor.pdb
[1684/1733  0s] CopyFiles Library/ScriptAssemblies/Unity.AI.Search.Editor.pdb
[1685/1733  0s] CopyFiles Library/ScriptAssemblies/Unity.AI.Search.Editor.dll
[1686/1733  0s] CopyFiles Library/ScriptAssemblies/Unity.VisualScripting.SettingsProvider.Editor.dll
[1687/1733  0s] CopyFiles Library/ScriptAssemblies/Unity.2D.Aseprite.Editor.pdb
[1688/1733  0s] CopyFiles Library/ScriptAssemblies/Unity.2D.Aseprite.Editor.dll
[1689/1733  0s] CopyFiles Library/ScriptAssemblies/Unity.AI.Generators.Asset.dll
[1690/1733  0s] CopyFiles Library/ScriptAssemblies/Unity.VisualScripting.SettingsProvider.Editor.pdb
[1691/1733  0s] CopyFiles Library/ScriptAssemblies/Unity.AI.Generators.Asset.pdb
[1692/1733  0s] CopyFiles Library/ScriptAssemblies/Unity.2D.Triangulation.Runtime.dll
[1693/1733  0s] CopyFiles Library/ScriptAssemblies/Unity.2D.Common.Path.Editor.pdb
[1694/1733  0s] CopyFiles Library/ScriptAssemblies/Unity.2D.Common.Path.Editor.dll
[1695/1733  0s] CopyFiles Library/ScriptAssemblies/Unity.AI.Animate.pdb
[1696/1733  0s] CopyFiles Library/ScriptAssemblies/Unity.2D.Triangulation.Runtime.pdb
[1697/1733  0s] CopyFiles Library/ScriptAssemblies/Unity.AI.Animate.dll
[1698/1733  0s] CopyFiles Library/ScriptAssemblies/Unity.RenderPipelines.Universal.2D.Editor.Overrides.pdb
[1699/1733  0s] CopyFiles Library/ScriptAssemblies/Unity.RenderPipelines.Universal.2D.Editor.Overrides.dll
[1700/1733  0s] CopyFiles Library/ScriptAssemblies/Unity.AI.Toolkit.GenerationObjectPicker.dll
[1701/1733  0s] CopyFiles Library/ScriptAssemblies/Unity.AI.Toolkit.GenerationObjectPicker.pdb
[1702/1733  0s] CopyFiles Library/ScriptAssemblies/HFDownloader.pdb
[1703/1733  0s] CopyFiles Library/ScriptAssemblies/HFDownloader.dll
[1704/1733  0s] CopyFiles Library/ScriptAssemblies/Unity.AI.Assistant.Annotations.Editor.pdb
[1705/1733  0s] CopyFiles Library/ScriptAssemblies/Unity.AI.Assistant.Annotations.Editor.dll
[1706/1733  0s] CopyFiles Library/ScriptAssemblies/Unity.TextMeshPro.Editor.dll
[1707/1733  0s] CopyFiles Library/ScriptAssemblies/Unity.InternalAPIEngineBridge.RenderPipelines.Core.Editor.dll
[1708/1733  0s] CopyFiles Library/ScriptAssemblies/Unity.InternalAPIEngineBridge.RenderPipelines.Core.Editor.pdb
[1709/1733  0s] CopyFiles Library/ScriptAssemblies/Unity.2D.Common.Editor.dll
[1710/1733  0s] CopyFiles Library/ScriptAssemblies/Unity.2D.Common.Editor.pdb
[1711/1733  0s] CopyFiles Library/ScriptAssemblies/Unity.TextMeshPro.Editor.pdb
[1712/1733  0s] CopyFiles Library/ScriptAssemblies/Unity.2D.Psdimporter.Editor.pdb
[1713/1733  0s] CopyFiles Library/ScriptAssemblies/Unity.AI.Generators.IO.Srp.dll
[1714/1733  0s] CopyFiles Library/ScriptAssemblies/Unity.AI.Generators.IO.Srp.pdb
[1715/1733  0s] CopyFiles Library/ScriptAssemblies/Unity.2D.Psdimporter.Editor.dll
[1716/1733  0s] CopyFiles Library/ScriptAssemblies/Unity.AI.Generators.Contexts.dll
[1717/1733  0s] CopyFiles Library/ScriptAssemblies/Unity.RenderPipelines.Universal.Editor.dll
[1718/1733  0s] CopyFiles Library/ScriptAssemblies/Unity.RenderPipelines.Universal.Editor.pdb
[1719/1733  0s] CopyFiles Library/ScriptAssemblies/Unity.Searcher.Editor.dll
[1720/1733  0s] CopyFiles Library/ScriptAssemblies/Unity.AI.Generators.Contexts.pdb
[1721/1733  0s] CopyFiles Library/ScriptAssemblies/Unity.VisualScripting.Core.Editor.pdb
[1722/1733  0s] CopyFiles Library/ScriptAssemblies/Unity.Searcher.Editor.pdb
[1723/1733  0s] CopyFiles Library/ScriptAssemblies/Unity.RenderPipelines.Core.Editor.Shared.pdb
[1724/1733  0s] CopyFiles Library/ScriptAssemblies/Unity.AI.Toolkit.Utility.dll
[1725/1733  0s] CopyFiles Library/ScriptAssemblies/Unity.VisualScripting.Core.Editor.dll
[1726/1733  0s] CopyFiles Library/ScriptAssemblies/Unity.Multiplayer.Center.Editor.pdb
[1727/1733  0s] CopyFiles Library/ScriptAssemblies/Unity.AI.Toolkit.Utility.pdb
[1728/1733  0s] CopyFiles Library/ScriptAssemblies/Unity.Multiplayer.Center.Editor.dll
[1729/1733  0s] CopyFiles Library/ScriptAssemblies/Unity.AI.Sound.dll
[1730/1733  0s] CopyFiles Library/ScriptAssemblies/Unity.AI.Sound.pdb
[1731/1733  0s] CopyFiles Library/ScriptAssemblies/Unity.Rendering.LightTransport.Editor.pdb
[1732/1733  0s] CopyFiles Library/ScriptAssemblies/Unity.Rendering.LightTransport.Editor.dll
[1733/1733  0s] ILPostProcess Library/Bee/artifacts/1900b0aE.dag/post-processed/Unity.ShaderGraph.Editor.dll (+pdb)
Processing assembly Library/Bee/artifacts/1900b0aE.dag/Unity.ShaderGraph.Editor.dll, with 142 defines and 312 references

processors: Unity.Jobs.CodeGen.JobsILPostProcessor, zzzUnity.Burst.CodeGen.BurstILPostProcessor

running Unity.Jobs.CodeGen.JobsILPostProcessor

running zzzUnity.Burst.CodeGen.BurstILPostProcessor
[1734/1733  0s] CopyFiles Library/ScriptAssemblies/NaManMoo.Editor.dll
[1735/1733  0s] CopyFiles Library/ScriptAssemblies/NaManMoo.Editor.pdb
[1736/1733  0s] CopyFiles Library/ScriptAssemblies/Unity.AppUI.Redux.Editor.pdb
[1737/1733  0s] CopyFiles Library/ScriptAssemblies/Unity.AppUI.Redux.Editor.dll
[1738/1733  0s] CopyFiles Library/ScriptAssemblies/Unity.InternalAPIEditorBridge.ShaderGraph.Editor.dll
[1739/1733  0s] CopyFiles Library/ScriptAssemblies/Unity.InternalAPIEditorBridge.ShaderGraph.Editor.pdb
[1740/1733  0s] CopyFiles Library/ScriptAssemblies/Unity.AI.Toolkit.Async.pdb
[1741/1733  0s] CopyFiles Library/ScriptAssemblies/Unity.AI.Toolkit.Async.dll
[1742/1733  0s] CopyFiles Library/ScriptAssemblies/Unity.AI.Toolkit.Accounts.dll
[1743/1733  0s] CopyFiles Library/ScriptAssemblies/Unity.AI.Toolkit.Accounts.pdb
[1744/1733  0s] CopyFiles Library/ScriptAssemblies/Unity.AI.Assistant.Tools.Editor.dll
[1745/1733  0s] CopyFiles Library/ScriptAssemblies/Unity.AI.Assistant.Tools.Editor.pdb
[1746/1733  0s] CopyFiles Library/ScriptAssemblies/Unity.CollabProxy.Editor.dll
[1747/1733  0s] CopyFiles Library/ScriptAssemblies/Unity.AI.Assistant.UI.Editor.dll
[1748/1733  0s] CopyFiles Library/ScriptAssemblies/ScriptablePacker.dll
[1749/1733  0s] CopyFiles Library/ScriptAssemblies/Unity.CollabProxy.Editor.pdb
[1750/1733  0s] CopyFiles Library/ScriptAssemblies/Unity.AI.Assistant.API.Editor.dll
[1751/1733  0s] CopyFiles Library/ScriptAssemblies/Unity.AI.Assistant.UI.Editor.pdb
[1752/1733  0s] CopyFiles Library/ScriptAssemblies/ScriptablePacker.pdb
[1753/1733  0s] CopyFiles Library/ScriptAssemblies/Unity.AI.Assistant.API.Editor.pdb
[1754/1733  0s] CopyFiles Library/ScriptAssemblies/Unity.AI.Toolkit.GenerationContextMenu.dll
[1755/1733  0s] CopyFiles Library/ScriptAssemblies/Unity.AI.Toolkit.GenerationContextMenu.pdb
[1756/1733  0s] CopyFiles Library/ScriptAssemblies/Unity.AI.Assistant.Agent.Dynamic.Extension.Editor.pdb
[1757/1733  0s] CopyFiles Library/ScriptAssemblies/UnityEditor.UI.Analytics.pdb
[1758/1733  0s] CopyFiles Library/ScriptAssemblies/UnityEditor.UI.Analytics.dll
[1759/1733  0s] CopyFiles Library/ScriptAssemblies/Unity.AI.Assistant.Agent.Dynamic.Extension.Editor.dll
[1760/1733  0s] CopyFiles Library/ScriptAssemblies/Unity.AI.Image.pdb
[1761/1733  0s] CopyFiles Library/ScriptAssemblies/Unity.AI.Mesh.pdb
[1762/1733  0s] CopyFiles Library/ScriptAssemblies/Unity.AI.Mesh.dll
[1763/1733  0s] CopyFiles Library/ScriptAssemblies/Unity.AI.Image.dll
[1764/1733  0s] CopyFiles Library/ScriptAssemblies/Unity.AppUI.Editor.pdb
[1765/1733  0s] CopyFiles Library/ScriptAssemblies/Unity.AppUI.Editor.dll
[1766/1733  0s] CopyFiles Library/ScriptAssemblies/Unity.2D.Aseprite.Common.dll
[1767/1733  0s] CopyFiles Library/ScriptAssemblies/Unity.2D.Aseprite.Common.pdb
[1768/1733  0s] CopyFiles Library/ScriptAssemblies/Unity.2D.Tilemap.Extras.Editor.pdb
[1769/1733  0s] CopyFiles Library/ScriptAssemblies/Unity.AI.ModelSelector.dll
[1770/1733  0s] CopyFiles Library/ScriptAssemblies/Unity.AI.Generators.UI.pdb
[1771/1733  0s] CopyFiles Library/ScriptAssemblies/Unity.InferenceEngine.pdb
[1772/1733  0s] CopyFiles Library/ScriptAssemblies/Unity.AI.Assistant.Editor.pdb
[1773/1733  0s] CopyFiles Library/ScriptAssemblies/Unity.AI.Generators.UI.dll
[1774/1733  0s] CopyFiles Library/ScriptAssemblies/Unity.2D.Sprite.Editor.pdb
[1775/1733  0s] CopyFiles Library/ScriptAssemblies/Unity.AI.Assistant.Editor.dll
[1776/1733  0s] CopyFiles Library/ScriptAssemblies/Unity.2D.Sprite.Editor.dll
[1777/1733  0s] CopyFiles Library/ScriptAssemblies/Unity.2D.IK.Editor.dll
[1778/1733  0s] CopyFiles Library/ScriptAssemblies/Unity.2D.IK.Editor.pdb
[1779/1733  0s] CopyFiles Library/ScriptAssemblies/Unity.AI.ModelSelector.pdb
[1780/1733  0s] CopyFiles Library/ScriptAssemblies/Unity.AI.Toolkit.Asset.pdb
[1781/1733  0s] CopyFiles Library/ScriptAssemblies/Unity.AI.Toolkit.Asset.dll
[1782/1733  0s] CopyFiles Library/ScriptAssemblies/Unity.RenderPipelines.Core.Editor.dll
[1783/1733  0s] CopyFiles Library/ScriptAssemblies/Unity.AppUI.Navigation.Editor.pdb
[1784/1733  0s] CopyFiles Library/ScriptAssemblies/Unity.RenderPipelines.Core.Editor.pdb
[1785/1733  0s] CopyFiles Library/ScriptAssemblies/Unity.AI.Generators.IO.dll
[1786/1733  0s] CopyFiles Library/ScriptAssemblies/Unity.AppUI.Navigation.Editor.dll
[1787/1733  0s] CopyFiles Library/ScriptAssemblies/Unity.AI.Generators.IO.pdb
[1788/1733  0s] CopyFiles Library/ScriptAssemblies/NaManMoo.EditorTests.pdb
[1789/1733  0s] CopyFiles Library/ScriptAssemblies/Unity.AI.Toolkit.Compliance.pdb
[1790/1733  0s] CopyFiles Library/ScriptAssemblies/Unity.AI.Toolkit.Compliance.dll
[1791/1733  0s] CopyFiles Library/ScriptAssemblies/Unity.VisualScripting.State.Editor.pdb
[1792/1733  0s] CopyFiles Library/ScriptAssemblies/Unity.Timeline.Editor.pdb
[1793/1733  0s] CopyFiles Library/ScriptAssemblies/Unity.Collections.pdb
[1794/1733  0s] CopyFiles Library/ScriptAssemblies/NaManMoo.EditorTests.dll
[1795/1733  0s] CopyFiles Library/ScriptAssemblies/Unity.VisualScripting.State.Editor.dll
[1796/1733  0s] CopyFiles Library/ScriptAssemblies/UnityEditor.UI.dll
[1797/1733  0s] CopyFiles Library/ScriptAssemblies/Unity.Timeline.Editor.dll
[1798/1733  0s] CopyFiles Library/ScriptAssemblies/UnityEditor.UI.pdb
[1799/1733  0s] CopyFiles Library/ScriptAssemblies/Unity.2D.Tilemap.Editor.pdb
[1800/1733  0s] CopyFiles Library/ScriptAssemblies/Unity.2D.Tilemap.Editor.dll
[1801/1733  0s] CopyFiles Library/ScriptAssemblies/Unity.AI.Generators.Redux.pdb
[1802/1733  0s] CopyFiles Library/ScriptAssemblies/Unity.InputSystem.pdb
[1803/1733  0s] CopyFiles Library/ScriptAssemblies/Unity.AppUI.pdb
[1804/1733  0s] CopyFiles Library/ScriptAssemblies/Unity.AI.Generators.Redux.dll
[1805/1733  0s] CopyFiles Library/ScriptAssemblies/Unity.InferenceEngine.Microsoft.Msagl.pdb
[1806/1733  0s] CopyFiles Library/ScriptAssemblies/Unity.RenderPipelines.Core.ShaderLibrary.pdb
[1807/1733  0s] CopyFiles Library/ScriptAssemblies/Unity.2D.Animation.Runtime.pdb
[1808/1733  0s] CopyFiles Library/ScriptAssemblies/Unity.InferenceEngine.Microsoft.Msagl.dll
[1809/1733  0s] CopyFiles Library/ScriptAssemblies/Unity.Burst.pdb
[1810/1733  0s] CopyFiles Library/ScriptAssemblies/Unity.InternalAPIEngineBridge.004.pdb
[1811/1733  0s] CopyFiles Library/ScriptAssemblies/Unity.RenderPipelines.GPUDriven.Runtime.pdb
[1812/1733  0s] CopyFiles Library/ScriptAssemblies/Unity.AppUI.InternalAPIBridge.pdb
[1813/1733  0s] CopyFiles Library/ScriptAssemblies/Unity.InputSystem.TestFramework.pdb
[1814/1733  0s] CopyFiles Library/ScriptAssemblies/Unity.2D.Common.Runtime.pdb
[1815/1733  0s] CopyFiles Library/ScriptAssemblies/Unity.PathTracing.Runtime.pdb
[1816/1733  0s] CopyFiles Library/ScriptAssemblies/Unity.AI.Animate.Motion.Runtime.pdb
[1817/1733  0s] CopyFiles Library/ScriptAssemblies/Unity.Multiplayer.Center.Common.pdb
[1818/1733  0s] CopyFiles Library/ScriptAssemblies/Unity.InternalAPIEngineBridge.RenderPipelines.Core.Runtime.Shared.pdb
[1819/1733  0s] CopyFiles Library/ScriptAssemblies/Unity.UnifiedRayTracing.Runtime.pdb
[1820/1733  0s] CopyFiles Library/ScriptAssemblies/Unity.AI.Assistant.Runtime.pdb
[1821/1733  0s] CopyFiles Library/ScriptAssemblies/Unity.AppUI.Redux.pdb
[1822/1733  0s] CopyFiles Library/ScriptAssemblies/Unity.RenderPipelines.Core.Editor.Shared.dll
[1823/1733  0s] CopyFiles Library/ScriptAssemblies/Unity.Timeline.pdb
[1824/1733  0s] CopyFiles Library/ScriptAssemblies/Unity.RenderPipelines.Core.Runtime.pdb
[1825/1733  0s] CopyFiles Library/ScriptAssemblies/Unity.RenderPipelines.Universal.2D.Runtime.pdb
[1826/1733  0s] CopyFiles Library/ScriptAssemblies/Unity.2D.SpriteShape.Runtime.pdb
[1827/1733  0s] CopyFiles Library/ScriptAssemblies/Unity.2D.IK.Runtime.pdb
[1828/1733  0s] CopyFiles Library/ScriptAssemblies/Unity.RenderPipelines.Core.Runtime.Shared.pdb
[1829/1733  0s] CopyFiles Library/ScriptAssemblies/Unity.AppUI.Undo.pdb
[1830/1733  0s] CopyFiles Library/ScriptAssemblies/Unity.RenderPipelines.ShaderGraph.ShaderGraphLibrary.pdb
[1831/1733  0s] CopyFiles Library/ScriptAssemblies/Unity.VisualScripting.Flow.pdb
[1832/1733  0s] CopyFiles Library/ScriptAssemblies/Unity.AI.Tracing.pdb
[1833/1733  0s] CopyFiles Library/ScriptAssemblies/Unity.RenderPipelines.Universal.Shaders.pdb
[1834/1733  0s] CopyFiles Library/ScriptAssemblies/Unity.VisualScripting.State.pdb
[1835/1733  0s] CopyFiles Library/ScriptAssemblies/Unity.RenderPipelines.Universal.Runtime.pdb
[1836/1733  0s] CopyFiles Library/ScriptAssemblies/Unity.2D.Tilemap.Extras.pdb
[1837/1733  0s] CopyFiles Library/ScriptAssemblies/Unity.PerformanceTesting.pdb
[1838/1733  0s] CopyFiles Library/ScriptAssemblies/Unity.VisualScripting.DocCodeExamples.pdb
[1839/1733  0s] CopyFiles Library/ScriptAssemblies/NaManMoo.Runtime.pdb
[1840/1733  0s] CopyFiles Library/ScriptAssemblies/NaManMoo.PlayModeTests.pdb
[1841/1733  0s] CopyFiles Library/ScriptAssemblies/Unity.Mathematics.pdb
[1842/1733  0s] CopyFiles Library/ScriptAssemblies/Unity.RenderPipeline.Universal.ShaderLibrary.pdb
[1843/1733  0s] CopyFiles Library/ScriptAssemblies/Unity.AI.MCP.Runtime.pdb
[1844/1733  0s] CopyFiles Library/ScriptAssemblies/Unity.SurfaceCache.Runtime.pdb
[1845/1733  0s] CopyFiles Library/ScriptAssemblies/Unity.RenderPipelines.Universal.Config.Runtime.pdb
[1846/1733  0s] CopyFiles Library/ScriptAssemblies/Unity.AppUI.Navigation.pdb
[1847/1733  0s] CopyFiles Library/ScriptAssemblies/Unity.InputSystem.ForUI.pdb
[1848/1733  0s] CopyFiles Library/ScriptAssemblies/Unity.AppUI.MVVM.pdb
[1849/1733  0s] CopyFiles Library/ScriptAssemblies/Unity.InferenceEngine.MacBLAS.pdb
[1850/1733  0s] CopyFiles Library/ScriptAssemblies/Unity.VisualScripting.Core.pdb
[1851/1733  0s] CopyFiles Library/ScriptAssemblies/Unity.InferenceEngine.Tokenization.pdb
[1852/1733  0s] CopyFiles Library/ScriptAssemblies/Unity.TextMeshPro.pdb
[1853/1733  0s] CopyFiles Library/ScriptAssemblies/Unity.InternalAPIEngineBridge.001.pdb
[1854/1733  0s] CopyFiles Library/ScriptAssemblies/Unity.ShaderGraph.Editor.pdb
[1855/1733  0s] CopyFiles Library/ScriptAssemblies/UnityEngine.UI.pdb
[1856/1733  0s] CopyFiles Library/ScriptAssemblies/Unity.InferenceEngine.iOSBLAS.pdb
[1857/1733  0s] ILPostProcess Library/Bee/artifacts/1900b0aE.dag/post-processed/Unity.AI.Pbr.Srp.dll (+pdb)
Processing assembly Library/Bee/artifacts/1900b0aE.dag/Unity.AI.Pbr.Srp.dll, with 142 defines and 308 references

processors: Unity.Jobs.CodeGen.JobsILPostProcessor, zzzUnity.Burst.CodeGen.BurstILPostProcessor

running Unity.Jobs.CodeGen.JobsILPostProcessor

running zzzUnity.Burst.CodeGen.BurstILPostProcessor
[1858/1733  0s] CopyFiles Library/ScriptAssemblies/Unity.2D.Tilemap.Extras.Editor.dll
[1859/1733  0s] ILPostProcess Library/Bee/artifacts/1900b0aE.dag/post-processed/Unity.Burst.Editor.dll (+pdb)
Processing assembly Library/Bee/artifacts/1900b0aE.dag/Unity.Burst.Editor.dll, with 142 defines and 308 references

processors: Unity.Jobs.CodeGen.JobsILPostProcessor, zzzUnity.Burst.CodeGen.BurstILPostProcessor

running Unity.Jobs.CodeGen.JobsILPostProcessor

running zzzUnity.Burst.CodeGen.BurstILPostProcessor
[1860/1733  0s] ILPostProcess Library/Bee/artifacts/1900b0aE.dag/post-processed/Unity.PlasticSCM.Editor.Entities.dll (+pdb)
Processing assembly Library/Bee/artifacts/1900b0aE.dag/Unity.PlasticSCM.Editor.Entities.dll, with 142 defines and 308 references

processors: Unity.Jobs.CodeGen.JobsILPostProcessor, zzzUnity.Burst.CodeGen.BurstILPostProcessor

running Unity.Jobs.CodeGen.JobsILPostProcessor

running zzzUnity.Burst.CodeGen.BurstILPostProcessor
[1861/1733  0s] CopyFiles Library/ScriptAssemblies/Unity.AI.Pbr.Srp.dll
[1862/1733  0s] CopyFiles Library/ScriptAssemblies/Unity.AI.Pbr.Srp.pdb
[1863/1733  0s] CopyFiles Library/ScriptAssemblies/Unity.PlasticSCM.Editor.Entities.dll
[1864/1733  0s] CopyFiles Library/ScriptAssemblies/Unity.Burst.Editor.pdb
[1865/1733  0s] CopyFiles Library/ScriptAssemblies/Unity.PlasticSCM.Editor.Entities.pdb
[1866/1733  0s] ILPostProcess Library/Bee/artifacts/1900b0aE.dag/post-processed/Unity.InferenceEngine.Editor.dll (+pdb)
Processing assembly Library/Bee/artifacts/1900b0aE.dag/Unity.InferenceEngine.Editor.dll, with 142 defines and 298 references

processors: Unity.Jobs.CodeGen.JobsILPostProcessor, zzzUnity.Burst.CodeGen.BurstILPostProcessor

running Unity.Jobs.CodeGen.JobsILPostProcessor

running zzzUnity.Burst.CodeGen.BurstILPostProcessor
[1867/1733  0s] CopyFiles Library/ScriptAssemblies/Unity.InferenceEngine.Editor.pdb
[1868/1733  0s] ILPostProcess Library/Bee/artifacts/1900b0aE.dag/post-processed/Unity.InferenceEngine.Editor.Visualizer.dll (+pdb)
Processing assembly Library/Bee/artifacts/1900b0aE.dag/Unity.InferenceEngine.Editor.Visualizer.dll, with 142 defines and 314 references

processors: Unity.Jobs.CodeGen.JobsILPostProcessor, zzzUnity.Burst.CodeGen.BurstILPostProcessor

running Unity.Jobs.CodeGen.JobsILPostProcessor

running zzzUnity.Burst.CodeGen.BurstILPostProcessor
[1869/1733  0s] CopyFiles Library/ScriptAssemblies/Unity.ShaderGraph.Editor.dll
[1870/1733  0s] CopyFiles Library/ScriptAssemblies/Unity.InferenceEngine.Editor.Visualizer.pdb
[1871/1733  0s] CopyFiles Library/ScriptAssemblies/Unity.InferenceEngine.Editor.dll
[1872/1733  0s] CopyFiles Library/ScriptAssemblies/Unity.Burst.Editor.dll
[1873/1733  0s] CopyFiles Library/ScriptAssemblies/Unity.InferenceEngine.Editor.Visualizer.dll
[1874/1733  0s] ILPostProcess Library/Bee/artifacts/1900b0aE.dag/post-processed/Unity.2D.Animation.Editor.dll (+pdb)
Processing assembly Library/Bee/artifacts/1900b0aE.dag/Unity.2D.Animation.Editor.dll, with 144 defines and 317 references

processors: Unity.Jobs.CodeGen.JobsILPostProcessor, zzzUnity.Burst.CodeGen.BurstILPostProcessor

running Unity.Jobs.CodeGen.JobsILPostProcessor

running zzzUnity.Burst.CodeGen.BurstILPostProcessor
[1875/1733  0s] CopyFiles Library/ScriptAssemblies/Unity.2D.Animation.Editor.pdb
[1876/1733  0s] CopyFiles Library/ScriptAssemblies/Unity.2D.Animation.Editor.dll
*** Tundra build success (6.28 seconds), 733 items updated, 1733 evaluated
Total cache size 266461124
Total cache size after purge 266461124, took 00:00:00.1500657
Assets\Scripts\Dungeon\DungeonRunner.cs(285,26): warning CS0618: 'FindObjectsSortMode' is obsolete: 'FindObjectsSortMode has been deprecated. Use the FindObjectsByType overloads that do not take a FindObjectsSortMode parameter.'
Assets\Scripts\Dungeon\DungeonRunner.cs(283,38): warning CS0618: 'Object.FindObjectsByType<T>(FindObjectsInactive, FindObjectsSortMode)' is obsolete: 'FindObjectsByType with FindObjectsSortMode parameter has been deprecated. Use FindObjectsByType<T>() or FindObjectsByType<T>(FindObjectsInactive) instead. InstanceID will be replaced in the future with EntityId and previous sort order cannot be maintained.'
Assets\Tests\PlayMode\DungeonScenePlayModeTests.cs(31,22): warning CS0618: 'Object.FindFirstObjectByType<T>()' is obsolete: 'FindFirstObjectByType has been deprecated because it relies on instance ID ordering. Use FindAnyObjectByType instead, which does not depend on ordering.'
Assets\Tests\PlayMode\DungeonBossPlayModeTests.cs(42,26): warning CS0618: 'Object.FindFirstObjectByType<T>()' is obsolete: 'FindFirstObjectByType has been deprecated because it relies on instance ID ordering. Use FindAnyObjectByType instead, which does not depend on ordering.'
Assets\Tests\PlayMode\DungeonBossRoomHarness.cs(142,77): warning CS0618: 'FindObjectsSortMode' is obsolete: 'FindObjectsSortMode has been deprecated. Use the FindObjectsByType overloads that do not take a FindObjectsSortMode parameter.'
Assets\Tests\PlayMode\DungeonBossRoomHarness.cs(142,39): warning CS0618: 'Object.FindObjectsByType<T>(FindObjectsSortMode)' is obsolete: 'FindObjectsByType with FindObjectsSortMode parameter has been deprecated. Use FindObjectsByType<T>() or FindObjectsByType<T>(FindObjectsInactive) instead. InstanceID will be replaced in the future with EntityId and previous sort order cannot be maintained.'
Assets\Tests\PlayMode\DungeonScenePlayModeTests.cs(74,83): warning CS0618: 'FindObjectsSortMode' is obsolete: 'FindObjectsSortMode has been deprecated. Use the FindObjectsByType overloads that do not take a FindObjectsSortMode parameter.'
Assets\Tests\PlayMode\DungeonScenePlayModeTests.cs(74,42): warning CS0618: 'Object.FindObjectsByType<T>(FindObjectsSortMode)' is obsolete: 'FindObjectsByType with FindObjectsSortMode parameter has been deprecated. Use FindObjectsByType<T>() or FindObjectsByType<T>(FindObjectsInactive) instead. InstanceID will be replaced in the future with EntityId and previous sort order cannot be maintained.'
Assets\Tests\PlayMode\DungeonBossPlayModeTests.cs(83,26): warning CS0618: 'Object.FindFirstObjectByType<T>()' is obsolete: 'FindFirstObjectByType has been deprecated because it relies on instance ID ordering. Use FindAnyObjectByType instead, which does not depend on ordering.'
Assets\Tests\PlayMode\DungeonBossPlayModeTests.cs(123,21): warning CS0618: 'Object.FindFirstObjectByType<T>()' is obsolete: 'FindFirstObjectByType has been deprecated because it relies on instance ID ordering. Use FindAnyObjectByType instead, which does not depend on ordering.'
Assets\Tests\PlayMode\DungeonBossPlayModeTests.cs(125,21): warning CS0618: 'Object.FindFirstObjectByType<T>()' is obsolete: 'FindFirstObjectByType has been deprecated because it relies on instance ID ordering. Use FindAnyObjectByType instead, which does not depend on ordering.'
Assets\Tests\PlayMode\DungeonScenePlayModeTests.cs(94,22): warning CS0618: 'Object.FindFirstObjectByType<T>()' is obsolete: 'FindFirstObjectByType has been deprecated because it relies on instance ID ordering. Use FindAnyObjectByType instead, which does not depend on ordering.'
Assets\Tests\PlayMode\DungeonScenePlayModeTests.cs(95,25): warning CS0618: 'Object.FindFirstObjectByType<T>()' is obsolete: 'FindFirstObjectByType has been deprecated because it relies on instance ID ordering. Use FindAnyObjectByType instead, which does not depend on ordering.'
Assets\Tests\PlayMode\DungeonScenePlayModeTests.cs(122,51): warning CS0618: 'FindObjectsSortMode' is obsolete: 'FindObjectsSortMode has been deprecated. Use the FindObjectsByType overloads that do not take a FindObjectsSortMode parameter.'
Assets\Tests\PlayMode\DungeonScenePlayModeTests.cs(122,13): warning CS0618: 'Object.FindObjectsByType<T>(FindObjectsSortMode)' is obsolete: 'FindObjectsByType with FindObjectsSortMode parameter has been deprecated. Use FindObjectsByType<T>() or FindObjectsByType<T>(FindObjectsInactive) instead. InstanceID will be replaced in the future with EntityId and previous sort order cannot be maintained.'
Assets\Tests\PlayMode\DungeonScenePlayModeTests.cs(133,20): warning CS0618: 'Object.FindFirstObjectByType<T>()' is obsolete: 'FindFirstObjectByType has been deprecated because it relies on instance ID ordering. Use FindAnyObjectByType instead, which does not depend on ordering.'
Assets\Tests\PlayMode\DungeonScenePlayModeTests.cs(154,22): warning CS0618: 'Object.FindFirstObjectByType<T>()' is obsolete: 'FindFirstObjectByType has been deprecated because it relies on instance ID ordering. Use FindAnyObjectByType instead, which does not depend on ordering.'
Assets\Tests\PlayMode\DungeonScenePlayModeTests.cs(204,21): warning CS0618: 'Object.FindFirstObjectByType<T>()' is obsolete: 'FindFirstObjectByType has been deprecated because it relies on instance ID ordering. Use FindAnyObjectByType instead, which does not depend on ordering.'
Assets\Tests\PlayMode\DungeonScenePlayModeTests.cs(207,22): warning CS0618: 'Object.FindFirstObjectByType<T>()' is obsolete: 'FindFirstObjectByType has been deprecated because it relies on instance ID ordering. Use FindAnyObjectByType instead, which does not depend on ordering.'
Assets\Tests\PlayMode\DungeonScenePlayModeTests.cs(259,76): warning CS0618: 'FindObjectsSortMode' is obsolete: 'FindObjectsSortMode has been deprecated. Use the FindObjectsByType overloads that do not take a FindObjectsSortMode parameter.'
Assets\Tests\PlayMode\DungeonScenePlayModeTests.cs(259,38): warning CS0618: 'Object.FindObjectsByType<T>(FindObjectsSortMode)' is obsolete: 'FindObjectsByType with FindObjectsSortMode parameter has been deprecated. Use FindObjectsByType<T>() or FindObjectsByType<T>(FindObjectsInactive) instead. InstanceID will be replaced in the future with EntityId and previous sort order cannot be maintained.'
Assets\Tests\PlayMode\DungeonRunnerPlayModeTests.cs(478,13): warning CS0618: 'FindObjectsSortMode' is obsolete: 'FindObjectsSortMode has been deprecated. Use the FindObjectsByType overloads that do not take a FindObjectsSortMode parameter.'
Assets\Tests\PlayMode\DungeonRunnerPlayModeTests.cs(476,16): warning CS0618: 'Object.FindObjectsByType<T>(FindObjectsInactive, FindObjectsSortMode)' is obsolete: 'FindObjectsByType with FindObjectsSortMode parameter has been deprecated. Use FindObjectsByType<T>() or FindObjectsByType<T>(FindObjectsInactive) instead. InstanceID will be replaced in the future with EntityId and previous sort order cannot be maintained.'
Assets\Tests\Editor\ApproachAndShootEnemyControllerTests.cs(40,59): warning CS0618: 'FindObjectsSortMode' is obsolete: 'FindObjectsSortMode has been deprecated. Use the FindObjectsByType overloads that do not take a FindObjectsSortMode parameter.'
Assets\Tests\Editor\ApproachAndShootEnemyControllerTests.cs(40,17): warning CS0618: 'Object.FindObjectsByType<T>(FindObjectsSortMode)' is obsolete: 'FindObjectsByType with FindObjectsSortMode parameter has been deprecated. Use FindObjectsByType<T>() or FindObjectsByType<T>(FindObjectsInactive) instead. InstanceID will be replaced in the future with EntityId and previous sort order cannot be maintained.'
Assets\Tests\Editor\ApproachAndShootEnemyControllerTests.cs(57,59): warning CS0618: 'FindObjectsSortMode' is obsolete: 'FindObjectsSortMode has been deprecated. Use the FindObjectsByType overloads that do not take a FindObjectsSortMode parameter.'
Assets\Tests\Editor\ApproachAndShootEnemyControllerTests.cs(57,17): warning CS0618: 'Object.FindObjectsByType<T>(FindObjectsSortMode)' is obsolete: 'FindObjectsByType with FindObjectsSortMode parameter has been deprecated. Use FindObjectsByType<T>() or FindObjectsByType<T>(FindObjectsInactive) instead. InstanceID will be replaced in the future with EntityId and previous sort order cannot be maintained.'
Assets\Tests\Editor\ApproachAndShootEnemyControllerTests.cs(82,59): warning CS0618: 'FindObjectsSortMode' is obsolete: 'FindObjectsSortMode has been deprecated. Use the FindObjectsByType overloads that do not take a FindObjectsSortMode parameter.'
Assets\Tests\Editor\ApproachAndShootEnemyControllerTests.cs(82,17): warning CS0618: 'Object.FindObjectsByType<T>(FindObjectsSortMode)' is obsolete: 'FindObjectsByType with FindObjectsSortMode parameter has been deprecated. Use FindObjectsByType<T>() or FindObjectsByType<T>(FindObjectsInactive) instead. InstanceID will be replaced in the future with EntityId and previous sort order cannot be maintained.'
Assets\Tests\Editor\ApproachAndShootEnemyControllerTests.cs(98,67): warning CS0618: 'FindObjectsSortMode' is obsolete: 'FindObjectsSortMode has been deprecated. Use the FindObjectsByType overloads that do not take a FindObjectsSortMode parameter.'
Assets\Tests\Editor\ApproachAndShootEnemyControllerTests.cs(98,25): warning CS0618: 'Object.FindObjectsByType<T>(FindObjectsSortMode)' is obsolete: 'FindObjectsByType with FindObjectsSortMode parameter has been deprecated. Use FindObjectsByType<T>() or FindObjectsByType<T>(FindObjectsInactive) instead. InstanceID will be replaced in the future with EntityId and previous sort order cannot be maintained.'
Assets\Tests\Editor\EffectActionsTests.cs(19,42): warning CS0618: 'FindObjectsSortMode' is obsolete: 'FindObjectsSortMode has been deprecated. Use the FindObjectsByType overloads that do not take a FindObjectsSortMode parameter.'
Assets\Tests\Editor\EffectActionsTests.cs(18,42): warning CS0618: 'Object.FindObjectsByType<T>(FindObjectsInactive, FindObjectsSortMode)' is obsolete: 'FindObjectsByType with FindObjectsSortMode parameter has been deprecated. Use FindObjectsByType<T>() or FindObjectsByType<T>(FindObjectsInactive) instead. InstanceID will be replaced in the future with EntityId and previous sort order cannot be maintained.'
Assets\Tests\Editor\EffectRunnerTests.cs(40,42): warning CS0618: 'FindObjectsSortMode' is obsolete: 'FindObjectsSortMode has been deprecated. Use the FindObjectsByType overloads that do not take a FindObjectsSortMode parameter.'
Assets\Tests\Editor\EffectRunnerTests.cs(39,42): warning CS0618: 'Object.FindObjectsByType<T>(FindObjectsInactive, FindObjectsSortMode)' is obsolete: 'FindObjectsByType with FindObjectsSortMode parameter has been deprecated. Use FindObjectsByType<T>() or FindObjectsByType<T>(FindObjectsInactive) instead. InstanceID will be replaced in the future with EntityId and previous sort order cannot be maintained.'
Assets\Tests\Editor\MeleeStrikeTests.cs(24,42): warning CS0618: 'FindObjectsSortMode' is obsolete: 'FindObjectsSortMode has been deprecated. Use the FindObjectsByType overloads that do not take a FindObjectsSortMode parameter.'
Assets\Tests\Editor\MeleeStrikeTests.cs(23,42): warning CS0618: 'Object.FindObjectsByType<T>(FindObjectsInactive, FindObjectsSortMode)' is obsolete: 'FindObjectsByType with FindObjectsSortMode parameter has been deprecated. Use FindObjectsByType<T>() or FindObjectsByType<T>(FindObjectsInactive) instead. InstanceID will be replaced in the future with EntityId and previous sort order cannot be maintained.'
Assets\Tests\Editor\SampleStageSceneTests.cs(26,25): warning CS0618: 'Object.FindFirstObjectByType<T>()' is obsolete: 'FindFirstObjectByType has been deprecated because it relies on instance ID ordering. Use FindAnyObjectByType instead, which does not depend on ordering.'
Assets\Tests\Editor\SampleStageSceneTests.cs(36,29): warning CS0618: 'Object.FindFirstObjectByType<T>()' is obsolete: 'FindFirstObjectByType has been deprecated because it relies on instance ID ordering. Use FindAnyObjectByType instead, which does not depend on ordering.'
Assets\Tests\Editor\SampleStageSceneTests.cs(57,39): warning CS0618: 'Object.FindFirstObjectByType<T>()' is obsolete: 'FindFirstObjectByType has been deprecated because it relies on instance ID ordering. Use FindAnyObjectByType instead, which does not depend on ordering.'
Assets\Tests\Editor\Stage1BossEncounterIntegrationTests.cs(25,13): warning CS0618: 'Object.FindFirstObjectByType<T>()' is obsolete: 'FindFirstObjectByType has been deprecated because it relies on instance ID ordering. Use FindAnyObjectByType instead, which does not depend on ordering.'
Assets\Tests\Editor\Stage1BossEncounterIntegrationTests.cs(34,21): warning CS0618: 'Object.FindFirstObjectByType<T>()' is obsolete: 'FindFirstObjectByType has been deprecated because it relies on instance ID ordering. Use FindAnyObjectByType instead, which does not depend on ordering.'
Assets\Tests\Editor\StationaryFourWayShooterControllerTests.cs(15,55): warning CS0618: 'FindObjectsSortMode' is obsolete: 'FindObjectsSortMode has been deprecated. Use the FindObjectsByType overloads that do not take a FindObjectsSortMode parameter.'
Assets\Tests\Editor\StationaryFourWayShooterControllerTests.cs(15,13): warning CS0618: 'Object.FindObjectsByType<T>(FindObjectsSortMode)' is obsolete: 'FindObjectsByType with FindObjectsSortMode parameter has been deprecated. Use FindObjectsByType<T>() or FindObjectsByType<T>(FindObjectsInactive) instead. InstanceID will be replaced in the future with EntityId and previous sort order cannot be maintained.'
Assets\Tests\Editor\StationaryFourWayShooterControllerTests.cs(43,55): warning CS0618: 'FindObjectsSortMode' is obsolete: 'FindObjectsSortMode has been deprecated. Use the FindObjectsByType overloads that do not take a FindObjectsSortMode parameter.'
Assets\Tests\Editor\StationaryFourWayShooterControllerTests.cs(43,13): warning CS0618: 'Object.FindObjectsByType<T>(FindObjectsSortMode)' is obsolete: 'FindObjectsByType with FindObjectsSortMode parameter has been deprecated. Use FindObjectsByType<T>() or FindObjectsByType<T>(FindObjectsInactive) instead. InstanceID will be replaced in the future with EntityId and previous sort order cannot be maintained.'
Assets\Tests\Editor\StationaryFourWayShooterControllerTests.cs(48,55): warning CS0618: 'FindObjectsSortMode' is obsolete: 'FindObjectsSortMode has been deprecated. Use the FindObjectsByType overloads that do not take a FindObjectsSortMode parameter.'
Assets\Tests\Editor\StationaryFourWayShooterControllerTests.cs(48,13): warning CS0618: 'Object.FindObjectsByType<T>(FindObjectsSortMode)' is obsolete: 'FindObjectsByType with FindObjectsSortMode parameter has been deprecated. Use FindObjectsByType<T>() or FindObjectsByType<T>(FindObjectsInactive) instead. InstanceID will be replaced in the future with EntityId and previous sort order cannot be maintained.'
Assets\Tests\Editor\Stage1MushroomEncounterIntegrationTests.cs(30,13): warning CS0618: 'FindObjectsSortMode' is obsolete: 'FindObjectsSortMode has been deprecated. Use the FindObjectsByType overloads that do not take a FindObjectsSortMode parameter.'
Assets\Tests\Editor\Stage1MushroomEncounterIntegrationTests.cs(28,51): warning CS0618: 'Object.FindObjectsByType<T>(FindObjectsInactive, FindObjectsSortMode)' is obsolete: 'FindObjectsByType with FindObjectsSortMode parameter has been deprecated. Use FindObjectsByType<T>() or FindObjectsByType<T>(FindObjectsInactive) instead. InstanceID will be replaced in the future with EntityId and previous sort order cannot be maintained.'
Assets\Tests\Editor\Stage1MushroomEncounterIntegrationTests.cs(64,36): warning CS0618: 'Object.FindFirstObjectByType<T>()' is obsolete: 'FindFirstObjectByType has been deprecated because it relies on instance ID ordering. Use FindAnyObjectByType instead, which does not depend on ordering.'
Assets\Tests\Editor\WeaponProjectilePierceTests.cs(32,42): warning CS0618: 'FindObjectsSortMode' is obsolete: 'FindObjectsSortMode has been deprecated. Use the FindObjectsByType overloads that do not take a FindObjectsSortMode parameter.'
Assets\Tests\Editor\WeaponProjectilePierceTests.cs(31,47): warning CS0618: 'Object.FindObjectsByType<T>(FindObjectsInactive, FindObjectsSortMode)' is obsolete: 'FindObjectsByType with FindObjectsSortMode parameter has been deprecated. Use FindObjectsByType<T>() or FindObjectsByType<T>(FindObjectsInactive) instead. InstanceID will be replaced in the future with EntityId and previous sort order cannot be maintained.'
Assets\Tests\Editor\WeaponProjectilePierceTests.cs(38,42): warning CS0618: 'FindObjectsSortMode' is obsolete: 'FindObjectsSortMode has been deprecated. Use the FindObjectsByType overloads that do not take a FindObjectsSortMode parameter.'
Assets\Tests\Editor\WeaponProjectilePierceTests.cs(37,42): warning CS0618: 'Object.FindObjectsByType<T>(FindObjectsInactive, FindObjectsSortMode)' is obsolete: 'FindObjectsByType with FindObjectsSortMode parameter has been deprecated. Use FindObjectsByType<T>() or FindObjectsByType<T>(FindObjectsInactive) instead. InstanceID will be replaced in the future with EntityId and previous sort order cannot be maintained.'
Assets\Tests\Editor\TitleSceneBuilderTests.cs(29,25): warning CS0618: 'Object.FindFirstObjectByType<T>()' is obsolete: 'FindFirstObjectByType has been deprecated because it relies on instance ID ordering. Use FindAnyObjectByType instead, which does not depend on ordering.'
Assets\Tests\Editor\TitleSceneBuilderTests.cs(49,35): warning CS0618: 'Object.FindFirstObjectByType<T>()' is obsolete: 'FindFirstObjectByType has been deprecated because it relies on instance ID ordering. Use FindAnyObjectByType instead, which does not depend on ordering.'
Reloading assemblies after forced synchronous recompile.
Begin MonoManager ReloadAssembly
Refreshing native plugins compatible for Editor in 7.65 ms, found 6 plugins.
Native extension for WindowsStandalone target not found
Native extension for WebGL target not found
Refreshing native plugins compatible for Editor in 4.71 ms, found 6 plugins.
[Licensing::Client] Error: Code 404 while processing request (status: Found 0 entitlement groups and 0 free entitlements matching requested entitlement ids)
[Licensing::Client] Error: Code 404 while processing request (status: Found 0 entitlement groups and 0 free entitlements matching requested entitlement ids)
[Licensing::Client] Error: Code 404 while processing request (status: Found 0 entitlement groups and 0 free entitlements matching requested entitlement ids)
ScheduleIndexationOnStartup MainProcess:True IndexOnStartup:True
Mono: successfully reloaded assembly
- Finished resetting the current domain, in  2.963 seconds
Domain Reload Profiling: 4676ms
	BeginReloadAssembly (662ms)
		DisableScriptedObjects (118ms)
		CreateAndSetChildDomain (401ms)
	RebuildCommonClasses (12ms)
	RebuildNativeTypeToScriptingClass (17ms)
	initialDomainReloadingComplete (78ms)
	LoadAllAssembliesAndSetupDomain (943ms)
		LoadAssemblies (140ms)
		AnalyzeDomain (677ms)
			TypeCache.Refresh (233ms)
				TypeCache.ScanAssembly (219ms)
			BuildScriptInfoCaches (367ms)
			ResolveRequiredComponents (75ms)
	FinalizeReload (2964ms)
		SetupLoadedEditorAssemblies (0ms)
			InitializePlatformSupportModulesInManaged (3ms)
			BeforeProcessingInitializeOnLoad (159ms)
			ProcessInitializeOnLoadAttributes (1821ms)
			ProcessInitializeOnLoadMethodAttributes (445ms)
			AfterProcessingInitializeOnLoad (8ms)
		AwakeInstancesAfterBackupRestoration (45ms)
Starting new worker id: 0 with log in C:/Users/myong/NaManMoo/Namanmoo_client/Logs/AssetImportWorkerHW0.log
Refreshing native plugins compatible for Editor in 5.30 ms, found 6 plugins.

Asset Pipeline Refresh (id=fb49afc3f026be4419ef5a65bd73b21e): Total: 29.088 seconds - Initiated by InitialRefreshV2(ForceSynchronousImport)
	(Values over 0.05ms)
	Summary:
		Imports: total=0 (actual=0, local cache=0, cache server=0)
		Asset DB Process Time: managed=0 ms, native=7306 ms
		Asset DB Callback time: managed=558 ms, native=27 ms
		Scripting: domain reloads=2, domain reload time=2739 ms, compile time=18393 ms, other=64 ms
		Project Asset Count: scripts=2441, non-scripts=6332
		Asset File Changes: new=0, changed=1, moved=0, deleted=0
		Scan Filter Count: 0
	InvokePackagesCallback: 17.337ms
	ApplyChangesToAssetFolders: 0.754ms
	Scan: 94.299ms
	Collect global state as custom dependencies: 11.171ms
	OnSourceAssetsModified: 0.714ms
	CategorizeScriptCompilationAssets: 52.344ms
	ProcessAssetsWithTransientArtifactChanges: 99.083ms
	CategorizeAssets: 131.443ms
	CompileScripts: 18392.956ms
	ImportOutOfDateAssets: 6748.963ms (6642.696ms without children)
		CollectScriptTypesHashes: 7.236ms
		ReloadNativeAssets: 1.276ms
		UnloadImportedAssets: 1.160ms
		EnsureUptoDateAssetsAreRegisteredWithGuidPM: 2.242ms
		ImportSchedulerStart: 101.567ms
	PostProcessAllAssets: 561.270ms
		VCAutoAddAssetPostprocess 1.440ms
		XRBuildSystem.XRAssetImported 1.072ms
		PostProcessCallbackCreateDeferredMaterials 0.108ms
		MonoPostProcessAllAssets: 557.414ms
			AssetPostprocessor.OnPostprocessAllAssets 230.316ms
			StyleCatalogPostProcessor.OnPostprocessAllAssets 29.375ms
			AssetReferenceReimportMonitor.OnPostprocessAllAssets 27.062ms
			UniversalRenderPipelineGlobalSettingsPostprocessor.OnPostprocessAllAssets 10.845ms
			BuilderAssetPostprocessor.OnPostprocessAllAssets 5.774ms
			SpriteSlicePostprocessor.OnPostprocessAllAssets 3.120ms
			SyncVS.PostprocessSyncProject 2.690ms
			WindowAssetPostprocessingWatcher.OnPostprocessAllAssets 2.207ms
			SpeedTree9Postprocessor.OnPostprocessAllAssets 1.927ms
			ShaderGraphAssetPostProcessor.OnPostprocessAllAssets 1.787ms
			GraphRefreshPostprocessor.OnPostprocessAllAssets 1.681ms
			AssetChangedListener.OnPostprocessAllAssets 1.605ms
			RetainedModeAssetPostprocessor.OnPostprocessAllAssets 1.521ms
			EditModeScopePostprocessor.OnPostprocessAllAssets 1.210ms
			AssetChangeDetector.OnPostprocessAllAssets 1.060ms
			SpriteEditorTexturePostprocessor.OnPostprocessAllAssets 0.807ms
			ArtifactBrowserPostProcessor.OnPostprocessAllAssets 0.762ms
			MaterialPostprocessor.OnPostprocessAllAssets 0.758ms
			RenderPipelineGlobalSettingsPostprocessor.OnPostprocessAllAssets 0.603ms
			SkillsProjectAssetPostprocessor.OnPostprocessAllAssets 0.491ms
			AssetProcessor.OnPostprocessAllAssets 0.488ms
			TextAssetPostProcessor.OnPostprocessAllAssets 0.462ms
			ModelAssetProcessor.OnPostprocessAllAssets 0.454ms
			SampleDependencyImporterPostProcessor.OnPostprocessAllAssets 0.453ms
			UVCSAssetPostprocessor.OnPostprocessAllAssets 0.428ms
			SpriteShapeAssetPostProcessor.OnPostprocessAllAssets 0.414ms
			ShaderReflectionAssetPostProcessor.OnPostprocessAllAssets 0.383ms
			InputActionAssetPostprocessor.OnPostprocessAllAssets 0.378ms
			TMPro_TexturePostProcessor.OnPostprocessAllAssets 0.375ms
			AudioMixerPostprocessor.OnPostprocessAllAssets 0.371ms
			ReferencedClipsPostProcessor.OnPostprocessAllAssets 0.363ms
			AssetEvents.OnPostprocessAllAssets 0.319ms
			InputActionJsonNameModifierAssetProcessor.OnPostprocessAllAssets 0.295ms
			PostProcessor.OnPostprocessAllAssets 0.279ms
			TerrainToolbarOverlayPostProcessor.OnPostprocessAllAssets 0.267ms
			AssetDatabaseCallbacks.OnPostprocessAllAssets 0.220ms
			SpriteLibraryAssetPostprocessor.OnPostprocessAllAssets 0.201ms
			SpeedTreePostProcessor.OnPostprocessAllAssets 0.182ms
			ConfigAssetsTracker.OnPostprocessAllAssets 0.181ms
			ScenarioDriftAssetsTracker.OnPostprocessAllAssets 0.180ms
			ProjectSettingsPostprocessor.OnPostprocessAllAssets 0.162ms
			SamplePostprocessor.OnPostprocessAllAssets 0.157ms
			PSDImportPostProcessor.OnPostprocessAllAssets 0.153ms
			TrackSelectedAssetsProcessor.OnPostprocessAllAssets 0.152ms
			AssetReloadNotifier.OnPostprocessAllAssets 0.136ms
			AudioContainerPostProcessor.OnPostprocessAllAssets 0.098ms
			PSDImporterAssetPostProcessor.OnPostprocessAllAssets 0.078ms
	PostAssetChangesProfiler: 8.341ms
	UnloadStreamsBegin: 3.611ms
	PersistCurrentRevisions: 0.225ms
	GenerateScriptTypeHashes: 5.363ms
	GenerateScriptTypeSerializationHashes: 7.809ms
	Untracked: 2952.298ms

Application.AssetDatabase Initial Refresh End
Shader Hidden/ChartRasterizerHardware is not supported: GPU does not support conservative rasterization
Shader Hidden/ChartRasterizerHardware is not supported: GPU does not support conservative rasterization
Scanning for USB devices : 18.202ms
Initializing Unity extensions:
[MODES] ModeService[none].Initialize
[MODES] ModeService[none].LoadModes
[MODES] Loading mode Default (0) for mode-current-id-NaManMoo
Unloading 69 Unused Serialized files (Serialized files now loaded: 0)
Unloading 11182 unused Assets / (7.1 MB). Loaded Objects now: 12120.
Memory consumption went from 0.63 GB to 0.62 GB.
Total: 24.102800 ms (FindLiveObjects: 1.616300 ms CreateObjectMapping: 3.686500 ms MarkObjects: 14.038000 ms  DeleteObjects: 4.758400 ms)

Importing 'GUID: 951d15d9fe2a270468ea360cf10024ec - Path: Assets/Boss/boss_Sultan_p1.png' with importer (TextureImporter)
Imported 'GUID: 951d15d9fe2a270468ea360cf10024ec' -> (Import Result ID: '4374ce2a253faa7f602199c70fd5642d') in 0.063 seconds [static and dynamic dependencies]. Details - ImportResultOutputID=1c8829c0ea0ed30ad3f61f63157a30d6 DependenciesID=5b8eaac3bf8c09720d007a73d79c1ce2 StaticDependenciesID=5759e10fa97084f5da1b9b53ce2dec75 
Refreshing native plugins compatible for Editor in 3.19 ms, found 6 plugins.
Asset Pipeline Refresh (id=923a6169ec36c46408d4fdb974369748): Total: 0.255 seconds - Initiated by StopAssetImportingV2(NoUpdateAssetOptions)
Importing 'GUID: 34fc666f94b399045aad0886de8af705 - Path: Assets/Boss/boss_Sultan_p2.png' with importer (TextureImporter)
Imported 'GUID: 34fc666f94b399045aad0886de8af705' -> (Import Result ID: 'e2dd82db8f8c257a3ec087b6626aa2ea') in 0.045 seconds [static and dynamic dependencies]. Details - ImportResultOutputID=6ff1a2f481004eaeb6457c0ac8b861ce DependenciesID=30b24501b16f2b20c291d766430e9a17 StaticDependenciesID=7df459e0bd57a597826505b684e943d1 
Refreshing native plugins compatible for Editor in 4.24 ms, found 6 plugins.
Asset Pipeline Refresh (id=38f0ddd798fd570428bd49e99789d8e8): Total: 0.150 seconds - Initiated by StopAssetImportingV2(NoUpdateAssetOptions)
Importing 'GUID: 7cbe8597b878eeb418496ec9428a12a8 - Path: Assets/Boss/boss_slime_etc.png' with importer (TextureImporter)
Worker ready: AssetImportWorkerHW0 0
Imported 'GUID: 7cbe8597b878eeb418496ec9428a12a8' -> (Import Result ID: 'df2ebadb3a56d3848ccd526f12bccaa8') in 0.090 seconds [static and dynamic dependencies]. Details - ImportResultOutputID=492b27f7cfc2f5857ab77773e465860c DependenciesID=f4c2e0d2cafe6f7a4430dbb5029db7e5 StaticDependenciesID=76cb516be36d4013bbf9900e0b63607a 
Refreshing native plugins compatible for Editor in 3.26 ms, found 6 plugins.
Asset Pipeline Refresh (id=6e9ca34f2a3cea84f9ff096588a864e5): Total: 0.185 seconds - Initiated by StopAssetImportingV2(NoUpdateAssetOptions)
Importing 'GUID: 245110764531b57489da1a93d8ab1081 - Path: Assets/Boss/boss_slime_fallMaker.png' with importer (TextureImporter)
Imported 'GUID: 245110764531b57489da1a93d8ab1081' -> (Import Result ID: 'bb34ff911d4ac53370328d2631fe259d') in 0.154 seconds [static and dynamic dependencies]. Details - ImportResultOutputID=ad206bbbd9f5c451e677992ecb45178c DependenciesID=431c540f874d0b5b3671b71ba9c77208 StaticDependenciesID=37721069e83c2940e9d2e842c509d61d 
Refreshing native plugins compatible for Editor in 4.42 ms, found 6 plugins.
Asset Pipeline Refresh (id=e09146e5c296ac2429f15d36d63299e3): Total: 0.251 seconds - Initiated by StopAssetImportingV2(NoUpdateAssetOptions)
Unloading 26 Unused Serialized files (Serialized files now loaded: 0)
Unloading 81 unused Assets / (221.6 KB). Loaded Objects now: 12122.
Memory consumption went from 0.60 GB to 0.60 GB.
Total: 15.070000 ms (FindLiveObjects: 0.392200 ms CreateObjectMapping: 1.013000 ms MarkObjects: 13.469500 ms  DeleteObjects: 0.194000 ms)

AcceleratorClientConnectionCallback - disconnected - :0
Importing 'GUID: 00000000000000004000000000000000 - Path: ProjectSettings/ProjectSettings.asset' with importer (LibraryAssetImporter)
Imported 'GUID: 00000000000000004000000000000000' -> (Import Result ID: 'fe6f3da9a4a294d5e6592acca15b702f') in 0.002 seconds [static dependencies only]. Details - ImportResultOutputID=276a810dac73e1f29404d5e5f692e214 DependenciesID=954438de56e62a1fde6ff0d9777ac664 StaticDependenciesID=37b2b30e5904d54efe8e743332e3ee19 
Importing 'GUID: 0000000000000000b000000000000000 - Path: ProjectSettings/EditorBuildSettings.asset' with importer (LibraryAssetImporter)
Imported 'GUID: 0000000000000000b000000000000000' -> (Import Result ID: '7ba2c2e8354a4db10ca4343160e70edc') in 0.001 seconds [static dependencies only]. Details - ImportResultOutputID=4647dd083cfc32cebcd7526e8846440c DependenciesID=a692f41ddcc783335ee230d6dc3fa715 StaticDependenciesID=3b6485d83dba035f692c2f393e9f9cb7 
Refreshing native plugins compatible for Editor in 3.02 ms, found 6 plugins.
Asset Pipeline Refresh (id=c3c0d2555c092344eb0527e03845cfb8): Total: 0.114 seconds - Initiated by StopAssetImportingV2(NoUpdateAssetOptions)
Importing 'GUID: 33155c1d785724e0cbd47d0d4f99f5e8 - Path: Assets/Scenes/Dungeon.unity' with importer (DefaultImporter)
Imported 'GUID: 33155c1d785724e0cbd47d0d4f99f5e8' -> (Import Result ID: '9b792724d4498c3718aa9f3270d9a87b') in 0.002 seconds [static dependencies only]. Details - ImportResultOutputID=154e63c6e1d7cedb1117900841899b0d DependenciesID=1d3080d70c1b4220bf57ea514c165255 StaticDependenciesID=e0c3330e794f2ab227fb6ce728363350 
Refreshing native plugins compatible for Editor in 2.97 ms, found 6 plugins.
Asset Pipeline Refresh (id=ec968b7f9c3a6b049a486b6f28a8d604): Total: 0.101 seconds - Initiated by StopAssetImportingV2(NoUpdateAssetOptions)
Asset Pipeline Refresh (id=bdf040448822b6c4bb216bc68f572314): Total: 0.008 seconds - Initiated by RefreshV2(NoUpdateAssetOptions)
ÎçòÏ†Ñ Ïî¨ÏùÑ ÎßåÎì§ÏóàÏäµÎãàÎã§: Assets/Scenes/Dungeon.unity
UnityEngine.Debug:ExtractStackTraceNoAlloc (byte*,int,string)
UnityEngine.StackTraceUtility:ExtractStackTrace ()
UnityEngine.DebugLogHandler:Internal_Log (UnityEngine.LogType,UnityEngine.LogOption,string,UnityEngine.Object)
UnityEngine.DebugLogHandler:LogFormat (UnityEngine.LogType,UnityEngine.Object,string,object[])
UnityEngine.Logger:Log (UnityEngine.LogType,object)
UnityEngine.Debug:Log (object)
DungeonSceneBuilder:Build () (at Assets/Editor/DungeonSceneBuilder.cs:96)

(Filename: Assets/Editor/DungeonSceneBuilder.cs Line: 96)

Microsoft Media Foundation video decoding to texture disabled: graphics device is Null, only Direct3D 11 and Direct3D 12 (only on desktop) are supported for hardware-accelerated video decoding.
[Project] Loading completed in 32.952 seconds
	Project init time: 				31.254 seconds
		Template init time: 		0.000 seconds
		Package Manager init time: 		0.858 seconds
		Asset Database init time: 		0.186 seconds
		Global illumination init time: 	0.002 seconds
		Assemblies load time: 			0.579 seconds
		Unity extensions init time: 	0.030 seconds
		Asset Database refresh time: 	29.089 seconds
	Scene opening time: 			1.617 seconds
##utp:{"type":"ProjectInfo","version":2,"phase":"Immediate","time":1786175206246,"processId":14112,"projectLoad":32.9520495,"projectInit":31.2536518,"templateInit":0.0,"packageManagerInit":0.8581818,"assetDatabaseInit":0.1864924,"globalIlluminationInit":0.0021511,"assembliesLoad":0.5786203,"unityExtensionsInit":0.0304628,"assetDatabaseRefresh":29.0887678,"sceneOpening":1.6171471}
##utp:{"type":"EditorInfo","version":2,"phase":"Immediate","time":1786175206246,"processId":14112,"editorVersion":"6000.5.5f1 (d16e074b49fd)","branch":"6000.5/staging","buildType":"Release","platform":"Windows"}
[Licensing::Client] Error: Code 404 while processing request (status: Found 0 entitlement groups and 0 free entitlements matching requested entitlement ids)
[Licensing::Client] Error: Code 404 while processing request (status: Found 0 entitlement groups and 0 free entitlements matching requested entitlement ids)
Start Indexing on Editor startup
[Indexing] Starting Initial Indexing for Assets
[UnityConnectServicesConfig] config is NOT valid, switching to default
Created GICache directory at C:/Users/myong/AppData/LocalLow/Unity/Caches/GiCache. Took: 0.013s, timestamps: [32.959 - 32.972]
[Licensing::Client] Successfully resolved entitlement details
[Licensing::Client] Successfully resolved entitlement details
[Licensing::Client] Error: Code 404 while processing request (status: Found 0 entitlement groups and 0 free entitlements matching requested entitlement ids)
[Licensing::Client] Error: Code 404 while processing request (status: Found 0 entitlement groups and 0 free entitlements matching requested entitlement ids)
[Licensing::Client] Error: Code 404 while processing request (status: Found 0 entitlement groups and 0 free entitlements matching requested entitlement ids)
TrimDiskCacheJob: Current cache size 0mb
Scanning for USB devices : 28.210ms
Scanning for USB devices : 15.438ms
Scanning for USB devices : 28.107ms
Scanning for USB devices : 12.966ms
Scanning for USB devices : 73.522ms
Scanning for USB devices : 23.886ms
Scanning for USB devices : 12.993ms
Scanning for USB devices : 12.889ms
Scanning for USB devices : 30.772ms
Scanning for USB devices : 13.847ms
Directory monitor buffer overflow for 'Library/BuildInstructions'Next Refresh will do full enumeration.Directory monitor buffer overflow for 'Packages'Next Refresh will do full enumeration.Directory monitor buffer overflow for 'Packages'Next Refresh will do full enumeration.