[Licensing::Module] Trying to connect to existing licensing client channel...
Built from '6000.5/staging' branch; Version is '6000.5.5f1 (d16e074b49fd) revision 13725191'; Using compiler version '194234433'; Build Type 'Release'
OS: 'Windows 11  (10.0.26200) Professional' Language: 'ko' Physical Memory: 32372 MB
[Licensing::IpcConnector] Successfully connected to: "LicenseClient-myong" at "2026-08-03T11:56:01.6175897Z"
BatchMode: 1, IsHumanControllingUs: 0, StartBugReporterOnCrash: 0, Is64bit: 1
System  architecture: x64
Process architecture: x64
Date: 2026-08-03T11:56:01Z

COMMAND LINE ARGUMENTS:
C:\Program Files\Unity\Hub\Editor\6000.5.5f1\Editor\Unity.exe
-batchmode
-nographics
-projectPath
C:\Users\myong\NaManMoo\Namanmoo_client
-runTests
-testPlatform
EditMode
-testResults
Artifacts\dungeon-projectile-cleanup-final-editmode.xml
-logFile
Artifacts\dungeon-projectile-cleanup-final-editmode.log
Successfully changed project path to: C:\Users\myong\NaManMoo\Namanmoo_client
C:/Users/myong/NaManMoo/Namanmoo_client
[UnityMemory] Configuration Parameters - Can be set up in boot.config
    "memorysetup-temp-allocator-size-gi-baking-worker=262144"
    "memorysetup-temp-allocator-size-gi-baking-worker=262144"
    "memorysetup-temp-allocator-size-gi-baking-worker=262144"
    "memorysetup-temp-allocator-size-gi-baking-worker=262144"
    "memorysetup-temp-allocator-size-gi-baking-worker=262144"
    "memorysetup-temp-allocator-size-nav-mesh-worker=65536"
    "memorysetup-temp-allocator-size-audio-worker=65536"
    "memorysetup-temp-allocator-size-cloud-worker=32768"
    "memorysetup-temp-allocator-size-gfx=262144"
    "memorysetup-temp-allocator-size-preload-manager=33554432"
    "memorysetup-allocator-temp-initial-block-size-main=262144"
    "memorysetup-allocator-temp-initial-block-size-worker=262144"
    "memorysetup-temp-allocator-size-job-worker=262144"
    "memorysetup-temp-allocator-size-background-worker=32768"
    "memorysetup-bucket-allocator-granularity=16"
    "memorysetup-bucket-allocator-bucket-count=8"
    "memorysetup-bucket-allocator-block-size=33554432"
    "memorysetup-bucket-allocator-block-count=8"
    "memorysetup-main-allocator-block-size=16777216"
    "memorysetup-thread-allocator-block-size=16777216"
    "memorysetup-main-allocator-mimalloc-enabled=0"
    "memorysetup-gfx-main-allocator-block-size=16777216"
    "memorysetup-gfx-thread-allocator-block-size=16777216"
    "memorysetup-cache-allocator-block-size=4194304"
    "memorysetup-typetree-allocator-block-size=2097152"
    "memorysetup-profiler-bucket-allocator-granularity=16"
    "memorysetup-profiler-bucket-allocator-bucket-count=8"
    "memorysetup-profiler-bucket-allocator-block-size=33554432"
    "memorysetup-profiler-bucket-allocator-block-count=8"
    "memorysetup-profiler-allocator-block-size=16777216"
    "memorysetup-profiler-editor-allocator-block-size=1048576"
    "memorysetup-temp-allocator-size-main=16777216"
    "memorysetup-job-temp-allocator-block-size=2097152"
    "memorysetup-job-temp-allocator-block-size-background=1048576"
    "memorysetup-job-temp-allocator-reduction-small-platforms=262144"
Logging is directed to a specific file, skipping project log.Player connection [6832]  Target information:

Player connection [6832]  * "[IP] 172.29.160.1 [Port] 55504 [Flags] 2 [Guid] 1313652721 [EditorId] 1313652721 [Version] 1048832 [Id] WindowsEditor(7,명석메인PC) [Debug] 1 [PackageName] WindowsEditor [ProjectName] Editor" 

Player connection [6832]  * "[IP] 192.168.0.18 [Port] 55504 [Flags] 2 [Guid] 1313652721 [EditorId] 1313652721 [Version] 1048832 [Id] WindowsEditor(7,명석메인PC) [Debug] 1 [PackageName] WindowsEditor [ProjectName] Editor" 

Player connection [6832] Host joined multi-casting on [225.0.0.222:54997]...
Player connection [6832] Host joined alternative multi-casting on [225.0.0.222:34997]...
Input System module state changed to: Initialized.
[Physics::Module] Initialized fallback backend.
[Physics::Module] Id: 0xdecafbad
[Package Manager] Connected to IPC stream "Upm-13156" after 0.2 seconds.
[Licensing::Module] Licensing is not yet initialized.
[Licensing::Client] Error: HandshakeResponse reported an error:
	ResponseCode: 505
	ResponseStatus: Unsupported protocol version '1.18.1'.
[Licensing::Module] Error: Failed to handshake to channel: "LicenseClient-myong"
[Licensing::IpcConnector] LicenseClient-myong channel disconnected successfully.
[Licensing::IpcConnector] Channel LicenseClient-myong-6000.5.5 doesn't exist
[Licensing::Module] Successfully launched the LicensingClient (PId: 23268)
[Licensing::IpcConnector] Successfully connected to: "LicenseClient-myong-6000.5.5" at "2026-08-03T11:56:02.6397256Z"
[Licensing::Client] Code 10 while verifying Licensing Client signature (process Id: 23268, path: "C:/Program Files/Unity/Hub/Editor/6000.5.5f1/Editor/Data/Resources/Licensing/Client/Unity.Licensing.Client.exe")
[Licensing::Module] LicensingClient has failed validation; ignoring
[Licensing::Client] Handshaking with LicensingClient:
  Version:                 1.18.1+9fbee8e
  Session Id:              ffa44b023e6b48c8830227760d80bbec
  Correlation Id:          20bf6df4e6d843fd8fbd0ec5fc1a2ca9
  External correlation Id: 5024341009924536469
  Machine Id:              v+a+ouGR4+W8BTN/Qdz04mSEDRQ=
[Licensing::Module] Successfully connected to LicensingClient on channel: "LicenseClient-myong-6000.5.5" (connect: 0.37s, validation: 0.04s, handshake: 0.00s)
[Licensing::IpcConnector] Successfully connected to: "LicenseClient-myong-6000.5.5-notifications" at "2026-08-03T11:56:02.6789304Z"
[Licensing::Module] Connected to LicensingClient (PId: 23268, launch time: 0.01, total connection time: 0.41s)
[Licensing::Module] Error: Access token is unavailable; failed to update
[Licensing::Client] Successfully resolved entitlement details
[Licensing::Module] License group:
  Id: 14568940247218-UnityPersXXXX
  Product: Unity Personal
  Type: Assigned
  Expiration: Unlimited
[Licensing::Client] Successfully updated license, isAsync: True, time: 0.01
[Licensing::Module] Licensing Background thread has ended after 1.08s
[Licensing::Module] Licensing is initialized (took 0.80s).
[Licensing::Client] Successfully resolved entitlement details
Library Redirect Path: Library/
[Physics::Module] Selected backend.
[Physics::Module] Name: PhysX
[Physics::Module] Id: 0xf2b8ea05
[Physics::Module] SDK Version: 4.1.2
[Physics::Module] Integration Version: 1.0.0
[Physics::Module] Threading Mode: Multi-Threaded
Active build profile path: `Assets/Settings/Build Profiles/Windows.asset`
Got setting from build profile YAML, name `m_BuildTarget`, value `19`
Got setting from build profile YAML, name `m_Subtarget`, value `2`
Initialize engine version: 6000.5.5f1 (d16e074b49fd)
[Subsystems] Discovering subsystems at path C:/Program Files/Unity/Hub/Editor/6000.5.5f1/Editor/Data/Resources/UnitySubsystems
[Subsystems] Discovering subsystems at path C:/Users/myong/NaManMoo/Namanmoo_client/Assets
Forcing GfxDevice: Null
GfxDevice: creating device client; kGfxThreadingModeNonThreaded
NullGfxDevice:
    Version:  NULL 1.0 [1.0]
    Renderer: Null Device
    Vendor:   Unity Technologies
Initialize mono
Mono path[0] = 'C:/Program Files/Unity/Hub/Editor/6000.5.5f1/Editor/Data/Managed'
Mono path[1] = 'C:/Program Files/Unity/Hub/Editor/6000.5.5f1/Editor/Data/BCLExtensions/runtime/netstandard2.1'
Mono path[2] = 'C:/Program Files/Unity/Hub/Editor/6000.5.5f1/Editor/Data/MonoBleedingEdge/lib/mono/unityjit-win32'
Mono config path = 'C:/Program Files/Unity/Hub/Editor/6000.5.5f1/Editor/Data/MonoBleedingEdge/etc'
Using monoOptions --debugger-agent=transport=dt_socket,embedding=1,server=y,suspend=n,address=127.0.0.1:56156
CodeReloadManager initialized
ImportWorker Server TCP listen port: 0
AcceleratorClientConnectionCallback - disconnected - :0
Begin MonoManager ReloadAssembly
Registering precompiled unity dll's ...
Register platform support module: C:/Program Files/Unity/Hub/Editor/6000.5.5f1/Editor/Data/PlaybackEngines/WebGLSupport/UnityEditor.WebGL.Extensions.dll
Register platform support module: C:/Program Files/Unity/Hub/Editor/6000.5.5f1/Editor/Data/PlaybackEngines/WindowsStandaloneSupport/UnityEditor.WindowsStandalone.Extensions.dll
Registered in 0.001630 seconds.
Native extension for WindowsStandalone target not found
Native extension for WebGL target not found
Package Manager log level set to [2]
ScheduleIndexationOnStartup MainProcess:False IndexOnStartup:True
Mono: successfully reloaded assembly
- Finished resetting the current domain, in  0.246 seconds
Domain Reload Profiling: 580ms
	BeginReloadAssembly (84ms)
		CreateAndSetChildDomain (5ms)
	RebuildCommonClasses (4ms)
	RebuildNativeTypeToScriptingClass (11ms)
	initialDomainReloadingComplete (44ms)
	LoadAllAssembliesAndSetupDomain (189ms)
		LoadAssemblies (77ms)
		AnalyzeDomain (139ms)
			TypeCache.Refresh (137ms)
				TypeCache.ScanAssembly (127ms)
	FinalizeReload (247ms)
		SetupLoadedEditorAssemblies (0ms)
			BeforeProcessingInitializeOnLoad (63ms)
			ProcessInitializeOnLoadAttributes (61ms)
			ProcessInitializeOnLoadMethodAttributes (74ms)
[Licensing::Client] Successfully resolved entitlement details
Application.AssetDatabase Initial Refresh Start
[Package Manager] Restoring resolved packages state from cache
[Licensing::Client] Successfully resolved entitlement details
[Package Manager] Registered 65 packages:
  Packages from [https://packages.unity.com]:
    com.unity.2d.animation@15.1.0 (location: C:\Users\myong\NaManMoo\Namanmoo_client\Library\PackageCache\com.unity.2d.animation@6d5a363ae647)
    com.unity.2d.aseprite@5.0.3 (location: C:\Users\myong\NaManMoo\Namanmoo_client\Library\PackageCache\com.unity.2d.aseprite@d13865913efa)
    com.unity.2d.psdimporter@14.0.3 (location: C:\Users\myong\NaManMoo\Namanmoo_client\Library\PackageCache\com.unity.2d.psdimporter@5d82044f9e43)
    com.unity.2d.spriteshape@15.0.3 (location: C:\Users\myong\NaManMoo\Namanmoo_client\Library\PackageCache\com.unity.2d.spriteshape@fcb7ec61a58b)
    com.unity.2d.tilemap.extras@8.0.3 (location: C:\Users\myong\NaManMoo\Namanmoo_client\Library\PackageCache\com.unity.2d.tilemap.extras@a80140457adc)
    com.unity.2d.tooling@3.0.1 (location: C:\Users\myong\NaManMoo\Namanmoo_client\Library\PackageCache\com.unity.2d.tooling@6f06ffb033c0)
    com.unity.collab-proxy@2.13.3 (location: C:\Users\myong\NaManMoo\Namanmoo_client\Library\PackageCache\com.unity.collab-proxy@4f3be89e8675)
    com.unity.ide.rider@3.0.38 (location: C:\Users\myong\NaManMoo\Namanmoo_client\Library\PackageCache\com.unity.ide.rider@1f60b3138684)
    com.unity.ide.visualstudio@2.0.26 (location: C:\Users\myong\NaManMoo\Namanmoo_client\Library\PackageCache\com.unity.ide.visualstudio@a99d56dec63f)
    com.unity.inputsystem@1.19.0 (location: C:\Users\myong\NaManMoo\Namanmoo_client\Library\PackageCache\com.unity.inputsystem@21a28c3a6c83)
    com.unity.timeline@1.8.12 (location: C:\Users\myong\NaManMoo\Namanmoo_client\Library\PackageCache\com.unity.timeline@8cd8509afae5)
    com.unity.visualscripting@1.9.11 (location: C:\Users\myong\NaManMoo\Namanmoo_client\Library\PackageCache\com.unity.visualscripting@8bed5ad90189)
    com.unity.2d.common@14.0.1 (location: C:\Users\myong\NaManMoo\Namanmoo_client\Library\PackageCache\com.unity.2d.common@73badf92ba8b)
    com.unity.searcher@4.9.4 (location: C:\Users\myong\NaManMoo\Namanmoo_client\Library\PackageCache\com.unity.searcher@d45a78918735)
    com.unity.burst@1.8.29 (location: C:\Users\myong\NaManMoo\Namanmoo_client\Library\PackageCache\com.unity.burst@6bb9aca3ef38)
    com.unity.nuget.mono-cecil@1.11.6 (location: C:\Users\myong\NaManMoo\Namanmoo_client\Library\PackageCache\com.unity.nuget.mono-cecil@ecb9724e46ff)
    com.unity.test-framework.performance@3.5.0 (location: C:\Users\myong\NaManMoo\Namanmoo_client\Library\PackageCache\com.unity.test-framework.performance@8b56083ec0f0)
  Built-in packages:
    com.unity.2d.sprite@1.0.0 (location: C:\Users\myong\NaManMoo\Namanmoo_client\Library\PackageCache\com.unity.2d.sprite@053a968eab56)
    com.unity.2d.tilemap@1.0.0 (location: C:\Users\myong\NaManMoo\Namanmoo_client\Library\PackageCache\com.unity.2d.tilemap@b959501fd678)
    com.unity.multiplayer.center@1.0.1 (location: C:\Users\myong\NaManMoo\Namanmoo_client\Library\PackageCache\com.unity.multiplayer.center@b860850997d0)
    com.unity.render-pipelines.universal@17.5.0 (location: C:\Users\myong\NaManMoo\Namanmoo_client\Library\PackageCache\com.unity.render-pipelines.universal@040461d037aa)
    com.unity.test-framework@1.7.0 (location: C:\Users\myong\NaManMoo\Namanmoo_client\Library\PackageCache\com.unity.test-framework@1405238725ab)
    com.unity.ugui@2.5.0 (location: C:\Users\myong\NaManMoo\Namanmoo_client\Library\PackageCache\com.unity.ugui@f2d87ebaaa32)
    com.unity.modules.accessibility@1.0.0 (location: C:\Users\myong\NaManMoo\Namanmoo_client\Library\PackageCache\com.unity.modules.accessibility)
    com.unity.modules.adaptiveperformance@1.0.0 (location: C:\Users\myong\NaManMoo\Namanmoo_client\Library\PackageCache\com.unity.modules.adaptiveperformance)
    com.unity.modules.ai@1.0.0 (location: C:\Users\myong\NaManMoo\Namanmoo_client\Library\PackageCache\com.unity.modules.ai)
    com.unity.modules.androidjni@1.0.0 (location: C:\Users\myong\NaManMoo\Namanmoo_client\Library\PackageCache\com.unity.modules.androidjni)
    com.unity.modules.animation@1.0.0 (location: C:\Users\myong\NaManMoo\Namanmoo_client\Library\PackageCache\com.unity.modules.animation)
    com.unity.modules.assetbundle@1.0.0 (location: C:\Users\myong\NaManMoo\Namanmoo_client\Library\PackageCache\com.unity.modules.assetbundle)
    com.unity.modules.audio@1.0.0 (location: C:\Users\myong\NaManMoo\Namanmoo_client\Library\PackageCache\com.unity.modules.audio)
    com.unity.modules.cloth@1.0.0 (location: C:\Users\myong\NaManMoo\Namanmoo_client\Library\PackageCache\com.unity.modules.cloth)
    com.unity.modules.director@1.0.0 (location: C:\Users\myong\NaManMoo\Namanmoo_client\Library\PackageCache\com.unity.modules.director)
    com.unity.modules.imageconversion@1.0.0 (location: C:\Users\myong\NaManMoo\Namanmoo_client\Library\PackageCache\com.unity.modules.imageconversion)
    com.unity.modules.imgui@1.0.0 (location: C:\Users\myong\NaManMoo\Namanmoo_client\Library\PackageCache\com.unity.modules.imgui)
    com.unity.modules.jsonserialize@1.0.0 (location: C:\Users\myong\NaManMoo\Namanmoo_client\Library\PackageCache\com.unity.modules.jsonserialize)
    com.unity.modules.particlesystem@1.0.0 (location: C:\Users\myong\NaManMoo\Namanmoo_client\Library\PackageCache\com.unity.modules.particlesystem)
    com.unity.modules.physics@1.0.0 (location: C:\Users\myong\NaManMoo\Namanmoo_client\Library\PackageCache\com.unity.modules.physics)
    com.unity.modules.physics2d@1.0.0 (location: C:\Users\myong\NaManMoo\Namanmoo_client\Library\PackageCache\com.unity.modules.physics2d)
    com.unity.modules.physicscore2d@1.0.0 (location: C:\Users\myong\NaManMoo\Namanmoo_client\Library\PackageCache\com.unity.modules.physicscore2d)
    com.unity.modules.screencapture@1.0.0 (location: C:\Users\myong\NaManMoo\Namanmoo_client\Library\PackageCache\com.unity.modules.screencapture)
    com.unity.modules.terrain@1.0.0 (location: C:\Users\myong\NaManMoo\Namanmoo_client\Library\PackageCache\com.unity.modules.terrain)
    com.unity.modules.terrainphysics@1.0.0 (location: C:\Users\myong\NaManMoo\Namanmoo_client\Library\PackageCache\com.unity.modules.terrainphysics)
    com.unity.modules.tilemap@1.0.0 (location: C:\Users\myong\NaManMoo\Namanmoo_client\Library\PackageCache\com.unity.modules.tilemap)
    com.unity.modules.ui@1.0.0 (location: C:\Users\myong\NaManMoo\Namanmoo_client\Library\PackageCache\com.unity.modules.ui)
    com.unity.modules.uielements@1.0.0 (location: C:\Users\myong\NaManMoo\Namanmoo_client\Library\PackageCache\com.unity.modules.uielements)
    com.unity.modules.umbra@1.0.0 (location: C:\Users\myong\NaManMoo\Namanmoo_client\Library\PackageCache\com.unity.modules.umbra)
    com.unity.modules.unityanalytics@1.0.0 (location: C:\Users\myong\NaManMoo\Namanmoo_client\Library\PackageCache\com.unity.modules.unityanalytics)
    com.unity.modules.unitywebrequest@1.0.0 (location: C:\Users\myong\NaManMoo\Namanmoo_client\Library\PackageCache\com.unity.modules.unitywebrequest)
    com.unity.modules.unitywebrequestassetbundle@1.0.0 (location: C:\Users\myong\NaManMoo\Namanmoo_client\Library\PackageCache\com.unity.modules.unitywebrequestassetbundle)
    com.unity.modules.unitywebrequestaudio@1.0.0 (location: C:\Users\myong\NaManMoo\Namanmoo_client\Library\PackageCache\com.unity.modules.unitywebrequestaudio)
    com.unity.modules.unitywebrequesttexture@1.0.0 (location: C:\Users\myong\NaManMoo\Namanmoo_client\Library\PackageCache\com.unity.modules.unitywebrequesttexture)
    com.unity.modules.unitywebrequestwww@1.0.0 (location: C:\Users\myong\NaManMoo\Namanmoo_client\Library\PackageCache\com.unity.modules.unitywebrequestwww)
    com.unity.modules.vectorgraphics@1.0.0 (location: C:\Users\myong\NaManMoo\Namanmoo_client\Library\PackageCache\com.unity.modules.vectorgraphics)
    com.unity.modules.vehicles@1.0.0 (location: C:\Users\myong\NaManMoo\Namanmoo_client\Library\PackageCache\com.unity.modules.vehicles)
    com.unity.modules.video@1.0.0 (location: C:\Users\myong\NaManMoo\Namanmoo_client\Library\PackageCache\com.unity.modules.video)
    com.unity.modules.wind@1.0.0 (location: C:\Users\myong\NaManMoo\Namanmoo_client\Library\PackageCache\com.unity.modules.wind)
    com.unity.modules.xr@1.0.0 (location: C:\Users\myong\NaManMoo\Namanmoo_client\Library\PackageCache\com.unity.modules.xr)
    com.unity.modules.subsystems@1.0.0 (location: C:\Users\myong\NaManMoo\Namanmoo_client\Library\PackageCache\com.unity.modules.subsystems)
    com.unity.modules.hierarchycore@1.0.0 (location: C:\Users\myong\NaManMoo\Namanmoo_client\Library\PackageCache\com.unity.modules.hierarchycore)
    com.unity.ext.nunit@2.1.0 (location: C:\Users\myong\NaManMoo\Namanmoo_client\Library\PackageCache\com.unity.ext.nunit@44f7d31723bd)
    com.unity.render-pipelines.core@17.5.0 (location: C:\Users\myong\NaManMoo\Namanmoo_client\Library\PackageCache\com.unity.render-pipelines.core@b19a46951e65)
    com.unity.shadergraph@17.5.0 (location: C:\Users\myong\NaManMoo\Namanmoo_client\Library\PackageCache\com.unity.shadergraph@8d7376ec43ee)
    com.unity.render-pipelines.universal-config@17.5.0 (location: C:\Users\myong\NaManMoo\Namanmoo_client\Library\PackageCache\com.unity.render-pipelines.universal-config@fdda01c80fe3)
    com.unity.collections@6.5.0 (location: C:\Users\myong\NaManMoo\Namanmoo_client\Library\PackageCache\com.unity.collections@a43cabe808ca)
    com.unity.mathematics@1.4.0 (location: C:\Users\myong\NaManMoo\Namanmoo_client\Library\PackageCache\com.unity.mathematics@981956d94fb6)
[Subsystems] No new subsystems found in resolved package list.
[Package Manager] Done registering packages in 0.02 seconds
Starting: C:\Program Files\Unity\Hub\Editor\6000.5.5f1\Editor\Data\Tools\BuildPipeline\bee_backend.exe --ipc --defer-dag-verification --dagfile="Library/Bee/1900b0aE.dag" --continue-on-failure --profile="Library/Bee/backend1.traceevents" ScriptAssemblies
WorkingDir: C:/Users/myong/NaManMoo/Namanmoo_client
DisplayProgressbar: Compiling Scripts
ExitCode: 0 Duration: 0s289ms
[ 864/1120  0s] ILPP-Configuration Library/ilpp-configuration.nevergeneratedoutput
*** Tundra build success (0.24 seconds), 1 items updated, 1120 evaluated
AssetDatabase: script compilation time: 0.604857s
Begin MonoManager ReloadAssembly
Total cache size 100108140
Total cache size after purge 100108140, took 00:00:00.0662933
Native extension for WindowsStandalone target not found
Native extension for WebGL target not found
ScheduleIndexationOnStartup MainProcess:True IndexOnStartup:True
Mono: successfully reloaded assembly
- Finished resetting the current domain, in  2.113 seconds
Domain Reload Profiling: 2760ms
	BeginReloadAssembly (144ms)
		DisableScriptedObjects (19ms)
		CreateAndSetChildDomain (30ms)
	RebuildCommonClasses (6ms)
	RebuildNativeTypeToScriptingClass (10ms)
	initialDomainReloadingComplete (44ms)
	LoadAllAssembliesAndSetupDomain (442ms)
		LoadAssemblies (225ms)
		AnalyzeDomain (188ms)
			TypeCache.Refresh (128ms)
				TypeCache.ScanAssembly (120ms)
			BuildScriptInfoCaches (53ms)
			ResolveRequiredComponents (5ms)
	FinalizeReload (2114ms)
		SetupLoadedEditorAssemblies (0ms)
			BeforeProcessingInitializeOnLoad (54ms)
			ProcessInitializeOnLoadAttributes (1682ms)
			ProcessInitializeOnLoadMethodAttributes (222ms)
			AfterProcessingInitializeOnLoad (6ms)
		AwakeInstancesAfterBackupRestoration (21ms)
Starting new worker id: 0 with log in C:/Users/myong/NaManMoo/Namanmoo_client/Logs/AssetImportWorkerHW0.log

Asset Pipeline Refresh (id=d5560378d75c03a42892bde5f041dfd2): Total: 3.870 seconds - Initiated by InitialRefreshV2(ForceSynchronousImport)
	(Values over 0.05ms)
	Summary:
		Imports: total=0 (actual=0, local cache=0, cache server=0)
		Asset DB Process Time: managed=0 ms, native=2487 ms
		Asset DB Callback time: managed=24 ms, native=19 ms
		Scripting: domain reloads=1, domain reload time=687 ms, compile time=606 ms, other=44 ms
		Project Asset Count: scripts=1613, non-scripts=3166
		Asset File Changes: new=0, changed=0, moved=0, deleted=0
		Scan Filter Count: 0
	InvokePackagesCallback: 21.162ms
	ApplyChangesToAssetFolders: 0.538ms
	Scan: 67.321ms
	Collect global state as custom dependencies: 2.309ms
	CategorizeScriptCompilationAssets: 34.907ms
	ProcessAssetsWithTransientArtifactChanges: 61.721ms
	CategorizeAssets: 39.840ms
	CompileScripts: 605.897ms
	ImportOutOfDateAssets: 2177.956ms (2129.837ms without children)
		UnloadImportedAssets: 0.698ms
		EnsureUptoDateAssetsAreRegisteredWithGuidPM: 0.446ms
		ImportSchedulerStart: 46.928ms
	PostProcessAllAssets: 24.772ms
		MonoPostProcessAllAssets: 24.712ms
			UniversalRenderPipelineGlobalSettingsPostprocessor.OnPostprocessAllAssets 8.287ms
			SyncVS.PostprocessSyncProject 3.522ms
			WindowAssetPostprocessingWatcher.OnPostprocessAllAssets 1.378ms
			SpeedTree9Postprocessor.OnPostprocessAllAssets 1.378ms
			RenderPipelineGlobalSettingsPostprocessor.OnPostprocessAllAssets 0.632ms
			EditModeScopePostprocessor.OnPostprocessAllAssets 0.623ms
			ReferencedClipsPostProcessor.OnPostprocessAllAssets 0.247ms
			InputActionAssetPostprocessor.OnPostprocessAllAssets 0.243ms
			ShaderReflectionAssetPostProcessor.OnPostprocessAllAssets 0.240ms
			AssetDatabaseCallbacks.OnPostprocessAllAssets 0.190ms
			TerrainToolbarOverlayPostProcessor.OnPostprocessAllAssets 0.169ms
			ProjectSettingsPostprocessor.OnPostprocessAllAssets 0.118ms
	UnloadStreamsBegin: 3.496ms
	PersistCurrentRevisions: 0.087ms
	GenerateScriptTypeHashes: 1.473ms
	GenerateScriptTypeSerializationHashes: 2.489ms
	Untracked: 823.882ms

Application.AssetDatabase Initial Refresh End
Shader Hidden/ChartRasterizerHardware is not supported: GPU does not support conservative rasterization
Shader Hidden/ChartRasterizerHardware is not supported: GPU does not support conservative rasterization
Scanning for USB devices : 4.439ms
Initializing Unity extensions:
[MODES] ModeService[none].Initialize
[MODES] ModeService[none].LoadModes
[MODES] Loading mode Default (0) for mode-current-id-NaManMoo
Unloading 26 Unused Serialized files (Serialized files now loaded: 0)
Unloading 7512 unused Assets / (3.5 MB). Loaded Objects now: 8415.
Memory consumption went from 414.2 MB to 410.7 MB.
Total: 10.433100 ms (FindLiveObjects: 0.766900 ms CreateObjectMapping: 2.242900 ms MarkObjects: 5.037000 ms  DeleteObjects: 2.383000 ms)

Microsoft Media Foundation video decoding to texture disabled: graphics device is Null, only Direct3D 11 and Direct3D 12 (only on desktop) are supported for hardware-accelerated video decoding.
[Project] Loading completed in 6.378 seconds
	Project init time: 				5.992 seconds
		Template init time: 		0.000 seconds
		Package Manager init time: 		0.972 seconds
		Asset Database init time: 		0.131 seconds
		Global illumination init time: 	0.002 seconds
		Assemblies load time: 			0.609 seconds
		Unity extensions init time: 	0.031 seconds
		Asset Database refresh time: 	3.870 seconds
	Scene opening time: 			0.300 seconds
##utp:{"type":"ProjectInfo","version":2,"phase":"Immediate","time":1785758167989,"processId":13156,"projectLoad":6.3779934,"projectInit":5.9915978,"templateInit":0.0,"packageManagerInit":0.971589,"assetDatabaseInit":0.1311557,"globalIlluminationInit":0.0016721,"assembliesLoad":0.6091539,"unityExtensionsInit":0.0305273,"assetDatabaseRefresh":3.8698564,"sceneOpening":0.2995363}
##utp:{"type":"EditorInfo","version":2,"phase":"Immediate","time":1785758167989,"processId":13156,"editorVersion":"6000.5.5f1 (d16e074b49fd)","branch":"6000.5/staging","buildType":"Release","platform":"Windows"}
[Licensing::Client] Successfully resolved entitlement details
Running tests for ExecutionSettings with details:
targetPlatform = 
playerHeartbeatTimeout = 600
filters[0] = 
   Filter with settings:
   testMode = EditMode
   targetPlatform = 
   testNames = null
   groupNames = null
   categoryNames = null
   assemblyNames = null
ignoreTests = {}
featureFlags = null

UnityEngine.Debug:ExtractStackTraceNoAlloc (byte*,int,string)
UnityEngine.StackTraceUtility:ExtractStackTrace ()
UnityEngine.DebugLogHandler:Internal_Log (UnityEngine.LogType,UnityEngine.LogOption,string,UnityEngine.Object)
UnityEngine.DebugLogHandler:LogFormat (UnityEngine.LogType,UnityEngine.Object,string,object[])
UnityEngine.Logger:Log (UnityEngine.LogType,object)
UnityEngine.Debug:Log (object)
UnityEditor.TestTools.TestRunner.CommandLineTest.Executer:InitializeAndExecuteRun (string[]) (at ./Library/PackageCache/com.unity.test-framework@1405238725ab/UnityEditor.TestRunner/CommandLineTest/Executer.cs:53)
UnityEditor.TestTools.TestRunner.CommandLineTest.TestStarter:InitializeAndExecuteRun () (at ./Library/PackageCache/com.unity.test-framework@1405238725ab/UnityEditor.TestRunner/CommandLineTest/TestStarter.cs:64)
UnityEditor.EditorApplication:Internal_CallUpdateFunctions ()

(Filename: ./Library/PackageCache/com.unity.test-framework@1405238725ab/UnityEditor.TestRunner/CommandLineTest/Executer.cs Line: 53)

Start Indexing on Editor startup
[Indexing] Starting Initial Indexing for Assets
[UnityConnectServicesConfig] config is NOT valid, switching to default
Created GICache directory at C:/Users/myong/AppData/LocalLow/Unity/Caches/GiCache. Took: 0.009s, timestamps: [6.380 - 6.389]
[Licensing::Client] Successfully resolved entitlement details
Worker ready: AssetImportWorkerHW0 0
Unloading 3 Unused Serialized files (Serialized files now loaded: 0)
Unloading 1 unused Assets / (61.2 KB). Loaded Objects now: 8441.
Memory consumption went from 426.0 MB to 426.0 MB.
Total: 42.192900 ms (FindLiveObjects: 0.242200 ms CreateObjectMapping: 0.647700 ms MarkObjects: 41.271500 ms  DeleteObjects: 0.030300 ms)

Executing IPrebuildSetup for: Unity.PerformanceTesting.Editor.TestRunBuilder.
UnityEngine.Debug:ExtractStackTraceNoAlloc (byte*,int,string)
UnityEngine.StackTraceUtility:ExtractStackTrace ()
UnityEngine.DebugLogHandler:Internal_Log (UnityEngine.LogType,UnityEngine.LogOption,string,UnityEngine.Object)
UnityEngine.DebugLogHandler:LogFormat (UnityEngine.LogType,UnityEngine.Object,string,object[])
UnityEngine.Logger:Log (UnityEngine.LogType,object)
UnityEngine.Debug:Log (object)
UnityEditor.TestTools.TestRunner.TestRun.Tasks.BuildActionTaskBase`1/<ExecuteMethods>d__8<UnityEngine.TestTools.IPrebuildSetup>:MoveNext () (at ./Library/PackageCache/com.unity.test-framework@1405238725ab/UnityEditor.TestRunner/TestRun/Tasks/BuildActionTaskBase.cs:48)
UnityEditor.TestTools.TestRunner.TestRun.Tasks.BuildActionTaskBase`1/<Execute>d__7<UnityEngine.TestTools.IPrebuildSetup>:MoveNext () (at ./Library/PackageCache/com.unity.test-framework@1405238725ab/UnityEditor.TestRunner/TestRun/Tasks/BuildActionTaskBase.cs:34)
UnityEditor.TestTools.TestRunner.TestRun.TestJobRunner:ExecuteStep () (at ./Library/PackageCache/com.unity.test-framework@1405238725ab/UnityEditor.TestRunner/TestRun/TestJobRunner.cs:194)
UnityEditor.TestTools.TestRunner.TestRun.TestJobRunner:ExecuteCallback () (at ./Library/PackageCache/com.unity.test-framework@1405238725ab/UnityEditor.TestRunner/TestRun/TestJobRunner.cs:129)
UnityEditor.EditorApplication:Internal_CallUpdateFunctions ()

(Filename: ./Library/PackageCache/com.unity.test-framework@1405238725ab/UnityEditor.TestRunner/TestRun/Tasks/BuildActionTaskBase.cs Line: 48)

SpriteAtlasPacking completed in 0.003149 sec
Entering Playmode with Reload Domain disabled.
If you experience any issues, please disable "Enter Play Mode Options" in Editor Settings
Loaded scene 'Temp/__Backupscenes/0.backup'
	Deserialize:            0.381 ms
	Integration:            239.473 ms
	Integration of assets:  0.003 ms
	Thread Wait Time:       0.007 ms
	Total Operation Time:   239.863 ms
Unloading 0 Unused Serialized files (Serialized files now loaded: 0)
Loaded scene 'Temp/__Backupscenes/0.backup'
	Deserialize:            0.324 ms
	Integration:            195.165 ms
	Integration of assets:  0.001 ms
	Thread Wait Time:       0.006 ms
	Total Operation Time:   195.497 ms
Unloading 0 unused Assets / (0 B). Loaded Objects now: 8446.
Memory consumption went from 427.3 MB to 427.3 MB.
Total: 7.611100 ms (FindLiveObjects: 0.375700 ms CreateObjectMapping: 0.553300 ms MarkObjects: 6.674900 ms  DeleteObjects: 0.006200 ms)

SpriteAtlasPacking completed in 0.003232 sec
Entering Playmode with Reload Domain disabled.
If you experience any issues, please disable "Enter Play Mode Options" in Editor Settings
Loaded scene 'Temp/__Backupscenes/0.backup'
	Deserialize:            0.171 ms
	Integration:            195.170 ms
	Integration of assets:  0.001 ms
	Thread Wait Time:       0.007 ms
	Total Operation Time:   195.349 ms
Unloading 0 Unused Serialized files (Serialized files now loaded: 0)
Loaded scene 'Temp/__Backupscenes/0.backup'
	Deserialize:            0.190 ms
	Integration:            194.818 ms
	Integration of assets:  0.001 ms
	Thread Wait Time:       0.007 ms
	Total Operation Time:   195.016 ms
Unloading 0 unused Assets / (0 B). Loaded Objects now: 8447.
Memory consumption went from 428.5 MB to 428.5 MB.
Total: 7.641200 ms (FindLiveObjects: 0.399500 ms CreateObjectMapping: 0.571800 ms MarkObjects: 6.662500 ms  DeleteObjects: 0.006600 ms)

SpriteAtlasPacking completed in 0.003135 sec
Entering Playmode with Reload Domain disabled.
If you experience any issues, please disable "Enter Play Mode Options" in Editor Settings
Loaded scene 'Temp/__Backupscenes/0.backup'
	Deserialize:            0.193 ms
	Integration:            194.843 ms
	Integration of assets:  0.001 ms
	Thread Wait Time:       0.012 ms
	Total Operation Time:   195.049 ms
Unloading 0 Unused Serialized files (Serialized files now loaded: 0)
Loaded scene 'Temp/__Backupscenes/0.backup'
	Deserialize:            0.182 ms
	Integration:            198.511 ms
	Integration of assets:  0.001 ms
	Thread Wait Time:       0.006 ms
	Total Operation Time:   198.701 ms
Unloading 0 unused Assets / (0 B). Loaded Objects now: 8447.
Memory consumption went from 428.5 MB to 428.5 MB.
Total: 7.236800 ms (FindLiveObjects: 0.388500 ms CreateObjectMapping: 0.557700 ms MarkObjects: 6.283700 ms  DeleteObjects: 0.006200 ms)

SpriteAtlasPacking completed in 0.002751 sec
Entering Playmode with Reload Domain disabled.
If you experience any issues, please disable "Enter Play Mode Options" in Editor Settings
Loaded scene 'Temp/__Backupscenes/0.backup'
	Deserialize:            0.197 ms
	Integration:            191.140 ms
	Integration of assets:  0.001 ms
	Thread Wait Time:       0.009 ms
	Total Operation Time:   191.347 ms
Unloading 0 Unused Serialized files (Serialized files now loaded: 0)
Loaded scene 'Temp/__Backupscenes/0.backup'
	Deserialize:            0.189 ms
	Integration:            184.393 ms
	Integration of assets:  0.002 ms
	Thread Wait Time:       0.007 ms
	Total Operation Time:   184.591 ms
Unloading 0 unused Assets / (0 B). Loaded Objects now: 8447.
Memory consumption went from 428.5 MB to 428.5 MB.
Total: 7.204300 ms (FindLiveObjects: 0.376900 ms CreateObjectMapping: 0.577400 ms MarkObjects: 6.242000 ms  DeleteObjects: 0.007100 ms)

SpriteAtlasPacking completed in 0.003016 sec
Entering Playmode with Reload Domain disabled.
If you experience any issues, please disable "Enter Play Mode Options" in Editor Settings
Loaded scene 'Temp/__Backupscenes/0.backup'
	Deserialize:            0.321 ms
	Integration:            191.609 ms
	Integration of assets:  0.001 ms
	Thread Wait Time:       0.009 ms
	Total Operation Time:   191.939 ms
Unloading 0 Unused Serialized files (Serialized files now loaded: 0)
Loaded scene 'Temp/__Backupscenes/0.backup'
	Deserialize:            0.172 ms
	Integration:            185.946 ms
	Integration of assets:  0.001 ms
	Thread Wait Time:       0.006 ms
	Total Operation Time:   186.125 ms
Unloading 0 unused Assets / (0 B). Loaded Objects now: 8447.
Memory consumption went from 428.5 MB to 428.5 MB.
Total: 7.147800 ms (FindLiveObjects: 0.456500 ms CreateObjectMapping: 0.582800 ms MarkObjects: 6.100800 ms  DeleteObjects: 0.007000 ms)

SpriteAtlasPacking completed in 0.003034 sec
Entering Playmode with Reload Domain disabled.
If you experience any issues, please disable "Enter Play Mode Options" in Editor Settings
Loaded scene 'Temp/__Backupscenes/0.backup'
	Deserialize:            0.174 ms
	Integration:            190.462 ms
	Integration of assets:  0.001 ms
	Thread Wait Time:       0.007 ms
	Total Operation Time:   190.643 ms
Unloading 0 Unused Serialized files (Serialized files now loaded: 0)
Loaded scene 'Temp/__Backupscenes/0.backup'
	Deserialize:            0.165 ms
	Integration:            186.019 ms
	Integration of assets:  0.001 ms
	Thread Wait Time:       0.006 ms
	Total Operation Time:   186.192 ms
Unloading 0 unused Assets / (112 B). Loaded Objects now: 8447.
Memory consumption went from 428.8 MB to 428.8 MB.
Total: 7.392800 ms (FindLiveObjects: 0.387200 ms CreateObjectMapping: 0.550200 ms MarkObjects: 6.448500 ms  DeleteObjects: 0.006200 ms)

SpriteAtlasPacking completed in 0.003600 sec
Entering Playmode with Reload Domain disabled.
If you experience any issues, please disable "Enter Play Mode Options" in Editor Settings
Loaded scene 'Temp/__Backupscenes/0.backup'
	Deserialize:            0.177 ms
	Integration:            187.735 ms
	Integration of assets:  0.001 ms
	Thread Wait Time:       0.008 ms
	Total Operation Time:   187.922 ms
Unloading 0 Unused Serialized files (Serialized files now loaded: 0)
Loaded scene 'Temp/__Backupscenes/0.backup'
	Deserialize:            0.185 ms
	Integration:            188.652 ms
	Integration of assets:  0.001 ms
	Thread Wait Time:       0.006 ms
	Total Operation Time:   188.844 ms
Unloading 0 unused Assets / (0 B). Loaded Objects now: 8447.
Memory consumption went from 428.8 MB to 428.8 MB.
Total: 7.403600 ms (FindLiveObjects: 0.385000 ms CreateObjectMapping: 0.552100 ms MarkObjects: 6.459400 ms  DeleteObjects: 0.006700 ms)

SpriteAtlasPacking completed in 0.003024 sec
Entering Playmode with Reload Domain disabled.
If you experience any issues, please disable "Enter Play Mode Options" in Editor Settings
Loaded scene 'Temp/__Backupscenes/0.backup'
	Deserialize:            0.315 ms
	Integration:            188.810 ms
	Integration of assets:  0.001 ms
	Thread Wait Time:       0.007 ms
	Total Operation Time:   189.132 ms
Unloading 0 Unused Serialized files (Serialized files now loaded: 0)
Loaded scene 'Temp/__Backupscenes/0.backup'
	Deserialize:            0.173 ms
	Integration:            183.490 ms
	Integration of assets:  0.001 ms
	Thread Wait Time:       0.010 ms
	Total Operation Time:   183.674 ms
Unloading 0 unused Assets / (0 B). Loaded Objects now: 8447.
Memory consumption went from 429.1 MB to 429.1 MB.
Total: 7.462000 ms (FindLiveObjects: 0.380600 ms CreateObjectMapping: 0.566400 ms MarkObjects: 6.507400 ms  DeleteObjects: 0.006700 ms)

Importing 'GUID: 86680c1233948db43a0bfd910df1aa01 - Path: Assets/Enemies/DungeonSquirrel.asset' with importer (NativeFormatImporter)
Imported 'GUID: 86680c1233948db43a0bfd910df1aa01' -> (Import Result ID: '19d235c3c1f30964391b98b1766760a5') in 0.006 seconds [static dependencies only]. Details - ImportResultOutputID=d14d674036d79b14dca9966fbfe8d5c3 DependenciesID=bfdecf60f7ea2aac02bc31e9e2dae90b StaticDependenciesID=6f8305f5bba71686ddf97c8cd5d22457 
Importing 'GUID: 480d85c7f96528b4eac26d867e3d0f77 - Path: Assets/Enemies/DungeonKrab.asset' with importer (NativeFormatImporter)
Imported 'GUID: 480d85c7f96528b4eac26d867e3d0f77' -> (Import Result ID: 'db3a0d1f756e659633d64b83b94b9dc4') in 0.001 seconds [static dependencies only]. Details - ImportResultOutputID=c14a0c7abd96939d24a246ef132f3446 DependenciesID=e2a701e78581a6b8c76124ce6153dce7 StaticDependenciesID=ac40f51b34c5fbf2841c3341d85d0675 
Asset Pipeline Refresh (id=68f62113c94435a4f855432e20c34edb): Total: 0.151 seconds - Initiated by StopAssetImportingV2(NoUpdateAssetOptions)
Opening scene 'Assets/Scenes/Dungeon.unity'
Unloading 6 Unused Serialized files (Serialized files now loaded: 0)
Loaded scene 'Assets/Scenes/Dungeon.unity'
	Deserialize:            21.860 ms
	Integration:            210.511 ms
	Integration of assets:  0.252 ms
	Thread Wait Time:       -0.025 ms
	Total Operation Time:   232.597 ms
Unloading 20 unused Assets / (1.7 KB). Loaded Objects now: 8754.
Memory consumption went from 453.9 MB to 453.9 MB.
Total: 8.020400 ms (FindLiveObjects: 0.427900 ms CreateObjectMapping: 0.553900 ms MarkObjects: 7.002200 ms  DeleteObjects: 0.035800 ms)

Opening scene 'Assets/Scenes/Dungeon.unity'
Unloading 4 Unused Serialized files (Serialized files now loaded: 0)
Loaded scene 'Assets/Scenes/Dungeon.unity'
	Deserialize:            2.670 ms
	Integration:            189.580 ms
	Integration of assets:  0.114 ms
	Thread Wait Time:       0.007 ms
	Total Operation Time:   192.371 ms
Unloading 1 unused Assets / (1.0 KB). Loaded Objects now: 8754.
Memory consumption went from 453.5 MB to 453.5 MB.
Total: 7.264200 ms (FindLiveObjects: 0.399700 ms CreateObjectMapping: 0.574900 ms MarkObjects: 6.273100 ms  DeleteObjects: 0.016000 ms)

Starting new worker id: 1 with log in C:/Users/myong/NaManMoo/Namanmoo_client/Logs/AssetImportWorkerHW1.log
SpriteAtlasPacking completed in 0.004577 sec
Entering Playmode with Reload Domain disabled.
If you experience any issues, please disable "Enter Play Mode Options" in Editor Settings
[Worker0] Imported GUID: 86680c1233948db43a0bfd910df1aa01 - Path: Assets/Enemies/DungeonSquirrel.asset - Importer: ScriptedImporter/UnityEditor.QuickSearchModule:UnityEditor.Search:ASIAI0B -> (ImportResultId: '296a3dcd20a988d897300df8b0c32d08') in 0.0968149 seconds
Loaded scene 'Temp/__Backupscenes/0.backup'
	Deserialize:            5.986 ms
	Integration:            228.503 ms
	Integration of assets:  0.132 ms
	Thread Wait Time:       -0.004 ms
	Total Operation Time:   234.618 ms
[Worker0] Imported GUID: 480d85c7f96528b4eac26d867e3d0f77 - Path: Assets/Enemies/DungeonKrab.asset - Importer: ScriptedImporter/UnityEditor.QuickSearchModule:UnityEditor.Search:ASIAI0B -> (ImportResultId: '0ba36cc3e561809e31435df3530a98dd') in 0.0147767 seconds
Unloading 10 Unused Serialized files (Serialized files now loaded: 0)
Loaded scene 'Temp/__Backupscenes/0.backup'
	Deserialize:            1.965 ms
	Integration:            205.150 ms
	Integration of assets:  0.212 ms
	Thread Wait Time:       0.009 ms
	Total Operation Time:   207.336 ms
Unloading 7 unused Assets / (9.2 KB). Loaded Objects now: 8754.
Memory consumption went from 463.2 MB to 463.1 MB.
Total: 9.016700 ms (FindLiveObjects: 0.512600 ms CreateObjectMapping: 0.645600 ms MarkObjects: 7.780400 ms  DeleteObjects: 0.077200 ms)

SpriteAtlasPacking completed in 0.003815 sec
Entering Playmode with Reload Domain disabled.
If you experience any issues, please disable "Enter Play Mode Options" in Editor Settings
Loaded scene 'Temp/__Backupscenes/0.backup'
	Deserialize:            2.244 ms
	Integration:            231.168 ms
	Integration of assets:  0.060 ms
	Thread Wait Time:       0.011 ms
	Total Operation Time:   233.483 ms
Unloading 8 Unused Serialized files (Serialized files now loaded: 0)
Loaded scene 'Temp/__Backupscenes/0.backup'
	Deserialize:            1.489 ms
	Integration:            204.832 ms
	Integration of assets:  0.217 ms
	Thread Wait Time:       0.006 ms
	Total Operation Time:   206.544 ms
Unloading 4 unused Assets / (5.9 KB). Loaded Objects now: 8754.
Memory consumption went from 459.0 MB to 459.0 MB.
Total: 9.554000 ms (FindLiveObjects: 0.428800 ms CreateObjectMapping: 0.570000 ms MarkObjects: 8.505000 ms  DeleteObjects: 0.049400 ms)

SpriteAtlasPacking completed in 0.003384 sec
Entering Playmode with Reload Domain disabled.
If you experience any issues, please disable "Enter Play Mode Options" in Editor Settings
Loaded scene 'Temp/__Backupscenes/0.backup'
	Deserialize:            2.131 ms
	Integration:            203.301 ms
	Integration of assets:  0.056 ms
	Thread Wait Time:       0.006 ms
	Total Operation Time:   205.494 ms
Worker ready: AssetImportWorkerHW1 1
Unloading 9 Unused Serialized files (Serialized files now loaded: 0)
Loaded scene 'Temp/__Backupscenes/0.backup'
	Deserialize:            1.370 ms
	Integration:            198.833 ms
	Integration of assets:  0.213 ms
	Thread Wait Time:       0.010 ms
	Total Operation Time:   200.426 ms
Unloading 6 unused Assets / (7.6 KB). Loaded Objects now: 8754.
Memory consumption went from 459.6 MB to 459.6 MB.
Total: 9.119800 ms (FindLiveObjects: 0.439500 ms CreateObjectMapping: 0.574000 ms MarkObjects: 8.047600 ms  DeleteObjects: 0.057500 ms)

SpriteAtlasPacking completed in 0.003945 sec
Entering Playmode with Reload Domain disabled.
If you experience any issues, please disable "Enter Play Mode Options" in Editor Settings
Loaded scene 'Temp/__Backupscenes/0.backup'
	Deserialize:            2.135 ms
	Integration:            213.377 ms
	Integration of assets:  0.061 ms
	Thread Wait Time:       0.009 ms
	Total Operation Time:   215.582 ms
Unloading 9 Unused Serialized files (Serialized files now loaded: 0)
Loaded scene 'Temp/__Backupscenes/0.backup'
	Deserialize:            1.393 ms
	Integration:            203.161 ms
	Integration of assets:  0.261 ms
	Thread Wait Time:       0.010 ms
	Total Operation Time:   204.825 ms
Unloading 6 unused Assets / (7.6 KB). Loaded Objects now: 8754.
Memory consumption went from 459.6 MB to 459.6 MB.
Total: 9.103900 ms (FindLiveObjects: 0.434200 ms CreateObjectMapping: 0.569200 ms MarkObjects: 8.050300 ms  DeleteObjects: 0.049600 ms)

SpriteAtlasPacking completed in 0.004042 sec
Entering Playmode with Reload Domain disabled.
If you experience any issues, please disable "Enter Play Mode Options" in Editor Settings
Loaded scene 'Temp/__Backupscenes/0.backup'
	Deserialize:            2.107 ms
	Integration:            203.065 ms
	Integration of assets:  0.048 ms
	Thread Wait Time:       0.012 ms
	Total Operation Time:   205.232 ms
Unloading 9 Unused Serialized files (Serialized files now loaded: 0)
Loaded scene 'Temp/__Backupscenes/0.backup'
	Deserialize:            1.360 ms
	Integration:            205.595 ms
	Integration of assets:  0.129 ms
	Thread Wait Time:       0.008 ms
	Total Operation Time:   207.091 ms
Unloading 6 unused Assets / (7.6 KB). Loaded Objects now: 8754.
Memory consumption went from 459.6 MB to 459.6 MB.
Total: 14.972200 ms (FindLiveObjects: 0.592500 ms CreateObjectMapping: 0.625800 ms MarkObjects: 13.675700 ms  DeleteObjects: 0.076800 ms)

SpriteAtlasPacking completed in 0.003658 sec
Entering Playmode with Reload Domain disabled.
If you experience any issues, please disable "Enter Play Mode Options" in Editor Settings
Loaded scene 'Temp/__Backupscenes/0.backup'
	Deserialize:            2.245 ms
	Integration:            201.181 ms
	Integration of assets:  0.058 ms
	Thread Wait Time:       -0.014 ms
	Total Operation Time:   203.471 ms
Unloading 8 Unused Serialized files (Serialized files now loaded: 0)
Loaded scene 'Temp/__Backupscenes/0.backup'
	Deserialize:            1.885 ms
	Integration:            203.074 ms
	Integration of assets:  0.239 ms
	Thread Wait Time:       0.008 ms
	Total Operation Time:   205.206 ms
Unloading 4 unused Assets / (5.9 KB). Loaded Objects now: 8754.
Memory consumption went from 459.3 MB to 459.3 MB.
Total: 9.011400 ms (FindLiveObjects: 0.423900 ms CreateObjectMapping: 0.569300 ms MarkObjects: 7.971200 ms  DeleteObjects: 0.046200 ms)

SpriteAtlasPacking completed in 0.003352 sec
Entering Playmode with Reload Domain disabled.
If you experience any issues, please disable "Enter Play Mode Options" in Editor Settings
Loaded scene 'Temp/__Backupscenes/0.backup'
	Deserialize:            2.071 ms
	Integration:            195.582 ms
	Integration of assets:  0.047 ms
	Thread Wait Time:       -0.010 ms
	Total Operation Time:   197.689 ms
Unloading 9 Unused Serialized files (Serialized files now loaded: 0)
Loaded scene 'Temp/__Backupscenes/0.backup'
	Deserialize:            1.340 ms
	Integration:            192.423 ms
	Integration of assets:  0.233 ms
	Thread Wait Time:       0.012 ms
	Total Operation Time:   194.008 ms
Unloading 6 unused Assets / (5.2 KB). Loaded Objects now: 8754.
Memory consumption went from 459.6 MB to 459.6 MB.
Total: 8.705400 ms (FindLiveObjects: 0.444800 ms CreateObjectMapping: 0.563300 ms MarkObjects: 7.646700 ms  DeleteObjects: 0.050000 ms)

Asset Pipeline Refresh (id=68244cfb26124cc4890acdedeeaae6e1): Total: 0.004 seconds - Initiated by StopAssetImportingV2(NoUpdateAssetOptions)
Importing 'GUID: cc7589d1a3702d5488ae2a92948041bf - Path: Assets/__EnemyVisualControllerTests.controller' with importer (NativeFormatImporter)
Imported 'GUID: cc7589d1a3702d5488ae2a92948041bf' -> (Import Result ID: '117c52ff55c0a4d72e571888f555546f') in 0.001 seconds [static dependencies only]. Details - ImportResultOutputID=3f4f22ec1edc37a67c6dadaea0efd996 DependenciesID=e61eaa88e2f43adb87e9339408c1f5c7 StaticDependenciesID=9fdd07f75e7ff16a193e199818824c49 
Asset Pipeline Refresh (id=30a2de8860583ab429c51c8d45e2b40a): Total: 0.059 seconds - Initiated by StopAssetImportingV2(NoUpdateAssetOptions)
Asset Pipeline Refresh (id=2d90e6add51495447a5497c99d4ae229): Total: 0.055 seconds - Initiated by StopAssetImportingV2(NoUpdateAssetOptions)
SpriteAtlasPacking completed in 0.003421 sec
Entering Playmode with Reload Domain disabled.
If you experience any issues, please disable "Enter Play Mode Options" in Editor Settings
Loaded scene 'Temp/__Backupscenes/0.backup'
	Deserialize:            2.195 ms
	Integration:            197.880 ms
	Integration of assets:  0.054 ms
	Thread Wait Time:       0.008 ms
	Total Operation Time:   200.137 ms
Unloading 8 Unused Serialized files (Serialized files now loaded: 0)
Loaded scene 'Temp/__Backupscenes/0.backup'
	Deserialize:            1.342 ms
	Integration:            193.153 ms
	Integration of assets:  0.172 ms
	Thread Wait Time:       0.011 ms
	Total Operation Time:   194.679 ms
Unloading 20 unused Assets / (6.0 KB). Loaded Objects now: 8753.
Memory consumption went from 458.3 MB to 458.3 MB.
Total: 9.056900 ms (FindLiveObjects: 0.425800 ms CreateObjectMapping: 0.564300 ms MarkObjects: 8.009100 ms  DeleteObjects: 0.056700 ms)

Importing 'GUID: 2bcd2660ca9b64942af0de543d8d7100 - Path: Assets/Settings/InputSystem_Actions.inputactions' with importer (ScriptedImporter : Unity.InputSystem:UnityEngine.InputSystem.Editor:InputActionImporter)
Imported 'GUID: 2bcd2660ca9b64942af0de543d8d7100' -> (Import Result ID: 'd9c33fc6970a6d8e44b3b64d132a9d1d') in 0.014 seconds [static and dynamic dependencies]. Details - ImportResultOutputID=947f2444588e8a7c5fdf1e760cb0c366 DependenciesID=289176e9c1d7c134d1fb83e2064ce7f3 StaticDependenciesID=b30d4990c1574208797a10b17472e127 
Asset Pipeline Refresh (id=311447d81d8cd034498d6c01ebb248df): Total: 0.071 seconds - Initiated by StopAssetImportingV2(NoUpdateAssetOptions)
SpriteAtlasPacking completed in 0.003458 sec
Entering Playmode with Reload Domain disabled.
If you experience any issues, please disable "Enter Play Mode Options" in Editor Settings
Loaded scene 'Temp/__Backupscenes/0.backup'
	Deserialize:            2.112 ms
	Integration:            201.000 ms
	Integration of assets:  0.052 ms
	Thread Wait Time:       -0.012 ms
	Total Operation Time:   203.152 ms
Unloading 10 Unused Serialized files (Serialized files now loaded: 0)
Loaded scene 'Temp/__Backupscenes/0.backup'
	Deserialize:            1.345 ms
	Integration:            205.377 ms
	Integration of assets:  0.036 ms
	Thread Wait Time:       0.199 ms
	Total Operation Time:   206.957 ms
Unloading 23 unused Assets / (7.9 KB). Loaded Objects now: 8753.
Memory consumption went from 454.2 MB to 454.2 MB.
Total: 9.369700 ms (FindLiveObjects: 0.408500 ms CreateObjectMapping: 0.558800 ms MarkObjects: 8.337000 ms  DeleteObjects: 0.064400 ms)

SpriteAtlasPacking completed in 0.003585 sec
Entering Playmode with Reload Domain disabled.
If you experience any issues, please disable "Enter Play Mode Options" in Editor Settings
Loaded scene 'Temp/__Backupscenes/0.backup'
	Deserialize:            1.959 ms
	Integration:            194.079 ms
	Integration of assets:  0.053 ms
	Thread Wait Time:       -0.008 ms
	Total Operation Time:   196.083 ms
Unloading 8 Unused Serialized files (Serialized files now loaded: 0)
Loaded scene 'Temp/__Backupscenes/0.backup'
	Deserialize:            1.277 ms
	Integration:            190.565 ms
	Integration of assets:  0.192 ms
	Thread Wait Time:       0.009 ms
	Total Operation Time:   192.042 ms
Unloading 15 unused Assets / (9.5 KB). Loaded Objects now: 8738.
Memory consumption went from 454.0 MB to 454.0 MB.
Total: 8.720500 ms (FindLiveObjects: 0.415100 ms CreateObjectMapping: 0.559100 ms MarkObjects: 7.684700 ms  DeleteObjects: 0.060800 ms)

Importing 'GUID: 2bcd2660ca9b64942af0de543d8d7100 - Path: Assets/Settings/InputSystem_Actions.inputactions' with importer (ScriptedImporter : Unity.InputSystem:UnityEngine.InputSystem.Editor:InputActionImporter)
Imported 'GUID: 2bcd2660ca9b64942af0de543d8d7100' -> (Import Result ID: 'd9c33fc6970a6d8e44b3b64d132a9d1d') in 0.005 seconds [static and dynamic dependencies]. Details - ImportResultOutputID=947f2444588e8a7c5fdf1e760cb0c366 DependenciesID=289176e9c1d7c134d1fb83e2064ce7f3 StaticDependenciesID=b30d4990c1574208797a10b17472e127 
Asset Pipeline Refresh (id=bbb45daa33888c845983db1d85feb67d): Total: 0.062 seconds - Initiated by StopAssetImportingV2(NoUpdateAssetOptions)
SpriteAtlasPacking completed in 0.003397 sec
Entering Playmode with Reload Domain disabled.
If you experience any issues, please disable "Enter Play Mode Options" in Editor Settings
Loaded scene 'Temp/__Backupscenes/0.backup'
	Deserialize:            2.035 ms
	Integration:            195.992 ms
	Integration of assets:  0.047 ms
	Thread Wait Time:       0.012 ms
	Total Operation Time:   198.085 ms
Unloading 9 Unused Serialized files (Serialized files now loaded: 0)
Loaded scene 'Temp/__Backupscenes/0.backup'
	Deserialize:            1.375 ms
	Integration:            193.388 ms
	Integration of assets:  0.137 ms
	Thread Wait Time:       -0.007 ms
	Total Operation Time:   194.893 ms
Unloading 21 unused Assets / (6.2 KB). Loaded Objects now: 8738.
Memory consumption went from 454.1 MB to 454.1 MB.
Total: 8.714000 ms (FindLiveObjects: 0.429400 ms CreateObjectMapping: 0.561700 ms MarkObjects: 7.667600 ms  DeleteObjects: 0.054800 ms)

Importing 'GUID: 2bcd2660ca9b64942af0de543d8d7100 - Path: Assets/Settings/InputSystem_Actions.inputactions' with importer (ScriptedImporter : Unity.InputSystem:UnityEngine.InputSystem.Editor:InputActionImporter)
Imported 'GUID: 2bcd2660ca9b64942af0de543d8d7100' -> (Import Result ID: 'd9c33fc6970a6d8e44b3b64d132a9d1d') in 0.005 seconds [static and dynamic dependencies]. Details - ImportResultOutputID=947f2444588e8a7c5fdf1e760cb0c366 DependenciesID=289176e9c1d7c134d1fb83e2064ce7f3 StaticDependenciesID=b30d4990c1574208797a10b17472e127 
Asset Pipeline Refresh (id=5eab928f133486c4d9244d19b4b2ed9f): Total: 0.060 seconds - Initiated by StopAssetImportingV2(NoUpdateAssetOptions)
SpriteAtlasPacking completed in 0.003399 sec
Entering Playmode with Reload Domain disabled.
If you experience any issues, please disable "Enter Play Mode Options" in Editor Settings
Loaded scene 'Temp/__Backupscenes/0.backup'
	Deserialize:            2.115 ms
	Integration:            205.858 ms
	Integration of assets:  0.057 ms
	Thread Wait Time:       0.010 ms
	Total Operation Time:   208.040 ms
Unloading 9 Unused Serialized files (Serialized files now loaded: 0)
Loaded scene 'Temp/__Backupscenes/0.backup'
	Deserialize:            1.341 ms
	Integration:            198.393 ms
	Integration of assets:  0.231 ms
	Thread Wait Time:       0.014 ms
	Total Operation Time:   199.979 ms
Unloading 21 unused Assets / (6.2 KB). Loaded Objects now: 8738.
Memory consumption went from 454.1 MB to 454.1 MB.
Total: 8.471700 ms (FindLiveObjects: 0.409100 ms CreateObjectMapping: 0.548800 ms MarkObjects: 7.453300 ms  DeleteObjects: 0.059700 ms)

SpriteAtlasPacking completed in 0.003533 sec
Entering Playmode with Reload Domain disabled.
If you experience any issues, please disable "Enter Play Mode Options" in Editor Settings
Loaded scene 'Temp/__Backupscenes/0.backup'
	Deserialize:            2.056 ms
	Integration:            195.352 ms
	Integration of assets:  0.058 ms
	Thread Wait Time:       -0.013 ms
	Total Operation Time:   197.452 ms
Unloading 9 Unused Serialized files (Serialized files now loaded: 0)
Loaded scene 'Temp/__Backupscenes/0.backup'
	Deserialize:            1.352 ms
	Integration:            191.250 ms
	Integration of assets:  0.213 ms
	Thread Wait Time:       0.011 ms
	Total Operation Time:   192.827 ms
Unloading 6 unused Assets / (7.7 KB). Loaded Objects now: 8738.
Memory consumption went from 454.3 MB to 454.3 MB.
Total: 9.006400 ms (FindLiveObjects: 0.434800 ms CreateObjectMapping: 0.560500 ms MarkObjects: 7.959300 ms  DeleteObjects: 0.051400 ms)

SpriteAtlasPacking completed in 0.003583 sec
Entering Playmode with Reload Domain disabled.
If you experience any issues, please disable "Enter Play Mode Options" in Editor Settings
Loaded scene 'Temp/__Backupscenes/0.backup'
	Deserialize:            2.506 ms
	Integration:            187.642 ms
	Integration of assets:  0.052 ms
	Thread Wait Time:       -0.010 ms
	Total Operation Time:   190.191 ms
Unloading 9 Unused Serialized files (Serialized files now loaded: 0)
Loaded scene 'Temp/__Backupscenes/0.backup'
	Deserialize:            1.411 ms
	Integration:            184.851 ms
	Integration of assets:  0.226 ms
	Thread Wait Time:       0.013 ms
	Total Operation Time:   186.501 ms
Unloading 6 unused Assets / (7.7 KB). Loaded Objects now: 8738.
Memory consumption went from 454.3 MB to 454.3 MB.
Total: 9.397800 ms (FindLiveObjects: 0.415000 ms CreateObjectMapping: 0.555800 ms MarkObjects: 8.369600 ms  DeleteObjects: 0.056800 ms)

SpriteAtlasPacking completed in 0.003680 sec
Entering Playmode with Reload Domain disabled.
If you experience any issues, please disable "Enter Play Mode Options" in Editor Settings
Loaded scene 'Temp/__Backupscenes/0.backup'
	Deserialize:            2.381 ms
	Integration:            220.450 ms
	Integration of assets:  0.074 ms
	Thread Wait Time:       -0.019 ms
	Total Operation Time:   222.886 ms
Unloading 9 Unused Serialized files (Serialized files now loaded: 0)
Loaded scene 'Temp/__Backupscenes/0.backup'
	Deserialize:            1.430 ms
	Integration:            221.577 ms
	Integration of assets:  0.249 ms
	Thread Wait Time:       0.010 ms
	Total Operation Time:   223.266 ms
Unloading 6 unused Assets / (5.2 KB). Loaded Objects now: 8738.
Memory consumption went from 454.3 MB to 454.3 MB.
Total: 9.914400 ms (FindLiveObjects: 0.430600 ms CreateObjectMapping: 0.602100 ms MarkObjects: 8.826600 ms  DeleteObjects: 0.054600 ms)

SpriteAtlasPacking completed in 0.004003 sec
Entering Playmode with Reload Domain disabled.
If you experience any issues, please disable "Enter Play Mode Options" in Editor Settings
Loaded scene 'Temp/__Backupscenes/0.backup'
	Deserialize:            2.277 ms
	Integration:            190.533 ms
	Integration of assets:  0.093 ms
	Thread Wait Time:       -0.035 ms
	Total Operation Time:   192.868 ms
Unloading 9 Unused Serialized files (Serialized files now loaded: 0)
Loaded scene 'Temp/__Backupscenes/0.backup'
	Deserialize:            1.240 ms
	Integration:            203.654 ms
	Integration of assets:  0.105 ms
	Thread Wait Time:       0.011 ms
	Total Operation Time:   205.011 ms
Unloading 6 unused Assets / (7.7 KB). Loaded Objects now: 8738.
Memory consumption went from 454.3 MB to 454.3 MB.
Total: 8.785500 ms (FindLiveObjects: 0.406400 ms CreateObjectMapping: 0.552300 ms MarkObjects: 7.773300 ms  DeleteObjects: 0.052700 ms)

SpriteAtlasPacking completed in 0.003730 sec
Entering Playmode with Reload Domain disabled.
If you experience any issues, please disable "Enter Play Mode Options" in Editor Settings
Loaded scene 'Temp/__Backupscenes/0.backup'
	Deserialize:            1.985 ms
	Integration:            194.438 ms
	Integration of assets:  0.050 ms
	Thread Wait Time:       0.011 ms
	Total Operation Time:   196.484 ms
Unloading 9 Unused Serialized files (Serialized files now loaded: 0)
Loaded scene 'Temp/__Backupscenes/0.backup'
	Deserialize:            1.281 ms
	Integration:            188.793 ms
	Integration of assets:  0.216 ms
	Thread Wait Time:       -0.004 ms
	Total Operation Time:   190.286 ms
Unloading 6 unused Assets / (7.7 KB). Loaded Objects now: 8738.
Memory consumption went from 454.3 MB to 454.3 MB.
Total: 8.873500 ms (FindLiveObjects: 0.405300 ms CreateObjectMapping: 0.555500 ms MarkObjects: 7.856800 ms  DeleteObjects: 0.054900 ms)

SpriteAtlasPacking completed in 0.003650 sec
Entering Playmode with Reload Domain disabled.
If you experience any issues, please disable "Enter Play Mode Options" in Editor Settings
Loaded scene 'Temp/__Backupscenes/0.backup'
	Deserialize:            1.936 ms
	Integration:            193.723 ms
	Integration of assets:  0.054 ms
	Thread Wait Time:       0.010 ms
	Total Operation Time:   195.723 ms
Unloading 9 Unused Serialized files (Serialized files now loaded: 0)
Loaded scene 'Temp/__Backupscenes/0.backup'
	Deserialize:            1.309 ms
	Integration:            193.830 ms
	Integration of assets:  0.216 ms
	Thread Wait Time:       0.007 ms
	Total Operation Time:   195.361 ms
Unloading 6 unused Assets / (7.7 KB). Loaded Objects now: 8738.
Memory consumption went from 454.3 MB to 454.3 MB.
Total: 8.452600 ms (FindLiveObjects: 0.410300 ms CreateObjectMapping: 0.560800 ms MarkObjects: 7.429000 ms  DeleteObjects: 0.051900 ms)

SpriteAtlasPacking completed in 0.003461 sec
Entering Playmode with Reload Domain disabled.
If you experience any issues, please disable "Enter Play Mode Options" in Editor Settings
Loaded scene 'Temp/__Backupscenes/0.backup'
	Deserialize:            1.932 ms
	Integration:            196.051 ms
	Integration of assets:  0.051 ms
	Thread Wait Time:       0.006 ms
	Total Operation Time:   198.040 ms
Unloading 8 Unused Serialized files (Serialized files now loaded: 0)
Loaded scene 'Temp/__Backupscenes/0.backup'
	Deserialize:            1.301 ms
	Integration:            193.046 ms
	Integration of assets:  0.167 ms
	Thread Wait Time:       0.009 ms
	Total Operation Time:   194.523 ms
Unloading 4 unused Assets / (6.0 KB). Loaded Objects now: 8738.
Memory consumption went from 454.0 MB to 454.0 MB.
Total: 8.654800 ms (FindLiveObjects: 0.422000 ms CreateObjectMapping: 0.570100 ms MarkObjects: 7.599900 ms  DeleteObjects: 0.061900 ms)

Opening scene 'Assets/Scenes/SampleStage.unity'
Unloading 5 Unused Serialized files (Serialized files now loaded: 0)
Loaded scene 'Assets/Scenes/SampleStage.unity'
	Deserialize:            10.761 ms
	Integration:            202.656 ms
	Integration of assets:  0.160 ms
	Thread Wait Time:       0.011 ms
	Total Operation Time:   213.589 ms
Unloading 10 unused Assets / (108.2 KB). Loaded Objects now: 8824.
Memory consumption went from 461.5 MB to 461.4 MB.
Total: 9.134100 ms (FindLiveObjects: 0.435500 ms CreateObjectMapping: 0.570200 ms MarkObjects: 8.057900 ms  DeleteObjects: 0.069900 ms)

Opening scene 'Assets/Scenes/SampleStage.unity'
Unloading 3 Unused Serialized files (Serialized files now loaded: 0)
Loaded scene 'Assets/Scenes/SampleStage.unity'
	Deserialize:            3.472 ms
	Integration:            192.798 ms
	Integration of assets:  0.103 ms
	Thread Wait Time:       0.010 ms
	Total Operation Time:   196.382 ms
Unloading 1 unused Assets / (1.0 KB). Loaded Objects now: 8824.
Memory consumption went from 458.6 MB to 458.6 MB.
Total: 8.738000 ms (FindLiveObjects: 0.427100 ms CreateObjectMapping: 0.564800 ms MarkObjects: 7.727500 ms  DeleteObjects: 0.017600 ms)

Opening scene 'Assets/Scenes/SampleStage.unity'
Unloading 1 Unused Serialized files (Serialized files now loaded: 0)
Loaded scene 'Assets/Scenes/SampleStage.unity'
	Deserialize:            3.218 ms
	Integration:            192.889 ms
	Integration of assets:  0.062 ms
	Thread Wait Time:       0.010 ms
	Total Operation Time:   196.179 ms
Unloading 1 unused Assets / (1.0 KB). Loaded Objects now: 8824.
Memory consumption went from 458.6 MB to 458.6 MB.
Total: 8.878300 ms (FindLiveObjects: 0.427700 ms CreateObjectMapping: 0.560400 ms MarkObjects: 7.872200 ms  DeleteObjects: 0.017400 ms)

SpriteAtlasPacking completed in 0.003590 sec
Entering Playmode with Reload Domain disabled.
If you experience any issues, please disable "Enter Play Mode Options" in Editor Settings
Loaded scene 'Temp/__Backupscenes/0.backup'
	Deserialize:            20.573 ms
	Integration:            194.504 ms
	Integration of assets:  3.792 ms
	Thread Wait Time:       -3.710 ms
	Total Operation Time:   215.159 ms
Unloading 12 Unused Serialized files (Serialized files now loaded: 0)
Loaded scene 'Temp/__Backupscenes/0.backup'
	Deserialize:            1.827 ms
	Integration:            193.451 ms
	Integration of assets:  0.225 ms
	Thread Wait Time:       0.011 ms
	Total Operation Time:   195.515 ms
Unloading 0 unused Assets / (2.5 KB). Loaded Objects now: 8828.
Memory consumption went from 458.8 MB to 458.8 MB.
Total: 8.963100 ms (FindLiveObjects: 0.429100 ms CreateObjectMapping: 0.565900 ms MarkObjects: 7.960900 ms  DeleteObjects: 0.006600 ms)

Importing 'GUID: 2bcd2660ca9b64942af0de543d8d7100 - Path: Assets/Settings/InputSystem_Actions.inputactions' with importer (ScriptedImporter : Unity.InputSystem:UnityEngine.InputSystem.Editor:InputActionImporter)
Imported 'GUID: 2bcd2660ca9b64942af0de543d8d7100' -> (Import Result ID: 'd9c33fc6970a6d8e44b3b64d132a9d1d') in 0.006 seconds [static and dynamic dependencies]. Details - ImportResultOutputID=947f2444588e8a7c5fdf1e760cb0c366 DependenciesID=289176e9c1d7c134d1fb83e2064ce7f3 StaticDependenciesID=b30d4990c1574208797a10b17472e127 
Asset Pipeline Refresh (id=473787b342447ee409138b2860e5c96b): Total: 0.063 seconds - Initiated by StopAssetImportingV2(NoUpdateAssetOptions)
Unloading 5 Unused Serialized files (Serialized files now loaded: 0)
Unloading 51 unused Assets / (46.6 KB). Loaded Objects now: 8448.
Memory consumption went from 459.3 MB to 459.2 MB.
Total: 9.279800 ms (FindLiveObjects: 0.208800 ms CreateObjectMapping: 0.562800 ms MarkObjects: 8.379400 ms  DeleteObjects: 0.127800 ms)

Asset Pipeline Refresh (id=80dd30a951b12b3419221527ba50a511): Total: 0.063 seconds - Initiated by StopAssetImportingV2(NoUpdateAssetOptions)
Asset Pipeline Refresh (id=8702d1d21caa4dc4c9fa9b357ae57004): Total: 0.064 seconds - Initiated by StopAssetImportingV2(NoUpdateAssetOptions)
Importing 'GUID: 0000000000000000b000000000000000 - Path: ProjectSettings/EditorBuildSettings.asset' with importer (LibraryAssetImporter)
Imported 'GUID: 0000000000000000b000000000000000' -> (Import Result ID: 'c92e4fe6d0ad4f8c381f79b592cf5533') in 0.001 seconds [static dependencies only]. Details - ImportResultOutputID=4647dd083cfc32cebcd7526e8846440c DependenciesID=84ab7595306f42a9f3c66e61f9ef8d6f StaticDependenciesID=fd414803ceb9593e5477ae3ed376863d 
Importing 'GUID: f114b2fd6f24e974c8d6de779ad5db85 - Path: Assets/Stage1/GateOutline.mat' with importer (NativeFormatImporter)
Imported 'GUID: f114b2fd6f24e974c8d6de779ad5db85' -> (Import Result ID: 'c88262bf6bcd4b7702545f11d767fde3') in 0.006 seconds [static dependencies only]. Details - ImportResultOutputID=c07e380773fc5fcd2766cca96c89343d DependenciesID=a409acc5f123d366bc04bd072d05e1ac StaticDependenciesID=8f5a9bbb57390c6e2b82e2b5769c3c56 
Importing 'GUID: d667a029da0331b49ab92eece89065cf - Path: Assets/Stage1/Stage1Floor.mat' with importer (NativeFormatImporter)
Imported 'GUID: d667a029da0331b49ab92eece89065cf' -> (Import Result ID: 'e62cd0ca8c877c88abf8f04f7e3a04b9') in 0.005 seconds [static dependencies only]. Details - ImportResultOutputID=e01cae77c8134cb78dbfe75ce32e4e81 DependenciesID=3c6fbe61855130c7385b3dac905ebaa1 StaticDependenciesID=a95e27b5e593179df9a4b85f046e4d85 
Importing 'GUID: 9e0a6dff254e4b94aa9c01ae00a00cc2 - Path: Assets/Stage1/Stage1Boundary.mat' with importer (NativeFormatImporter)
Imported 'GUID: 9e0a6dff254e4b94aa9c01ae00a00cc2' -> (Import Result ID: 'c515a35aa5c244f0754ee4f3a4b8446a') in 0.004 seconds [static dependencies only]. Details - ImportResultOutputID=a5ffcc6084e58a7041f12d00df1cace9 DependenciesID=eb6577b0991e55cb5636b50836652e23 StaticDependenciesID=0df7a04e28f95711beb07e8ca9f5faa3 
Importing 'GUID: beeb26664254ae84e9ee90e66af322dc - Path: Assets/Stage1/GateFill.mat' with importer (NativeFormatImporter)
Imported 'GUID: beeb26664254ae84e9ee90e66af322dc' -> (Import Result ID: '7166e6b984a88ec590e3e0136dc61b7c') in 0.005 seconds [static dependencies only]. Details - ImportResultOutputID=ce672016035065450d10fb741ae86fa6 DependenciesID=4d7ff14a402a323aede5dd8847d22d9c StaticDependenciesID=928a85b50840a0821176316e1733b4cf 
Refreshing native plugins compatible for Editor in 2.23 ms, found 5 plugins.
Asset Pipeline Refresh (id=e64bd5a2141ef674cb968eb797ccd445): Total: 0.068 seconds - Initiated by StopAssetImportingV2(NoUpdateAssetOptions)
Importing 'GUID: 8fd1271bf7d54e1cbe77401b096aca02 - Path: Assets/Scenes/SampleStage.unity' with importer (DefaultImporter)
Imported 'GUID: 8fd1271bf7d54e1cbe77401b096aca02' -> (Import Result ID: '5a836aadc0293ebacafd056e68e18bbb') in 0.007 seconds [static dependencies only]. Details - ImportResultOutputID=a7bbb34258982183ecc3841686d18589 DependenciesID=17e4e32ac2b3a66acdc8eb7296fe3a5b StaticDependenciesID=47010cf3ea855bad40f752f8779c415d 
Asset Pipeline Refresh (id=741efddf2a21fd841a9e14313137ab40): Total: 0.060 seconds - Initiated by StopAssetImportingV2(NoUpdateAssetOptions)
Asset Pipeline Refresh (id=57b6c962ad0b3f24895663a97f2f8caa): Total: 0.008 seconds - Initiated by RefreshV2(NoUpdateAssetOptions)
Opening scene 'Assets/Scenes/SampleStage.unity'
Unloading 1 Unused Serialized files (Serialized files now loaded: 0)
Loaded scene 'Assets/Scenes/SampleStage.unity'
	Deserialize:            4.055 ms
	Integration:            192.337 ms
	Integration of assets:  0.076 ms
	Thread Wait Time:       0.013 ms
	Total Operation Time:   196.481 ms
Unloading 192 unused Assets / (8.9 MB). Loaded Objects now: 8880.
Memory consumption went from 480.9 MB to 471.9 MB.
Total: 9.120700 ms (FindLiveObjects: 0.433400 ms CreateObjectMapping: 0.574700 ms MarkObjects: 7.794800 ms  DeleteObjects: 0.316700 ms)

Unloading 5 Unused Serialized files (Serialized files now loaded: 0)
Unloading 21 unused Assets / (27.0 KB). Loaded Objects now: 8480.
Memory consumption went from 468.1 MB to 468.0 MB.
Total: 8.715700 ms (FindLiveObjects: 0.197900 ms CreateObjectMapping: 0.544200 ms MarkObjects: 7.898700 ms  DeleteObjects: 0.074300 ms)

Asset Pipeline Refresh (id=c48e1772dafe9e94e95a7b4688c1fe88): Total: 0.061 seconds - Initiated by StopAssetImportingV2(NoUpdateAssetOptions)
Asset Pipeline Refresh (id=b574195ef7c20924db7bca0b3d084772): Total: 0.057 seconds - Initiated by StopAssetImportingV2(NoUpdateAssetOptions)
Importing 'GUID: f114b2fd6f24e974c8d6de779ad5db85 - Path: Assets/Stage1/GateOutline.mat' with importer (NativeFormatImporter)
Imported 'GUID: f114b2fd6f24e974c8d6de779ad5db85' -> (Import Result ID: 'c88262bf6bcd4b7702545f11d767fde3') in 0.001 seconds [static dependencies only]. Details - ImportResultOutputID=c07e380773fc5fcd2766cca96c89343d DependenciesID=a409acc5f123d366bc04bd072d05e1ac StaticDependenciesID=8f5a9bbb57390c6e2b82e2b5769c3c56 
Importing 'GUID: d667a029da0331b49ab92eece89065cf - Path: Assets/Stage1/Stage1Floor.mat' with importer (NativeFormatImporter)
Imported 'GUID: d667a029da0331b49ab92eece89065cf' -> (Import Result ID: 'e62cd0ca8c877c88abf8f04f7e3a04b9') in 0.001 seconds [static dependencies only]. Details - ImportResultOutputID=e01cae77c8134cb78dbfe75ce32e4e81 DependenciesID=3c6fbe61855130c7385b3dac905ebaa1 StaticDependenciesID=a95e27b5e593179df9a4b85f046e4d85 
Importing 'GUID: 9e0a6dff254e4b94aa9c01ae00a00cc2 - Path: Assets/Stage1/Stage1Boundary.mat' with importer (NativeFormatImporter)
Imported 'GUID: 9e0a6dff254e4b94aa9c01ae00a00cc2' -> (Import Result ID: 'c515a35aa5c244f0754ee4f3a4b8446a') in 0.001 seconds [static dependencies only]. Details - ImportResultOutputID=a5ffcc6084e58a7041f12d00df1cace9 DependenciesID=eb6577b0991e55cb5636b50836652e23 StaticDependenciesID=0df7a04e28f95711beb07e8ca9f5faa3 
Importing 'GUID: beeb26664254ae84e9ee90e66af322dc - Path: Assets/Stage1/GateFill.mat' with importer (NativeFormatImporter)
Imported 'GUID: beeb26664254ae84e9ee90e66af322dc' -> (Import Result ID: '7166e6b984a88ec590e3e0136dc61b7c') in 0.001 seconds [static dependencies only]. Details - ImportResultOutputID=ce672016035065450d10fb741ae86fa6 DependenciesID=4d7ff14a402a323aede5dd8847d22d9c StaticDependenciesID=928a85b50840a0821176316e1733b4cf 
Asset Pipeline Refresh (id=f16a8596fc282924e856423130df67cf): Total: 0.046 seconds - Initiated by StopAssetImportingV2(NoUpdateAssetOptions)
Importing 'GUID: 8fd1271bf7d54e1cbe77401b096aca02 - Path: Assets/Scenes/SampleStage.unity' with importer (DefaultImporter)
Imported 'GUID: 8fd1271bf7d54e1cbe77401b096aca02' -> (Import Result ID: '5fac555e41c0ec2c4ab001faec5e6d61') in 0.001 seconds [static dependencies only]. Details - ImportResultOutputID=a7bbb34258982183ecc3841686d18589 DependenciesID=766cc065d03cf1e285c6301673749e6f StaticDependenciesID=55abfbea101a2aef09a52968a2864586 
Asset Pipeline Refresh (id=251f61293f9d18e45a728bb35b16277d): Total: 0.053 seconds - Initiated by StopAssetImportingV2(NoUpdateAssetOptions)
Asset Pipeline Refresh (id=2c00e23cb5411304b89a8d2eae224593): Total: 0.008 seconds - Initiated by RefreshV2(NoUpdateAssetOptions)
Opening scene 'Assets/Scenes/SampleStage.unity'
Unloading 1 Unused Serialized files (Serialized files now loaded: 0)
Loaded scene 'Assets/Scenes/SampleStage.unity'
	Deserialize:            4.558 ms
	Integration:            187.303 ms
	Integration of assets:  0.091 ms
	Thread Wait Time:       0.012 ms
	Total Operation Time:   191.964 ms
Unloading 192 unused Assets / (128.2 KB). Loaded Objects now: 8890.
Memory consumption went from 472.2 MB to 472.1 MB.
Total: 9.623700 ms (FindLiveObjects: 0.430200 ms CreateObjectMapping: 0.584000 ms MarkObjects: 8.382000 ms  DeleteObjects: 0.226600 ms)

SpriteAtlasPacking completed in 0.003624 sec
Entering Playmode with Reload Domain disabled.
If you experience any issues, please disable "Enter Play Mode Options" in Editor Settings
Loaded scene 'Temp/__Backupscenes/0.backup'
	Deserialize:            2.501 ms
	Integration:            194.356 ms
	Integration of assets:  0.045 ms
	Thread Wait Time:       0.005 ms
	Total Operation Time:   196.908 ms
Unloading 8 Unused Serialized files (Serialized files now loaded: 0)
Loaded scene 'Temp/__Backupscenes/0.backup'
	Deserialize:            1.711 ms
	Integration:            189.861 ms
	Integration of assets:  0.170 ms
	Thread Wait Time:       0.008 ms
	Total Operation Time:   191.749 ms
Unloading 10 unused Assets / (2.2 KB). Loaded Objects now: 8882.
Memory consumption went from 468.0 MB to 468.0 MB.
Total: 10.635500 ms (FindLiveObjects: 0.452000 ms CreateObjectMapping: 0.568600 ms MarkObjects: 9.078300 ms  DeleteObjects: 0.535600 ms)

SpriteAtlasPacking completed in 0.003816 sec
Entering Playmode with Reload Domain disabled.
If you experience any issues, please disable "Enter Play Mode Options" in Editor Settings
Loaded scene 'Temp/__Backupscenes/0.backup'
	Deserialize:            2.336 ms
	Integration:            191.790 ms
	Integration of assets:  0.051 ms
	Thread Wait Time:       0.008 ms
	Total Operation Time:   194.185 ms
Unloading 9 Unused Serialized files (Serialized files now loaded: 0)
Loaded scene 'Temp/__Backupscenes/0.backup'
	Deserialize:            1.666 ms
	Integration:            197.829 ms
	Integration of assets:  0.128 ms
	Thread Wait Time:       0.007 ms
	Total Operation Time:   199.631 ms
Unloading 2 unused Assets / (2.0 KB). Loaded Objects now: 8882.
Memory consumption went from 468.0 MB to 468.0 MB.
Total: 8.818200 ms (FindLiveObjects: 0.419000 ms CreateObjectMapping: 0.560100 ms MarkObjects: 7.818300 ms  DeleteObjects: 0.020100 ms)

[Worker0] Imported GUID: 8fd1271bf7d54e1cbe77401b096aca02 - Path: Assets/Scenes/SampleStage.unity - Importer: ScriptedImporter/UnityEditor.QuickSearchModule:UnityEditor.Search:ASIAI0B -> (ImportResultId: '5d48214c85344416718b0ead8991b9d7') in 0.0120997 seconds
SpriteAtlasPacking completed in 0.003681 sec
Entering Playmode with Reload Domain disabled.
If you experience any issues, please disable "Enter Play Mode Options" in Editor Settings
Loaded scene 'Temp/__Backupscenes/0.backup'
	Deserialize:            2.349 ms
	Integration:            202.310 ms
	Integration of assets:  0.046 ms
	Thread Wait Time:       0.008 ms
	Total Operation Time:   204.713 ms
Unloading 7 Unused Serialized files (Serialized files now loaded: 0)
Loaded scene 'Temp/__Backupscenes/0.backup'
	Deserialize:            1.742 ms
	Integration:            187.561 ms
	Integration of assets:  0.210 ms
	Thread Wait Time:       -0.009 ms
	Total Operation Time:   189.503 ms
Unloading 0 unused Assets / (2.5 KB). Loaded Objects now: 8882.
Memory consumption went from 468.0 MB to 468.0 MB.
Total: 10.235100 ms (FindLiveObjects: 0.616900 ms CreateObjectMapping: 0.771600 ms MarkObjects: 8.838500 ms  DeleteObjects: 0.007400 ms)

SpriteAtlasPacking completed in 0.003597 sec
Entering Playmode with Reload Domain disabled.
If you experience any issues, please disable "Enter Play Mode Options" in Editor Settings
Loaded scene 'Temp/__Backupscenes/0.backup'
	Deserialize:            2.322 ms
	Integration:            191.340 ms
	Integration of assets:  0.053 ms
	Thread Wait Time:       0.007 ms
	Total Operation Time:   193.721 ms
Unloading 7 Unused Serialized files (Serialized files now loaded: 0)
Loaded scene 'Temp/__Backupscenes/0.backup'
	Deserialize:            1.691 ms
	Integration:            193.912 ms
	Integration of assets:  0.193 ms
	Thread Wait Time:       0.010 ms
	Total Operation Time:   195.805 ms
Unloading 0 unused Assets / (2.5 KB). Loaded Objects now: 8882.
Memory consumption went from 468.0 MB to 468.0 MB.
Total: 9.135100 ms (FindLiveObjects: 0.427600 ms CreateObjectMapping: 0.581800 ms MarkObjects: 8.117400 ms  DeleteObjects: 0.007500 ms)

Unloading 5 Unused Serialized files (Serialized files now loaded: 0)
Unloading 22 unused Assets / (39.0 KB). Loaded Objects now: 8476.
Memory consumption went from 468.7 MB to 468.7 MB.
Total: 9.187400 ms (FindLiveObjects: 0.334100 ms CreateObjectMapping: 0.650900 ms MarkObjects: 8.097700 ms  DeleteObjects: 0.103700 ms)

Asset Pipeline Refresh (id=39f252dc859034846a6b78e1b91f4095): Total: 0.063 seconds - Initiated by StopAssetImportingV2(NoUpdateAssetOptions)
Asset Pipeline Refresh (id=7cb59aa4e0a690a4cba48e83894b3312): Total: 0.055 seconds - Initiated by StopAssetImportingV2(NoUpdateAssetOptions)
Importing 'GUID: f114b2fd6f24e974c8d6de779ad5db85 - Path: Assets/Stage1/GateOutline.mat' with importer (NativeFormatImporter)
Imported 'GUID: f114b2fd6f24e974c8d6de779ad5db85' -> (Import Result ID: 'c88262bf6bcd4b7702545f11d767fde3') in 0.001 seconds [static dependencies only]. Details - ImportResultOutputID=c07e380773fc5fcd2766cca96c89343d DependenciesID=a409acc5f123d366bc04bd072d05e1ac StaticDependenciesID=8f5a9bbb57390c6e2b82e2b5769c3c56 
Importing 'GUID: d667a029da0331b49ab92eece89065cf - Path: Assets/Stage1/Stage1Floor.mat' with importer (NativeFormatImporter)
Imported 'GUID: d667a029da0331b49ab92eece89065cf' -> (Import Result ID: 'e62cd0ca8c877c88abf8f04f7e3a04b9') in 0.001 seconds [static dependencies only]. Details - ImportResultOutputID=e01cae77c8134cb78dbfe75ce32e4e81 DependenciesID=3c6fbe61855130c7385b3dac905ebaa1 StaticDependenciesID=a95e27b5e593179df9a4b85f046e4d85 
Importing 'GUID: 9e0a6dff254e4b94aa9c01ae00a00cc2 - Path: Assets/Stage1/Stage1Boundary.mat' with importer (NativeFormatImporter)
Imported 'GUID: 9e0a6dff254e4b94aa9c01ae00a00cc2' -> (Import Result ID: 'c515a35aa5c244f0754ee4f3a4b8446a') in 0.001 seconds [static dependencies only]. Details - ImportResultOutputID=a5ffcc6084e58a7041f12d00df1cace9 DependenciesID=eb6577b0991e55cb5636b50836652e23 StaticDependenciesID=0df7a04e28f95711beb07e8ca9f5faa3 
Importing 'GUID: beeb26664254ae84e9ee90e66af322dc - Path: Assets/Stage1/GateFill.mat' with importer (NativeFormatImporter)
Imported 'GUID: beeb26664254ae84e9ee90e66af322dc' -> (Import Result ID: '7166e6b984a88ec590e3e0136dc61b7c') in 0.001 seconds [static dependencies only]. Details - ImportResultOutputID=ce672016035065450d10fb741ae86fa6 DependenciesID=4d7ff14a402a323aede5dd8847d22d9c StaticDependenciesID=928a85b50840a0821176316e1733b4cf 
Asset Pipeline Refresh (id=d3031c73430da3943b67fe23e845ea00): Total: 0.043 seconds - Initiated by StopAssetImportingV2(NoUpdateAssetOptions)
Importing 'GUID: 8fd1271bf7d54e1cbe77401b096aca02 - Path: Assets/Scenes/SampleStage.unity' with importer (DefaultImporter)
Imported 'GUID: 8fd1271bf7d54e1cbe77401b096aca02' -> (Import Result ID: 'e589950813dbb90d141bd03b49145245') in 0.001 seconds [static dependencies only]. Details - ImportResultOutputID=a7bbb34258982183ecc3841686d18589 DependenciesID=fc5195677726d1770177aa9aeff115e5 StaticDependenciesID=9553793457ff6170f4e9ddbdbf4da513 
Asset Pipeline Refresh (id=7028393faa995094f9d7c1bdd55d21c7): Total: 0.053 seconds - Initiated by StopAssetImportingV2(NoUpdateAssetOptions)
Asset Pipeline Refresh (id=df6f0d816400efd4eb4ab7b48a40064b): Total: 0.008 seconds - Initiated by RefreshV2(NoUpdateAssetOptions)
Opening scene 'Assets/Scenes/SampleStage.unity'
Unloading 1 Unused Serialized files (Serialized files now loaded: 0)
Loaded scene 'Assets/Scenes/SampleStage.unity'
	Deserialize:            3.628 ms
	Integration:            196.935 ms
	Integration of assets:  0.068 ms
	Thread Wait Time:       0.007 ms
	Total Operation Time:   200.638 ms
Unloading 192 unused Assets / (128.0 KB). Loaded Objects now: 8895.
Memory consumption went from 472.7 MB to 472.5 MB.
Total: 9.343900 ms (FindLiveObjects: 0.425800 ms CreateObjectMapping: 0.576900 ms MarkObjects: 8.061200 ms  DeleteObjects: 0.279400 ms)

Unloading 5 Unused Serialized files (Serialized files now loaded: 0)
Unloading 21 unused Assets / (37.0 KB). Loaded Objects now: 8495.
Memory consumption went from 468.6 MB to 468.6 MB.
Total: 9.689500 ms (FindLiveObjects: 0.199800 ms CreateObjectMapping: 0.590600 ms MarkObjects: 8.810600 ms  DeleteObjects: 0.087600 ms)

Asset Pipeline Refresh (id=7fe8ff30246278a449d603e5ecffb6d3): Total: 0.061 seconds - Initiated by StopAssetImportingV2(NoUpdateAssetOptions)
Asset Pipeline Refresh (id=b3a01b1a3e757634699257a5fc9d1968): Total: 0.060 seconds - Initiated by StopAssetImportingV2(NoUpdateAssetOptions)
Importing 'GUID: f114b2fd6f24e974c8d6de779ad5db85 - Path: Assets/Stage1/GateOutline.mat' with importer (NativeFormatImporter)
Imported 'GUID: f114b2fd6f24e974c8d6de779ad5db85' -> (Import Result ID: 'c88262bf6bcd4b7702545f11d767fde3') in 0.001 seconds [static dependencies only]. Details - ImportResultOutputID=c07e380773fc5fcd2766cca96c89343d DependenciesID=a409acc5f123d366bc04bd072d05e1ac StaticDependenciesID=8f5a9bbb57390c6e2b82e2b5769c3c56 
Importing 'GUID: d667a029da0331b49ab92eece89065cf - Path: Assets/Stage1/Stage1Floor.mat' with importer (NativeFormatImporter)
Imported 'GUID: d667a029da0331b49ab92eece89065cf' -> (Import Result ID: 'e62cd0ca8c877c88abf8f04f7e3a04b9') in 0.001 seconds [static dependencies only]. Details - ImportResultOutputID=e01cae77c8134cb78dbfe75ce32e4e81 DependenciesID=3c6fbe61855130c7385b3dac905ebaa1 StaticDependenciesID=a95e27b5e593179df9a4b85f046e4d85 
Importing 'GUID: 9e0a6dff254e4b94aa9c01ae00a00cc2 - Path: Assets/Stage1/Stage1Boundary.mat' with importer (NativeFormatImporter)
Imported 'GUID: 9e0a6dff254e4b94aa9c01ae00a00cc2' -> (Import Result ID: 'c515a35aa5c244f0754ee4f3a4b8446a') in 0.001 seconds [static dependencies only]. Details - ImportResultOutputID=a5ffcc6084e58a7041f12d00df1cace9 DependenciesID=eb6577b0991e55cb5636b50836652e23 StaticDependenciesID=0df7a04e28f95711beb07e8ca9f5faa3 
Importing 'GUID: beeb26664254ae84e9ee90e66af322dc - Path: Assets/Stage1/GateFill.mat' with importer (NativeFormatImporter)
Imported 'GUID: beeb26664254ae84e9ee90e66af322dc' -> (Import Result ID: '7166e6b984a88ec590e3e0136dc61b7c') in 0.001 seconds [static dependencies only]. Details - ImportResultOutputID=ce672016035065450d10fb741ae86fa6 DependenciesID=4d7ff14a402a323aede5dd8847d22d9c StaticDependenciesID=928a85b50840a0821176316e1733b4cf 
Asset Pipeline Refresh (id=60fbea65ad267f942a36d4539803c01a): Total: 0.043 seconds - Initiated by StopAssetImportingV2(NoUpdateAssetOptions)
Importing 'GUID: 8fd1271bf7d54e1cbe77401b096aca02 - Path: Assets/Scenes/SampleStage.unity' with importer (DefaultImporter)
Imported 'GUID: 8fd1271bf7d54e1cbe77401b096aca02' -> (Import Result ID: '3a4cdf70c76f460f48dc73836c16fe9d') in 0.001 seconds [static dependencies only]. Details - ImportResultOutputID=a7bbb34258982183ecc3841686d18589 DependenciesID=f9c2e6b5557a649baf02c9586e3b8f68 StaticDependenciesID=c123dc169cda6fbd8d08a5e98e616d43 
Asset Pipeline Refresh (id=43f0da382b849624e9d49e661279d88b): Total: 0.054 seconds - Initiated by StopAssetImportingV2(NoUpdateAssetOptions)
Asset Pipeline Refresh (id=74848796cf07e614b84aaaa48cff6d19): Total: 0.008 seconds - Initiated by RefreshV2(NoUpdateAssetOptions)
Opening scene 'Assets/Scenes/SampleStage.unity'
Unloading 1 Unused Serialized files (Serialized files now loaded: 0)
Loaded scene 'Assets/Scenes/SampleStage.unity'
	Deserialize:            3.864 ms
	Integration:            192.376 ms
	Integration of assets:  0.070 ms
	Thread Wait Time:       0.007 ms
	Total Operation Time:   196.317 ms
Unloading 192 unused Assets / (128.5 KB). Loaded Objects now: 8905.
Memory consumption went from 472.7 MB to 472.5 MB.
Total: 9.412300 ms (FindLiveObjects: 0.430000 ms CreateObjectMapping: 0.572700 ms MarkObjects: 8.185700 ms  DeleteObjects: 0.223200 ms)

Unloading 5 Unused Serialized files (Serialized files now loaded: 0)
Unloading 30 unused Assets / (29.0 KB). Loaded Objects now: 8496.
Memory consumption went from 468.6 MB to 468.5 MB.
Total: 8.921900 ms (FindLiveObjects: 0.198800 ms CreateObjectMapping: 0.544600 ms MarkObjects: 8.081000 ms  DeleteObjects: 0.096500 ms)

Asset Pipeline Refresh (id=cf904ca2bd689bd408e662ee5f274ac4): Total: 0.059 seconds - Initiated by StopAssetImportingV2(NoUpdateAssetOptions)
Asset Pipeline Refresh (id=dc4995ea07e28164290e844296212a85): Total: 0.057 seconds - Initiated by StopAssetImportingV2(NoUpdateAssetOptions)
Importing 'GUID: f114b2fd6f24e974c8d6de779ad5db85 - Path: Assets/Stage1/GateOutline.mat' with importer (NativeFormatImporter)
Imported 'GUID: f114b2fd6f24e974c8d6de779ad5db85' -> (Import Result ID: 'c88262bf6bcd4b7702545f11d767fde3') in 0.001 seconds [static dependencies only]. Details - ImportResultOutputID=c07e380773fc5fcd2766cca96c89343d DependenciesID=a409acc5f123d366bc04bd072d05e1ac StaticDependenciesID=8f5a9bbb57390c6e2b82e2b5769c3c56 
Importing 'GUID: d667a029da0331b49ab92eece89065cf - Path: Assets/Stage1/Stage1Floor.mat' with importer (NativeFormatImporter)
Imported 'GUID: d667a029da0331b49ab92eece89065cf' -> (Import Result ID: 'e62cd0ca8c877c88abf8f04f7e3a04b9') in 0.001 seconds [static dependencies only]. Details - ImportResultOutputID=e01cae77c8134cb78dbfe75ce32e4e81 DependenciesID=3c6fbe61855130c7385b3dac905ebaa1 StaticDependenciesID=a95e27b5e593179df9a4b85f046e4d85 
Importing 'GUID: 9e0a6dff254e4b94aa9c01ae00a00cc2 - Path: Assets/Stage1/Stage1Boundary.mat' with importer (NativeFormatImporter)
Imported 'GUID: 9e0a6dff254e4b94aa9c01ae00a00cc2' -> (Import Result ID: 'c515a35aa5c244f0754ee4f3a4b8446a') in 0.001 seconds [static dependencies only]. Details - ImportResultOutputID=a5ffcc6084e58a7041f12d00df1cace9 DependenciesID=eb6577b0991e55cb5636b50836652e23 StaticDependenciesID=0df7a04e28f95711beb07e8ca9f5faa3 
Importing 'GUID: beeb26664254ae84e9ee90e66af322dc - Path: Assets/Stage1/GateFill.mat' with importer (NativeFormatImporter)
Imported 'GUID: beeb26664254ae84e9ee90e66af322dc' -> (Import Result ID: '7166e6b984a88ec590e3e0136dc61b7c') in 0.001 seconds [static dependencies only]. Details - ImportResultOutputID=ce672016035065450d10fb741ae86fa6 DependenciesID=4d7ff14a402a323aede5dd8847d22d9c StaticDependenciesID=928a85b50840a0821176316e1733b4cf 
Refreshing native plugins compatible for Editor in 2.22 ms, found 5 plugins.
Asset Pipeline Refresh (id=9c7a0a5d6999427438c80d30f796deb6): Total: 0.045 seconds - Initiated by StopAssetImportingV2(NoUpdateAssetOptions)
Importing 'GUID: 8fd1271bf7d54e1cbe77401b096aca02 - Path: Assets/Scenes/SampleStage.unity' with importer (DefaultImporter)
Imported 'GUID: 8fd1271bf7d54e1cbe77401b096aca02' -> (Import Result ID: 'f1819cfcd49aaa5144cacd03c6cffb6f') in 0.001 seconds [static dependencies only]. Details - ImportResultOutputID=a7bbb34258982183ecc3841686d18589 DependenciesID=9160585f982cd9d04399ba6ba5ecd1ae StaticDependenciesID=47fe060dab7fc462af8ea354ddba8f0d 
Refreshing native plugins compatible for Editor in 2.24 ms, found 5 plugins.
Asset Pipeline Refresh (id=ae49e207340c6764885eacb871b0a286): Total: 0.055 seconds - Initiated by StopAssetImportingV2(NoUpdateAssetOptions)
Asset Pipeline Refresh (id=d63a2ecbb7448b74c920d68142b85ffa): Total: 0.008 seconds - Initiated by RefreshV2(NoUpdateAssetOptions)
Opening scene 'Assets/Scenes/SampleStage.unity'
Unloading 1 Unused Serialized files (Serialized files now loaded: 0)
Loaded scene 'Assets/Scenes/SampleStage.unity'
	Deserialize:            4.244 ms
	Integration:            191.214 ms
	Integration of assets:  0.125 ms
	Thread Wait Time:       -0.027 ms
	Total Operation Time:   195.556 ms
Unloading 192 unused Assets / (128.5 KB). Loaded Objects now: 8915.
Memory consumption went from 472.7 MB to 472.6 MB.
Total: 9.946100 ms (FindLiveObjects: 0.452600 ms CreateObjectMapping: 0.611300 ms MarkObjects: 8.660100 ms  DeleteObjects: 0.221600 ms)

Unloading 5 Unused Serialized files (Serialized files now loaded: 0)
Unloading 21 unused Assets / (38.0 KB). Loaded Objects now: 8510.
Memory consumption went from 468.6 MB to 468.6 MB.
Total: 7.798300 ms (FindLiveObjects: 0.118000 ms CreateObjectMapping: 0.548100 ms MarkObjects: 7.058700 ms  DeleteObjects: 0.072800 ms)

Asset Pipeline Refresh (id=e25dfb9a53faabf44a3d0bf86134e714): Total: 0.059 seconds - Initiated by StopAssetImportingV2(NoUpdateAssetOptions)
Asset Pipeline Refresh (id=9aa25621aab7ffa47b51b574608fe4a0): Total: 0.057 seconds - Initiated by StopAssetImportingV2(NoUpdateAssetOptions)
Importing 'GUID: f114b2fd6f24e974c8d6de779ad5db85 - Path: Assets/Stage1/GateOutline.mat' with importer (NativeFormatImporter)
Imported 'GUID: f114b2fd6f24e974c8d6de779ad5db85' -> (Import Result ID: 'c88262bf6bcd4b7702545f11d767fde3') in 0.001 seconds [static dependencies only]. Details - ImportResultOutputID=c07e380773fc5fcd2766cca96c89343d DependenciesID=a409acc5f123d366bc04bd072d05e1ac StaticDependenciesID=8f5a9bbb57390c6e2b82e2b5769c3c56 
Importing 'GUID: d667a029da0331b49ab92eece89065cf - Path: Assets/Stage1/Stage1Floor.mat' with importer (NativeFormatImporter)
Imported 'GUID: d667a029da0331b49ab92eece89065cf' -> (Import Result ID: 'e62cd0ca8c877c88abf8f04f7e3a04b9') in 0.001 seconds [static dependencies only]. Details - ImportResultOutputID=e01cae77c8134cb78dbfe75ce32e4e81 DependenciesID=3c6fbe61855130c7385b3dac905ebaa1 StaticDependenciesID=a95e27b5e593179df9a4b85f046e4d85 
Importing 'GUID: 9e0a6dff254e4b94aa9c01ae00a00cc2 - Path: Assets/Stage1/Stage1Boundary.mat' with importer (NativeFormatImporter)
Imported 'GUID: 9e0a6dff254e4b94aa9c01ae00a00cc2' -> (Import Result ID: 'c515a35aa5c244f0754ee4f3a4b8446a') in 0.001 seconds [static dependencies only]. Details - ImportResultOutputID=a5ffcc6084e58a7041f12d00df1cace9 DependenciesID=eb6577b0991e55cb5636b50836652e23 StaticDependenciesID=0df7a04e28f95711beb07e8ca9f5faa3 
Importing 'GUID: beeb26664254ae84e9ee90e66af322dc - Path: Assets/Stage1/GateFill.mat' with importer (NativeFormatImporter)
Imported 'GUID: beeb26664254ae84e9ee90e66af322dc' -> (Import Result ID: '7166e6b984a88ec590e3e0136dc61b7c') in 0.001 seconds [static dependencies only]. Details - ImportResultOutputID=ce672016035065450d10fb741ae86fa6 DependenciesID=4d7ff14a402a323aede5dd8847d22d9c StaticDependenciesID=928a85b50840a0821176316e1733b4cf 
Asset Pipeline Refresh (id=29e63bf724c6aa84f9475818f0aa1ae7): Total: 0.044 seconds - Initiated by StopAssetImportingV2(NoUpdateAssetOptions)
Importing 'GUID: 8fd1271bf7d54e1cbe77401b096aca02 - Path: Assets/Scenes/SampleStage.unity' with importer (DefaultImporter)
Imported 'GUID: 8fd1271bf7d54e1cbe77401b096aca02' -> (Import Result ID: 'ed26e2511f3a89a1adefae00a24fa766') in 0.001 seconds [static dependencies only]. Details - ImportResultOutputID=a7bbb34258982183ecc3841686d18589 DependenciesID=758795dc7cd4aa1a136f3779f86b2f5f StaticDependenciesID=909ae2a6e82bc5d5b598f142b78d3a45 
Asset Pipeline Refresh (id=ede2b4813b22c274ca2d8cf37560df6b): Total: 0.052 seconds - Initiated by StopAssetImportingV2(NoUpdateAssetOptions)
Asset Pipeline Refresh (id=93a14266d2a705744b343c9751e0c114): Total: 0.008 seconds - Initiated by RefreshV2(NoUpdateAssetOptions)
Opening scene 'Assets/Scenes/SampleStage.unity'
Unloading 1 Unused Serialized files (Serialized files now loaded: 0)
Loaded scene 'Assets/Scenes/SampleStage.unity'
	Deserialize:            4.505 ms
	Integration:            191.716 ms
	Integration of assets:  0.109 ms
	Thread Wait Time:       -0.020 ms
	Total Operation Time:   196.309 ms
Unloading 192 unused Assets / (126.5 KB). Loaded Objects now: 8920.
Memory consumption went from 472.7 MB to 472.6 MB.
Total: 9.159100 ms (FindLiveObjects: 0.428900 ms CreateObjectMapping: 0.577200 ms MarkObjects: 7.943500 ms  DeleteObjects: 0.208800 ms)

Unloading 5 Unused Serialized files (Serialized files now loaded: 0)
Unloading 21 unused Assets / (38.0 KB). Loaded Objects now: 8515.
Memory consumption went from 469.0 MB to 469.0 MB.
Total: 8.064100 ms (FindLiveObjects: 0.114500 ms CreateObjectMapping: 0.549300 ms MarkObjects: 7.325000 ms  DeleteObjects: 0.074800 ms)

Asset Pipeline Refresh (id=54da63f85e508734aaebf3769d9d423b): Total: 0.060 seconds - Initiated by StopAssetImportingV2(NoUpdateAssetOptions)
Asset Pipeline Refresh (id=4fc6a51f34fbf6f44b33eb280b4f737a): Total: 0.053 seconds - Initiated by StopAssetImportingV2(NoUpdateAssetOptions)
Importing 'GUID: f114b2fd6f24e974c8d6de779ad5db85 - Path: Assets/Stage1/GateOutline.mat' with importer (NativeFormatImporter)
Imported 'GUID: f114b2fd6f24e974c8d6de779ad5db85' -> (Import Result ID: 'c88262bf6bcd4b7702545f11d767fde3') in 0.001 seconds [static dependencies only]. Details - ImportResultOutputID=c07e380773fc5fcd2766cca96c89343d DependenciesID=a409acc5f123d366bc04bd072d05e1ac StaticDependenciesID=8f5a9bbb57390c6e2b82e2b5769c3c56 
Importing 'GUID: d667a029da0331b49ab92eece89065cf - Path: Assets/Stage1/Stage1Floor.mat' with importer (NativeFormatImporter)
Imported 'GUID: d667a029da0331b49ab92eece89065cf' -> (Import Result ID: 'e62cd0ca8c877c88abf8f04f7e3a04b9') in 0.001 seconds [static dependencies only]. Details - ImportResultOutputID=e01cae77c8134cb78dbfe75ce32e4e81 DependenciesID=3c6fbe61855130c7385b3dac905ebaa1 StaticDependenciesID=a95e27b5e593179df9a4b85f046e4d85 
Importing 'GUID: 9e0a6dff254e4b94aa9c01ae00a00cc2 - Path: Assets/Stage1/Stage1Boundary.mat' with importer (NativeFormatImporter)
Imported 'GUID: 9e0a6dff254e4b94aa9c01ae00a00cc2' -> (Import Result ID: 'c515a35aa5c244f0754ee4f3a4b8446a') in 0.001 seconds [static dependencies only]. Details - ImportResultOutputID=a5ffcc6084e58a7041f12d00df1cace9 DependenciesID=eb6577b0991e55cb5636b50836652e23 StaticDependenciesID=0df7a04e28f95711beb07e8ca9f5faa3 
Importing 'GUID: beeb26664254ae84e9ee90e66af322dc - Path: Assets/Stage1/GateFill.mat' with importer (NativeFormatImporter)
Imported 'GUID: beeb26664254ae84e9ee90e66af322dc' -> (Import Result ID: '7166e6b984a88ec590e3e0136dc61b7c') in 0.001 seconds [static dependencies only]. Details - ImportResultOutputID=ce672016035065450d10fb741ae86fa6 DependenciesID=4d7ff14a402a323aede5dd8847d22d9c StaticDependenciesID=928a85b50840a0821176316e1733b4cf 
Asset Pipeline Refresh (id=7ef85ad50bc9dbd459140d2391720491): Total: 0.043 seconds - Initiated by StopAssetImportingV2(NoUpdateAssetOptions)
Importing 'GUID: 8fd1271bf7d54e1cbe77401b096aca02 - Path: Assets/Scenes/SampleStage.unity' with importer (DefaultImporter)
Imported 'GUID: 8fd1271bf7d54e1cbe77401b096aca02' -> (Import Result ID: '31aa63889e304adb56f086e528f0d41e') in 0.001 seconds [static dependencies only]. Details - ImportResultOutputID=a7bbb34258982183ecc3841686d18589 DependenciesID=5968256ab255f60147dfdad15d5f9336 StaticDependenciesID=2b024e7f21f717eaa65f5f69b48b0fc7 
Asset Pipeline Refresh (id=2cfcd049dc88e8c4a9248f601d7b42f3): Total: 0.051 seconds - Initiated by StopAssetImportingV2(NoUpdateAssetOptions)
Asset Pipeline Refresh (id=a85b82c7312322d40a4874414d5866b3): Total: 0.008 seconds - Initiated by RefreshV2(NoUpdateAssetOptions)
Opening scene 'Assets/Scenes/SampleStage.unity'
Unloading 1 Unused Serialized files (Serialized files now loaded: 0)
Loaded scene 'Assets/Scenes/SampleStage.unity'
	Deserialize:            4.071 ms
	Integration:            191.884 ms
	Integration of assets:  0.075 ms
	Thread Wait Time:       0.012 ms
	Total Operation Time:   196.042 ms
Unloading 192 unused Assets / (127.5 KB). Loaded Objects now: 8925.
Memory consumption went from 473.1 MB to 472.9 MB.
Total: 8.925200 ms (FindLiveObjects: 0.425200 ms CreateObjectMapping: 0.576400 ms MarkObjects: 7.709700 ms  DeleteObjects: 0.213200 ms)

Unloading 6 Unused Serialized files (Serialized files now loaded: 0)
Unloading 22 unused Assets / (40.2 KB). Loaded Objects now: 8520.
Memory consumption went from 469.2 MB to 469.1 MB.
Total: 8.286900 ms (FindLiveObjects: 0.203300 ms CreateObjectMapping: 0.568200 ms MarkObjects: 7.436100 ms  DeleteObjects: 0.078600 ms)

Asset Pipeline Refresh (id=f5fdeb7f6bcb7a348bacca603d12b6cc): Total: 0.059 seconds - Initiated by StopAssetImportingV2(NoUpdateAssetOptions)
Asset Pipeline Refresh (id=310551e13fec1c748a6152ed1d764e5f): Total: 0.054 seconds - Initiated by StopAssetImportingV2(NoUpdateAssetOptions)
Importing 'GUID: f114b2fd6f24e974c8d6de779ad5db85 - Path: Assets/Stage1/GateOutline.mat' with importer (NativeFormatImporter)
Imported 'GUID: f114b2fd6f24e974c8d6de779ad5db85' -> (Import Result ID: 'c88262bf6bcd4b7702545f11d767fde3') in 0.001 seconds [static dependencies only]. Details - ImportResultOutputID=c07e380773fc5fcd2766cca96c89343d DependenciesID=a409acc5f123d366bc04bd072d05e1ac StaticDependenciesID=8f5a9bbb57390c6e2b82e2b5769c3c56 
Importing 'GUID: d667a029da0331b49ab92eece89065cf - Path: Assets/Stage1/Stage1Floor.mat' with importer (NativeFormatImporter)
Imported 'GUID: d667a029da0331b49ab92eece89065cf' -> (Import Result ID: 'e62cd0ca8c877c88abf8f04f7e3a04b9') in 0.001 seconds [static dependencies only]. Details - ImportResultOutputID=e01cae77c8134cb78dbfe75ce32e4e81 DependenciesID=3c6fbe61855130c7385b3dac905ebaa1 StaticDependenciesID=a95e27b5e593179df9a4b85f046e4d85 
Importing 'GUID: 9e0a6dff254e4b94aa9c01ae00a00cc2 - Path: Assets/Stage1/Stage1Boundary.mat' with importer (NativeFormatImporter)
Imported 'GUID: 9e0a6dff254e4b94aa9c01ae00a00cc2' -> (Import Result ID: 'c515a35aa5c244f0754ee4f3a4b8446a') in 0.001 seconds [static dependencies only]. Details - ImportResultOutputID=a5ffcc6084e58a7041f12d00df1cace9 DependenciesID=eb6577b0991e55cb5636b50836652e23 StaticDependenciesID=0df7a04e28f95711beb07e8ca9f5faa3 
Importing 'GUID: beeb26664254ae84e9ee90e66af322dc - Path: Assets/Stage1/GateFill.mat' with importer (NativeFormatImporter)
Imported 'GUID: beeb26664254ae84e9ee90e66af322dc' -> (Import Result ID: '7166e6b984a88ec590e3e0136dc61b7c') in 0.001 seconds [static dependencies only]. Details - ImportResultOutputID=ce672016035065450d10fb741ae86fa6 DependenciesID=4d7ff14a402a323aede5dd8847d22d9c StaticDependenciesID=928a85b50840a0821176316e1733b4cf 
Asset Pipeline Refresh (id=bcb8a423701982a49aa51650ac39cb43): Total: 0.044 seconds - Initiated by StopAssetImportingV2(NoUpdateAssetOptions)
Importing 'GUID: 8fd1271bf7d54e1cbe77401b096aca02 - Path: Assets/Scenes/SampleStage.unity' with importer (DefaultImporter)
Imported 'GUID: 8fd1271bf7d54e1cbe77401b096aca02' -> (Import Result ID: '80cac7adc6f2b0618bf0e6241e6a0b85') in 0.001 seconds [static dependencies only]. Details - ImportResultOutputID=a7bbb34258982183ecc3841686d18589 DependenciesID=ea70a21691ec7739d6a47ea2610e3334 StaticDependenciesID=2ea664245e3746a09c202b8de9f1a4ff 
Asset Pipeline Refresh (id=b128fc7e1dc4f074bbeea9fbcc098aa9): Total: 0.054 seconds - Initiated by StopAssetImportingV2(NoUpdateAssetOptions)
Asset Pipeline Refresh (id=91caebe02434dd647908a3f346b3565b): Total: 0.008 seconds - Initiated by RefreshV2(NoUpdateAssetOptions)
Opening scene 'Assets/Scenes/SampleStage.unity'
Unloading 1 Unused Serialized files (Serialized files now loaded: 0)
Loaded scene 'Assets/Scenes/SampleStage.unity'
	Deserialize:            3.750 ms
	Integration:            189.641 ms
	Integration of assets:  0.068 ms
	Thread Wait Time:       0.012 ms
	Total Operation Time:   193.472 ms
Unloading 192 unused Assets / (127.6 KB). Loaded Objects now: 8930.
Memory consumption went from 473.1 MB to 473.0 MB.
Total: 9.720500 ms (FindLiveObjects: 0.432700 ms CreateObjectMapping: 0.580500 ms MarkObjects: 8.488200 ms  DeleteObjects: 0.218300 ms)

SpriteAtlasPacking completed in 0.003588 sec
Entering Playmode with Reload Domain disabled.
If you experience any issues, please disable "Enter Play Mode Options" in Editor Settings
Loaded scene 'Temp/__Backupscenes/0.backup'
	Deserialize:            2.042 ms
	Integration:            197.545 ms
	Integration of assets:  0.039 ms
	Thread Wait Time:       -0.007 ms
	Total Operation Time:   199.619 ms
Unloading 8 Unused Serialized files (Serialized files now loaded: 0)
Loaded scene 'Temp/__Backupscenes/0.backup'
	Deserialize:            1.772 ms
	Integration:            190.365 ms
	Integration of assets:  0.199 ms
	Thread Wait Time:       -0.010 ms
	Total Operation Time:   192.327 ms
Unloading 13 unused Assets / (2.0 KB). Loaded Objects now: 8930.
Memory consumption went from 468.9 MB to 468.9 MB.
Total: 9.250100 ms (FindLiveObjects: 0.438400 ms CreateObjectMapping: 0.554800 ms MarkObjects: 8.207900 ms  DeleteObjects: 0.048100 ms)

SpriteAtlasPacking completed in 0.003547 sec
Entering Playmode with Reload Domain disabled.
If you experience any issues, please disable "Enter Play Mode Options" in Editor Settings
Loaded scene 'Temp/__Backupscenes/0.backup'
	Deserialize:            2.260 ms
	Integration:            193.267 ms
	Integration of assets:  0.045 ms
	Thread Wait Time:       0.012 ms
	Total Operation Time:   195.584 ms
Unloading 7 Unused Serialized files (Serialized files now loaded: 0)
Loaded scene 'Temp/__Backupscenes/0.backup'
	Deserialize:            1.687 ms
	Integration:            187.212 ms
	Integration of assets:  0.238 ms
	Thread Wait Time:       -0.026 ms
	Total Operation Time:   189.111 ms
Unloading 0 unused Assets / (0 B). Loaded Objects now: 8930.
Memory consumption went from 468.8 MB to 468.8 MB.
Total: 8.950900 ms (FindLiveObjects: 0.513700 ms CreateObjectMapping: 0.599500 ms MarkObjects: 7.830400 ms  DeleteObjects: 0.006400 ms)

[Worker0] Imported GUID: 8fd1271bf7d54e1cbe77401b096aca02 - Path: Assets/Scenes/SampleStage.unity - Importer: ScriptedImporter/UnityEditor.QuickSearchModule:UnityEditor.Search:ASIAI0B -> (ImportResultId: '01ffe7cfad512870b85bf7f625856ea7') in 0.0111498 seconds
SpriteAtlasPacking completed in 0.003650 sec
Entering Playmode with Reload Domain disabled.
If you experience any issues, please disable "Enter Play Mode Options" in Editor Settings
Loaded scene 'Temp/__Backupscenes/0.backup'
	Deserialize:            2.275 ms
	Integration:            194.267 ms
	Integration of assets:  0.045 ms
	Thread Wait Time:       -0.010 ms
	Total Operation Time:   196.577 ms
Unloading 7 Unused Serialized files (Serialized files now loaded: 0)
Loaded scene 'Temp/__Backupscenes/0.backup'
	Deserialize:            1.744 ms
	Integration:            197.609 ms
	Integration of assets:  0.116 ms
	Thread Wait Time:       0.012 ms
	Total Operation Time:   199.480 ms
Unloading 0 unused Assets / (2.5 KB). Loaded Objects now: 8930.
Memory consumption went from 468.8 MB to 468.8 MB.
Total: 9.039800 ms (FindLiveObjects: 0.426300 ms CreateObjectMapping: 0.578000 ms MarkObjects: 8.022900 ms  DeleteObjects: 0.011600 ms)

SpriteAtlasPacking completed in 0.003785 sec
Entering Playmode with Reload Domain disabled.
If you experience any issues, please disable "Enter Play Mode Options" in Editor Settings
Loaded scene 'Temp/__Backupscenes/0.backup'
	Deserialize:            2.356 ms
	Integration:            196.643 ms
	Integration of assets:  0.049 ms
	Thread Wait Time:       -0.012 ms
	Total Operation Time:   199.036 ms
Unloading 7 Unused Serialized files (Serialized files now loaded: 0)
Loaded scene 'Temp/__Backupscenes/0.backup'
	Deserialize:            1.929 ms
	Integration:            188.494 ms
	Integration of assets:  0.269 ms
	Thread Wait Time:       -0.048 ms
	Total Operation Time:   190.645 ms
Unloading 0 unused Assets / (2.5 KB). Loaded Objects now: 8930.
Memory consumption went from 468.8 MB to 468.8 MB.
Total: 9.246600 ms (FindLiveObjects: 0.429600 ms CreateObjectMapping: 0.556800 ms MarkObjects: 8.247500 ms  DeleteObjects: 0.011600 ms)

SpriteAtlasPacking completed in 0.003746 sec
Entering Playmode with Reload Domain disabled.
If you experience any issues, please disable "Enter Play Mode Options" in Editor Settings
Loaded scene 'Temp/__Backupscenes/0.backup'
	Deserialize:            2.362 ms
	Integration:            193.105 ms
	Integration of assets:  0.049 ms
	Thread Wait Time:       -0.011 ms
	Total Operation Time:   195.507 ms
Unloading 7 Unused Serialized files (Serialized files now loaded: 0)
Loaded scene 'Temp/__Backupscenes/0.backup'
	Deserialize:            1.695 ms
	Integration:            190.128 ms
	Integration of assets:  0.206 ms
	Thread Wait Time:       -0.010 ms
	Total Operation Time:   192.019 ms
Unloading 0 unused Assets / (2.5 KB). Loaded Objects now: 8930.
Memory consumption went from 468.8 MB to 468.8 MB.
Total: 8.909100 ms (FindLiveObjects: 0.437500 ms CreateObjectMapping: 0.572200 ms MarkObjects: 7.891900 ms  DeleteObjects: 0.006800 ms)

SpriteAtlasPacking completed in 0.003752 sec
Entering Playmode with Reload Domain disabled.
If you experience any issues, please disable "Enter Play Mode Options" in Editor Settings
Loaded scene 'Temp/__Backupscenes/0.backup'
	Deserialize:            2.288 ms
	Integration:            191.319 ms
	Integration of assets:  0.070 ms
	Thread Wait Time:       -0.025 ms
	Total Operation Time:   193.652 ms
Unloading 7 Unused Serialized files (Serialized files now loaded: 0)
Loaded scene 'Temp/__Backupscenes/0.backup'
	Deserialize:            1.825 ms
	Integration:            190.992 ms
	Integration of assets:  0.210 ms
	Thread Wait Time:       -0.011 ms
	Total Operation Time:   193.015 ms
Unloading 0 unused Assets / (2.5 KB). Loaded Objects now: 8930.
Memory consumption went from 468.8 MB to 468.8 MB.
Total: 9.950800 ms (FindLiveObjects: 0.459300 ms CreateObjectMapping: 0.874600 ms MarkObjects: 8.606600 ms  DeleteObjects: 0.009500 ms)

SpriteAtlasPacking completed in 0.003807 sec
Entering Playmode with Reload Domain disabled.
If you experience any issues, please disable "Enter Play Mode Options" in Editor Settings
Loaded scene 'Temp/__Backupscenes/0.backup'
	Deserialize:            2.517 ms
	Integration:            198.008 ms
	Integration of assets:  0.151 ms
	Thread Wait Time:       -0.105 ms
	Total Operation Time:   200.572 ms
Unloading 7 Unused Serialized files (Serialized files now loaded: 0)
Loaded scene 'Temp/__Backupscenes/0.backup'
	Deserialize:            1.894 ms
	Integration:            200.902 ms
	Integration of assets:  0.228 ms
	Thread Wait Time:       -0.006 ms
	Total Operation Time:   203.018 ms
Unloading 0 unused Assets / (2.5 KB). Loaded Objects now: 8930.
Memory consumption went from 468.8 MB to 468.8 MB.
Total: 8.891300 ms (FindLiveObjects: 0.493900 ms CreateObjectMapping: 0.559100 ms MarkObjects: 7.830400 ms  DeleteObjects: 0.007200 ms)

Unloading 1 Unused Serialized files (Serialized files now loaded: 0)
Unloading 20 unused Assets / (31.0 KB). Loaded Objects now: 8521.
Memory consumption went from 473.0 MB to 473.0 MB.
Total: 8.800900 ms (FindLiveObjects: 0.114000 ms CreateObjectMapping: 0.549600 ms MarkObjects: 8.035300 ms  DeleteObjects: 0.100900 ms)

Importing 'GUID: 6587a79308afdd94c9aa4d8188106a51 - Path: Assets/Scenes/Title.unity' with importer (DefaultImporter)
Imported 'GUID: 6587a79308afdd94c9aa4d8188106a51' -> (Import Result ID: '390de6317489d500dc4c8912b20961e9') in 0.007 seconds [static dependencies only]. Details - ImportResultOutputID=62c7311b657ae47de932f6b454e098bc DependenciesID=1f3ac9aade8ad9c41b0b68a206e7b6e0 StaticDependenciesID=8c216c2cf6019255797681cc3dec2f6c 
Asset Pipeline Refresh (id=99fef71804f68a54983c17b2bc8625c4): Total: 0.063 seconds - Initiated by StopAssetImportingV2(NoUpdateAssetOptions)
Asset Pipeline Refresh (id=ec61655ce6159cd4fb16d8dd7dc9eeba): Total: 0.008 seconds - Initiated by RefreshV2(NoUpdateAssetOptions)
Opening scene 'Assets/Scenes/Title.unity'
Unloading 0 Unused Serialized files (Serialized files now loaded: 0)
Loaded scene 'Assets/Scenes/Title.unity'
	Deserialize:            0.814 ms
	Integration:            188.165 ms
	Integration of assets:  0.001 ms
	Thread Wait Time:       0.008 ms
	Total Operation Time:   188.987 ms
Unloading 183 unused Assets / (125.6 KB). Loaded Objects now: 8561.
Memory consumption went from 470.7 MB to 470.6 MB.
Total: 9.467900 ms (FindLiveObjects: 0.402800 ms CreateObjectMapping: 0.573000 ms MarkObjects: 8.263400 ms  DeleteObjects: 0.227700 ms)

Saving results to: C:/Users/myong/AppData/LocalLow/DefaultCompany/NaManMoo\TestResults.xml
Saving results to: Artifacts\dungeon-projectile-cleanup-final-editmode.xml
Executing IPostBuildCleanup for: Unity.PerformanceTesting.Editor.TestRunBuilder.
UnityEngine.Debug:ExtractStackTraceNoAlloc (byte*,int,string)
UnityEngine.StackTraceUtility:ExtractStackTrace ()
UnityEngine.DebugLogHandler:Internal_Log (UnityEngine.LogType,UnityEngine.LogOption,string,UnityEngine.Object)
UnityEngine.DebugLogHandler:LogFormat (UnityEngine.LogType,UnityEngine.Object,string,object[])
UnityEngine.Logger:Log (UnityEngine.LogType,object)
UnityEngine.Debug:Log (object)
UnityEditor.TestTools.TestRunner.TestRun.Tasks.BuildActionTaskBase`1/<ExecuteMethods>d__8<UnityEngine.TestTools.IPostBuildCleanup>:MoveNext () (at ./Library/PackageCache/com.unity.test-framework@1405238725ab/UnityEditor.TestRunner/TestRun/Tasks/BuildActionTaskBase.cs:48)
UnityEditor.TestTools.TestRunner.TestRun.Tasks.BuildActionTaskBase`1/<Execute>d__7<UnityEngine.TestTools.IPostBuildCleanup>:MoveNext () (at ./Library/PackageCache/com.unity.test-framework@1405238725ab/UnityEditor.TestRunner/TestRun/Tasks/BuildActionTaskBase.cs:34)
UnityEditor.TestTools.TestRunner.TestRun.TestJobRunner:ExecuteStep () (at ./Library/PackageCache/com.unity.test-framework@1405238725ab/UnityEditor.TestRunner/TestRun/TestJobRunner.cs:194)
UnityEditor.TestTools.TestRunner.TestRun.TestJobRunner:ExecuteCallback () (at ./Library/PackageCache/com.unity.test-framework@1405238725ab/UnityEditor.TestRunner/TestRun/TestJobRunner.cs:129)
UnityEditor.EditorApplication:Internal_CallUpdateFunctions ()

(Filename: ./Library/PackageCache/com.unity.test-framework@1405238725ab/UnityEditor.TestRunner/TestRun/Tasks/BuildActionTaskBase.cs Line: 48)

Unloading 2 Unused Serialized files (Serialized files now loaded: 0)
Unloading 3 unused Assets / (1.7 KB). Loaded Objects now: 8533.
Memory consumption went from 463.7 MB to 463.7 MB.
Total: 10.642700 ms (FindLiveObjects: 0.222700 ms CreateObjectMapping: 0.562900 ms MarkObjects: 9.823600 ms  DeleteObjects: 0.032700 ms)

DisplayProgressbar: Undo
Test run completed. Exiting with code 2 (Failed). One or more tests failed.
UnityEngine.Debug:ExtractStackTraceNoAlloc (byte*,int,string)
UnityEngine.StackTraceUtility:ExtractStackTrace ()
UnityEngine.DebugLogHandler:Internal_Log (UnityEngine.LogType,UnityEngine.LogOption,string,UnityEngine.Object)
UnityEngine.DebugLogHandler:LogFormat (UnityEngine.LogType,UnityEngine.Object,string,object[])
UnityEngine.Logger:Log (UnityEngine.LogType,object)
UnityEngine.Debug:Log (object)
UnityEditor.TestTools.TestRunner.CommandLineTest.Executer:ExitApplication (UnityEditor.TestTools.TestRunner.CommandLineTest.Executer/ReturnCodes,string) (at ./Library/PackageCache/com.unity.test-framework@1405238725ab/UnityEditor.TestRunner/CommandLineTest/Executer.cs:81)
UnityEditor.TestTools.TestRunner.CommandLineTest.Executer:ExitIfRunIsCompleted () (at ./Library/PackageCache/com.unity.test-framework@1405238725ab/UnityEditor.TestRunner/CommandLineTest/Executer.cs:74)
UnityEditor.EditorApplication:Internal_CallUpdateFunctions ()

(Filename: ./Library/PackageCache/com.unity.test-framework@1405238725ab/UnityEditor.TestRunner/CommandLineTest/Executer.cs Line: 81)

MonoPathRemapper: Attempts to remap: 50943; Successful remaps: 24162
Serialized file version minimum: 22, current 23
[Physics::Module] Cleanup current backend.
[Physics::Module] Id: 0xf2b8ea05
Input System module state changed to: ShutdownInProgress.
Input Polling Thread exited.
Input System module state changed to: Shutdown.
[Licensing::IpcConnector] LicenseClient-myong-6000.5.5-notifications channel disconnected successfully.
[Licensing::IpcConnector] LicenseClient-myong-6000.5.5 channel disconnected successfully.
AcceleratorClientConnectionCallback - disconnected - :0
Cleanup mono
CodeReloadManager destroyed
Checking for leaked weakptr:
  Found no leaked weakptrs.
[Package Manager] Server process was shutdown
##utp:{"type":"MemoryLeaks","version":2,"phase":"Immediate","time":1785758197194,"processId":13156,"allocatedMemory":17156014,"memoryLabels":[{"Default":197134},{"Permanent":15516},{"NewDelete":88891},{"Thread":4197560},{"Manager":34245},{"VertexData":8},{"Geometry":816},{"Texture":24},{"Shader":849989},{"Material":24},{"GfxDevice":55328},{"Animation":4680},{"FreeType":8},{"FontEngine":736},{"Physics":2146},{"Physics2D":16},{"Serialization":21784},{"Input":42840},{"JobScheduler":256},{"TextLib":280},{"Mono":48},{"MonoCode":5376},{"ScriptingNativeRuntime":1574468},{"BaseObject":1675480},{"Resource":1208},{"Renderer":3080},{"Transform":4685},{"File":21831},{"WebCam":616},{"Culling":32},{"Terrain":11442},{"Wind":24},{"STL":40},{"String":13138},{"StaticString":3808},{"Utility":2673782},{"Curl":2559},{"PoolAlloc":2264},{"AI":80},{"TypeTree":17269},{"CodeReload":448},{"RuntimeInitializeOnLoadManager":64},{"Sprites":102},{"SpriteAtlas":120},{"GI":7816},{"Director":4568},{"CloudService":288},{"WebRequest":552},{"VR":47114},{"SceneManager":608},{"Video":64},{"LazyScriptCache":32},{"Camera":17},{"Secure":2377},{"SerializationCache":1576},{"APIUpdating":10320},{"Subsystems":336},{"VirtualTexturing":57888},{"StaticSafetyDebugInfo":278528},{"Analytics":424},{"Hierarchy":1176},{"UIElements":72},{"CoreStats":13688},{"Identifiers":6768},{"Gui":128},{"EditorUtility":117424},{"VersionControl":8},{"Undo":931},{"AssetDatabase":5024786},{"AssetImporter":40},{"EditorGi":328},{"UnityConnect":38929},{"Upm":1912},{"UpmDiagnostics":8},{"AssetCompliance":64},{"DrivenProperties":72},{"LocalIPC":211},{"ProfilerEditor":9746},{"CoreBusinessMetrics":3226},{"Windowing":456},{"Licensing":664},{"AssetReference":32},{"IPCStream":32}]}
