[Licensing::Module] Trying to connect to existing licensing client channel...
Built from '6000.5/staging' branch; Version is '6000.5.5f1 (d16e074b49fd) revision 13725191'; Using compiler version '194234433'; Build Type 'Release'
[Licensing::IpcConnector] Successfully connected to: "LicenseClient-myong" at "2026-07-29T05:43:28.633031Z"
OS: 'Windows 11  (10.0.26200) Professional' Language: 'ko' Physical Memory: 32372 MB
BatchMode: 1, IsHumanControllingUs: 0, StartBugReporterOnCrash: 0, Is64bit: 1
System  architecture: x64
Process architecture: x64
Date: 2026-07-29T05:43:28Z

COMMAND LINE ARGUMENTS:
C:\Program Files\Unity\Hub\Editor\6000.5.5f1\Editor\Unity.exe
-batchmode
-nographics
-projectPath
C:\Users\myong\NaManMoo
-runTests
-testPlatform
EditMode
-testResults
C:\Users\myong\NaManMoo\Artifacts\health-baseline-escalated-editmode.xml
-logFile
C:\Users\myong\NaManMoo\Artifacts\health-baseline-escalated-editmode.log
Successfully changed project path to: C:\Users\myong\NaManMoo
C:/Users/myong/NaManMoo
[UnityMemory] Configuration Parameters - Can be set up in boot.config
    "memorysetup-temp-allocator-size-gi-baking-worker=262144"
    "memorysetup-temp-allocator-size-gi-baking-worker=262144"
    "memorysetup-temp-allocator-size-gi-baking-worker=262144"
    "memorysetup-temp-allocator-size-gi-baking-worker=262144"
    "memorysetup-temp-allocator-size-gi-baking-worker=262144"
    "memorysetup-temp-allocator-size-nav-mesh-worker=65536"
    "memorysetup-temp-allocator-size-audio-worker=65536"
    "memorysetup-temp-allocator-size-cloud-worker=32768"
    "memorysetup-temp-allocator-size-gfx=262144"
    "memorysetup-temp-allocator-size-preload-manager=33554432"
    "memorysetup-allocator-temp-initial-block-size-main=262144"
    "memorysetup-allocator-temp-initial-block-size-worker=262144"
    "memorysetup-temp-allocator-size-job-worker=262144"
    "memorysetup-temp-allocator-size-background-worker=32768"
    "memorysetup-bucket-allocator-granularity=16"
    "memorysetup-bucket-allocator-bucket-count=8"
    "memorysetup-bucket-allocator-block-size=33554432"
    "memorysetup-bucket-allocator-block-count=8"
    "memorysetup-main-allocator-block-size=16777216"
    "memorysetup-thread-allocator-block-size=16777216"
    "memorysetup-main-allocator-mimalloc-enabled=0"
    "memorysetup-gfx-main-allocator-block-size=16777216"
    "memorysetup-gfx-thread-allocator-block-size=16777216"
    "memorysetup-cache-allocator-block-size=4194304"
    "memorysetup-typetree-allocator-block-size=2097152"
    "memorysetup-profiler-bucket-allocator-granularity=16"
    "memorysetup-profiler-bucket-allocator-bucket-count=8"
    "memorysetup-profiler-bucket-allocator-block-size=33554432"
    "memorysetup-profiler-bucket-allocator-block-count=8"
    "memorysetup-profiler-allocator-block-size=16777216"
    "memorysetup-profiler-editor-allocator-block-size=1048576"
    "memorysetup-temp-allocator-size-main=16777216"
    "memorysetup-job-temp-allocator-block-size=2097152"
    "memorysetup-job-temp-allocator-block-size-background=1048576"
    "memorysetup-job-temp-allocator-reduction-small-platforms=262144"
Logging is directed to a specific file, skipping project log.Player connection [28940]  Target information:

Player connection [28940]  * "[IP] 172.20.96.1 [Port] 55504 [Flags] 2 [Guid] 1445141580 [EditorId] 1445141580 [Version] 1048832 [Id] WindowsEditor(7,명석메인PC) [Debug] 1 [PackageName] WindowsEditor [ProjectName] Editor" 

Player connection [28940]  * "[IP] 192.168.0.21 [Port] 55504 [Flags] 2 [Guid] 1445141580 [EditorId] 1445141580 [Version] 1048832 [Id] WindowsEditor(7,명석메인PC) [Debug] 1 [PackageName] WindowsEditor [ProjectName] Editor" 

Player connection [28940] Host joined multi-casting on [225.0.0.222:54997]...
Player connection [28940] Host joined alternative multi-casting on [225.0.0.222:34997]...
Input System module state changed to: Initialized.
[Physics::Module] Initialized fallback backend.
[Physics::Module] Id: 0xdecafbad
[Package Manager] Connected to IPC stream "Upm-24340" after 0.2 seconds.
[Licensing::Module] Licensing is not yet initialized.
[Licensing::Client] Error: HandshakeResponse reported an error:
	ResponseCode: 505
	ResponseStatus: Unsupported protocol version '1.18.1'.
[Licensing::Module] Error: Failed to handshake to channel: "LicenseClient-myong"
[Licensing::IpcConnector] LicenseClient-myong channel disconnected successfully.
[Licensing::IpcConnector] Channel LicenseClient-myong-6000.5.5 doesn't exist
[Licensing::Module] Successfully launched the LicensingClient (PId: 35912)
[Licensing::IpcConnector] Successfully connected to: "LicenseClient-myong-6000.5.5" at "2026-07-29T05:43:29.8086036Z"
[Licensing::Client] Code 10 while verifying Licensing Client signature (process Id: 35912, path: "C:/Program Files/Unity/Hub/Editor/6000.5.5f1/Editor/Data/Resources/Licensing/Client/Unity.Licensing.Client.exe")
[Licensing::Module] LicensingClient has failed validation; ignoring
[Licensing::Client] Handshaking with LicensingClient:
  Version:                 1.18.1+9fbee8e
  Session Id:              ceb5d16841184fc59941d4439a26d694
  Correlation Id:          9d510404b2f25b0236f07579cf56d050
  External correlation Id: 5501710701273072031
  Machine Id:              v+a+ouGR4+W8BTN/Qdz04mSEDRQ=
[Licensing::Module] Successfully connected to LicensingClient on channel: "LicenseClient-myong-6000.5.5" (connect: 0.37s, validation: 0.33s, handshake: 0.01s)
[Licensing::IpcConnector] Successfully connected to: "LicenseClient-myong-6000.5.5-notifications" at "2026-07-29T05:43:30.1556222Z"
[Licensing::Module] Connected to LicensingClient (PId: 35912, launch time: 0.01, total connection time: 0.72s)
[Licensing::Module] Error: Access token is unavailable; failed to update
[Licensing::Client] Successfully resolved entitlement details
[Licensing::Module] License group:
  Id: 14568940247218-UnityPersXXXX
  Product: Unity Personal
  Type: Assigned
  Expiration: Unlimited
[Licensing::Client] Successfully updated license, isAsync: True, time: 0.01
[Licensing::Module] Licensing Background thread has ended after 1.58s
[Licensing::Module] Licensing is initialized (took 1.27s).
[Licensing::Client] Successfully resolved entitlement details
Library Redirect Path: Library/
[Physics::Module] Selected backend.
[Physics::Module] Name: PhysX
[Physics::Module] Id: 0xf2b8ea05
[Physics::Module] SDK Version: 4.1.2
[Physics::Module] Integration Version: 1.0.0
[Physics::Module] Threading Mode: Multi-Threaded
Initialize engine version: 6000.5.5f1 (d16e074b49fd)
[Subsystems] Discovering subsystems at path C:/Program Files/Unity/Hub/Editor/6000.5.5f1/Editor/Data/Resources/UnitySubsystems
[Subsystems] Discovering subsystems at path C:/Users/myong/NaManMoo/Assets
Forcing GfxDevice: Null
GfxDevice: creating device client; kGfxThreadingModeNonThreaded
NullGfxDevice:
    Version:  NULL 1.0 [1.0]
    Renderer: Null Device
    Vendor:   Unity Technologies
Shader Hidden/ChartRasterizerHardware is not supported: GPU does not support conservative rasterization
Initialize mono
Mono path[0] = 'C:/Program Files/Unity/Hub/Editor/6000.5.5f1/Editor/Data/Managed'
Mono path[1] = 'C:/Program Files/Unity/Hub/Editor/6000.5.5f1/Editor/Data/BCLExtensions/runtime/netstandard2.1'
Mono path[2] = 'C:/Program Files/Unity/Hub/Editor/6000.5.5f1/Editor/Data/MonoBleedingEdge/lib/mono/unityjit-win32'
Mono config path = 'C:/Program Files/Unity/Hub/Editor/6000.5.5f1/Editor/Data/MonoBleedingEdge/etc'
Using monoOptions --debugger-agent=transport=dt_socket,embedding=1,server=y,suspend=n,address=127.0.0.1:56340
CodeReloadManager initialized
ImportWorker Server TCP listen port: 0
AcceleratorClientConnectionCallback - disconnected - :0
Begin MonoManager ReloadAssembly
Registering precompiled unity dll's ...
Register platform support module: C:/Program Files/Unity/Hub/Editor/6000.5.5f1/Editor/Data/PlaybackEngines/WebGLSupport/UnityEditor.WebGL.Extensions.dll
Register platform support module: C:/Program Files/Unity/Hub/Editor/6000.5.5f1/Editor/Data/PlaybackEngines/WindowsStandaloneSupport/UnityEditor.WindowsStandalone.Extensions.dll
Registered in 0.001747 seconds.
Native extension for WindowsStandalone target not found
Native extension for WebGL target not found
Package Manager log level set to [2]
ScheduleIndexationOnStartup MainProcess:False IndexOnStartup:True
Mono: successfully reloaded assembly
- Finished resetting the current domain, in  0.234 seconds
Domain Reload Profiling: 575ms
	BeginReloadAssembly (96ms)
		CreateAndSetChildDomain (15ms)
	RebuildCommonClasses (4ms)
	RebuildNativeTypeToScriptingClass (10ms)
	initialDomainReloadingComplete (42ms)
	LoadAllAssembliesAndSetupDomain (187ms)
		LoadAssemblies (79ms)
		AnalyzeDomain (136ms)
			TypeCache.Refresh (135ms)
				TypeCache.ScanAssembly (125ms)
	FinalizeReload (236ms)
		SetupLoadedEditorAssemblies (0ms)
			BeforeProcessingInitializeOnLoad (54ms)
			ProcessInitializeOnLoadAttributes (58ms)
			ProcessInitializeOnLoadMethodAttributes (71ms)
[Licensing::Client] Successfully resolved entitlement details
Application.AssetDatabase Initial Refresh Start
[Package Manager] Restoring resolved packages state from cache
[Licensing::Client] Successfully resolved entitlement details
[Package Manager] Registered 65 packages:
  Packages from [https://packages.unity.com]:
    com.unity.2d.animation@15.1.0 (location: C:\Users\myong\NaManMoo\Library\PackageCache\com.unity.2d.animation@6d5a363ae647)
    com.unity.2d.aseprite@5.0.3 (location: C:\Users\myong\NaManMoo\Library\PackageCache\com.unity.2d.aseprite@d13865913efa)
    com.unity.2d.psdimporter@14.0.3 (location: C:\Users\myong\NaManMoo\Library\PackageCache\com.unity.2d.psdimporter@5d82044f9e43)
    com.unity.2d.spriteshape@15.0.3 (location: C:\Users\myong\NaManMoo\Library\PackageCache\com.unity.2d.spriteshape@fcb7ec61a58b)
    com.unity.2d.tilemap.extras@8.0.3 (location: C:\Users\myong\NaManMoo\Library\PackageCache\com.unity.2d.tilemap.extras@a80140457adc)
    com.unity.2d.tooling@3.0.1 (location: C:\Users\myong\NaManMoo\Library\PackageCache\com.unity.2d.tooling@6f06ffb033c0)
    com.unity.collab-proxy@2.13.3 (location: C:\Users\myong\NaManMoo\Library\PackageCache\com.unity.collab-proxy@4f3be89e8675)
    com.unity.ide.rider@3.0.38 (location: C:\Users\myong\NaManMoo\Library\PackageCache\com.unity.ide.rider@1f60b3138684)
    com.unity.ide.visualstudio@2.0.26 (location: C:\Users\myong\NaManMoo\Library\PackageCache\com.unity.ide.visualstudio@a99d56dec63f)
    com.unity.inputsystem@1.19.0 (location: C:\Users\myong\NaManMoo\Library\PackageCache\com.unity.inputsystem@21a28c3a6c83)
    com.unity.timeline@1.8.12 (location: C:\Users\myong\NaManMoo\Library\PackageCache\com.unity.timeline@8cd8509afae5)
    com.unity.visualscripting@1.9.11 (location: C:\Users\myong\NaManMoo\Library\PackageCache\com.unity.visualscripting@8bed5ad90189)
    com.unity.2d.common@14.0.1 (location: C:\Users\myong\NaManMoo\Library\PackageCache\com.unity.2d.common@73badf92ba8b)
    com.unity.searcher@4.9.4 (location: C:\Users\myong\NaManMoo\Library\PackageCache\com.unity.searcher@d45a78918735)
    com.unity.burst@1.8.29 (location: C:\Users\myong\NaManMoo\Library\PackageCache\com.unity.burst@6bb9aca3ef38)
    com.unity.nuget.mono-cecil@1.11.6 (location: C:\Users\myong\NaManMoo\Library\PackageCache\com.unity.nuget.mono-cecil@ecb9724e46ff)
    com.unity.test-framework.performance@3.5.0 (location: C:\Users\myong\NaManMoo\Library\PackageCache\com.unity.test-framework.performance@8b56083ec0f0)
  Built-in packages:
    com.unity.2d.sprite@1.0.0 (location: C:\Users\myong\NaManMoo\Library\PackageCache\com.unity.2d.sprite@053a968eab56)
    com.unity.2d.tilemap@1.0.0 (location: C:\Users\myong\NaManMoo\Library\PackageCache\com.unity.2d.tilemap@b959501fd678)
    com.unity.multiplayer.center@1.0.1 (location: C:\Users\myong\NaManMoo\Library\PackageCache\com.unity.multiplayer.center@b860850997d0)
    com.unity.render-pipelines.universal@17.5.0 (location: C:\Users\myong\NaManMoo\Library\PackageCache\com.unity.render-pipelines.universal@040461d037aa)
    com.unity.test-framework@1.7.0 (location: C:\Users\myong\NaManMoo\Library\PackageCache\com.unity.test-framework@1405238725ab)
    com.unity.ugui@2.5.0 (location: C:\Users\myong\NaManMoo\Library\PackageCache\com.unity.ugui@f2d87ebaaa32)
    com.unity.modules.accessibility@1.0.0 (location: C:\Users\myong\NaManMoo\Library\PackageCache\com.unity.modules.accessibility)
    com.unity.modules.adaptiveperformance@1.0.0 (location: C:\Users\myong\NaManMoo\Library\PackageCache\com.unity.modules.adaptiveperformance)
    com.unity.modules.ai@1.0.0 (location: C:\Users\myong\NaManMoo\Library\PackageCache\com.unity.modules.ai)
    com.unity.modules.androidjni@1.0.0 (location: C:\Users\myong\NaManMoo\Library\PackageCache\com.unity.modules.androidjni)
    com.unity.modules.animation@1.0.0 (location: C:\Users\myong\NaManMoo\Library\PackageCache\com.unity.modules.animation)
    com.unity.modules.assetbundle@1.0.0 (location: C:\Users\myong\NaManMoo\Library\PackageCache\com.unity.modules.assetbundle)
    com.unity.modules.audio@1.0.0 (location: C:\Users\myong\NaManMoo\Library\PackageCache\com.unity.modules.audio)
    com.unity.modules.cloth@1.0.0 (location: C:\Users\myong\NaManMoo\Library\PackageCache\com.unity.modules.cloth)
    com.unity.modules.director@1.0.0 (location: C:\Users\myong\NaManMoo\Library\PackageCache\com.unity.modules.director)
    com.unity.modules.imageconversion@1.0.0 (location: C:\Users\myong\NaManMoo\Library\PackageCache\com.unity.modules.imageconversion)
    com.unity.modules.imgui@1.0.0 (location: C:\Users\myong\NaManMoo\Library\PackageCache\com.unity.modules.imgui)
    com.unity.modules.jsonserialize@1.0.0 (location: C:\Users\myong\NaManMoo\Library\PackageCache\com.unity.modules.jsonserialize)
    com.unity.modules.particlesystem@1.0.0 (location: C:\Users\myong\NaManMoo\Library\PackageCache\com.unity.modules.particlesystem)
    com.unity.modules.physics@1.0.0 (location: C:\Users\myong\NaManMoo\Library\PackageCache\com.unity.modules.physics)
    com.unity.modules.physics2d@1.0.0 (location: C:\Users\myong\NaManMoo\Library\PackageCache\com.unity.modules.physics2d)
    com.unity.modules.physicscore2d@1.0.0 (location: C:\Users\myong\NaManMoo\Library\PackageCache\com.unity.modules.physicscore2d)
    com.unity.modules.screencapture@1.0.0 (location: C:\Users\myong\NaManMoo\Library\PackageCache\com.unity.modules.screencapture)
    com.unity.modules.terrain@1.0.0 (location: C:\Users\myong\NaManMoo\Library\PackageCache\com.unity.modules.terrain)
    com.unity.modules.terrainphysics@1.0.0 (location: C:\Users\myong\NaManMoo\Library\PackageCache\com.unity.modules.terrainphysics)
    com.unity.modules.tilemap@1.0.0 (location: C:\Users\myong\NaManMoo\Library\PackageCache\com.unity.modules.tilemap)
    com.unity.modules.ui@1.0.0 (location: C:\Users\myong\NaManMoo\Library\PackageCache\com.unity.modules.ui)
    com.unity.modules.uielements@1.0.0 (location: C:\Users\myong\NaManMoo\Library\PackageCache\com.unity.modules.uielements)
    com.unity.modules.umbra@1.0.0 (location: C:\Users\myong\NaManMoo\Library\PackageCache\com.unity.modules.umbra)
    com.unity.modules.unityanalytics@1.0.0 (location: C:\Users\myong\NaManMoo\Library\PackageCache\com.unity.modules.unityanalytics)
    com.unity.modules.unitywebrequest@1.0.0 (location: C:\Users\myong\NaManMoo\Library\PackageCache\com.unity.modules.unitywebrequest)
    com.unity.modules.unitywebrequestassetbundle@1.0.0 (location: C:\Users\myong\NaManMoo\Library\PackageCache\com.unity.modules.unitywebrequestassetbundle)
    com.unity.modules.unitywebrequestaudio@1.0.0 (location: C:\Users\myong\NaManMoo\Library\PackageCache\com.unity.modules.unitywebrequestaudio)
    com.unity.modules.unitywebrequesttexture@1.0.0 (location: C:\Users\myong\NaManMoo\Library\PackageCache\com.unity.modules.unitywebrequesttexture)
    com.unity.modules.unitywebrequestwww@1.0.0 (location: C:\Users\myong\NaManMoo\Library\PackageCache\com.unity.modules.unitywebrequestwww)
    com.unity.modules.vectorgraphics@1.0.0 (location: C:\Users\myong\NaManMoo\Library\PackageCache\com.unity.modules.vectorgraphics)
    com.unity.modules.vehicles@1.0.0 (location: C:\Users\myong\NaManMoo\Library\PackageCache\com.unity.modules.vehicles)
    com.unity.modules.video@1.0.0 (location: C:\Users\myong\NaManMoo\Library\PackageCache\com.unity.modules.video)
    com.unity.modules.wind@1.0.0 (location: C:\Users\myong\NaManMoo\Library\PackageCache\com.unity.modules.wind)
    com.unity.modules.xr@1.0.0 (location: C:\Users\myong\NaManMoo\Library\PackageCache\com.unity.modules.xr)
    com.unity.modules.subsystems@1.0.0 (location: C:\Users\myong\NaManMoo\Library\PackageCache\com.unity.modules.subsystems)
    com.unity.modules.hierarchycore@1.0.0 (location: C:\Users\myong\NaManMoo\Library\PackageCache\com.unity.modules.hierarchycore)
    com.unity.ext.nunit@2.1.0 (location: C:\Users\myong\NaManMoo\Library\PackageCache\com.unity.ext.nunit@44f7d31723bd)
    com.unity.render-pipelines.core@17.5.0 (location: C:\Users\myong\NaManMoo\Library\PackageCache\com.unity.render-pipelines.core@b19a46951e65)
    com.unity.shadergraph@17.5.0 (location: C:\Users\myong\NaManMoo\Library\PackageCache\com.unity.shadergraph@8d7376ec43ee)
    com.unity.render-pipelines.universal-config@17.5.0 (location: C:\Users\myong\NaManMoo\Library\PackageCache\com.unity.render-pipelines.universal-config@fdda01c80fe3)
    com.unity.collections@6.5.0 (location: C:\Users\myong\NaManMoo\Library\PackageCache\com.unity.collections@a43cabe808ca)
    com.unity.mathematics@1.4.0 (location: C:\Users\myong\NaManMoo\Library\PackageCache\com.unity.mathematics@981956d94fb6)
[Subsystems] No new subsystems found in resolved package list.
[Package Manager] Done registering packages in 0.01 seconds
[API Updater] Processing imported assemblies took 141 ms (0/0 assembly(ies)).
Assembly Updater Post Process Assets time: 0.143854s
[ScriptCompilation] Requested script compilation because: Assembly Definition File(s) changed
[ScriptCompilation] Requested script compilation because: AssetDatabase observed changes in script compilation related files
Starting: C:\Program Files\Unity\Hub\Editor\6000.5.5f1\Editor\Data\Tools\BuildPipeline\bee_backend.exe --ipc --defer-dag-verification --dagfile="Library/Bee/1900b0aE.dag" --continue-on-failure --profile="Library/Bee/backend1.traceevents" ScriptAssemblies
WorkingDir: C:/Users/myong/NaManMoo
DisplayProgressbar: Compiling Scripts
ExitCode: 4 Duration: 1s101ms
Rebuilding DAG because FileSignature timestamp changed: Library/Bee/1900b0aE-inputdata.json
*** Tundra requires additional run (1.05 seconds), 1 items updated, 171 evaluated
[Script Updater] Failed to resolve 'Image' expression : Assets/Scripts/Items/ItemHotbarUIFactory.cs (44,25). This may cause expected updates to not be applied.
[Script Updater] Failed to resolve 'Image' expression : Assets/Scripts/Items/ItemHotbarUIFactory.cs (66,115). This may cause expected updates to not be applied.
[Script Updater] Failed to resolve 'Image' expression : Assets/Scripts/Items/ItemHotbarView.cs (27,30). This may cause expected updates to not be applied.
[Script Updater] Failed to resolve 'Image' expression : Assets/Scripts/Items/ItemHotbarView.cs (42,9). This may cause expected updates to not be applied.
[Script Updater] Failed to resolve 'Image' expression : Assets/Scripts/Items/ItemHotbarView.cs (52,9). This may cause expected updates to not be applied.
[Script Updater] Failed to resolve 'Image' expression : Assets/Scripts/Items/ItemHotbarUIFactory.cs (75,9). This may cause expected updates to not be applied.
[Script Updater] Failed to resolve 'Image' expression : Assets/Scripts/Items/ItemHotbarUIFactory.cs (75,58). This may cause expected updates to not be applied.
[Script Updater] Failed to resolve 'Image' expression : Assets/Scripts/Items/ItemHotbarUIFactory.cs (81,65). This may cause expected updates to not be applied.
[Script Updater] Failed to resolve 'Image' expression : Assets/Scripts/Items/ItemHotbarView.cs (111,13). This may cause expected updates to not be applied.
[Script Updater] Failed to resolve 'Image' expression : Assets/Scripts/Items/ItemHotbarUIFactory.cs (83,118). This may cause expected updates to not be applied.
[Script Updater] Failed to resolve 'Image' expression : Assets/Scripts/Items/ItemHotbarUIFactory.cs (94,9). This may cause expected updates to not be applied.
[Script Updater] Failed to resolve 'Image' expression : Assets/Scripts/Items/ItemHotbarUIFactory.cs (94,51). This may cause expected updates to not be applied.
[Script Updater] Failed to resolve 'Image' expression : Assets/Scripts/Items/ItemHotbarUIFactory.cs (102,20). This may cause expected updates to not be applied.
[Script Updater] Failed to resolve 'Image' expression : Assets/Scripts/Items/ItemHotbarUIFactory.cs (104,103). This may cause expected updates to not be applied.
[Script Updater] Failed to resolve 'Image' expression : Assets/Scripts/Items/ItemHotbarUIFactory.cs (113,9). This may cause expected updates to not be applied.
[Script Updater] Failed to resolve 'Image' expression : Assets/Scripts/Items/ItemHotbarUIFactory.cs (113,46). This may cause expected updates to not be applied.
[Script Updater] Failed to resolve 'Image' expression : Assets/Scripts/Items/ItemHotbarUIFactory.cs (145,9). This may cause expected updates to not be applied.
[Script Updater] Failed to resolve 'Image' expression : Assets/Scripts/Items/ItemHotbarUIFactory.cs (156,9). This may cause expected updates to not be applied.
[Script Updater] Failed to resolve 'Image' expression : Assets/Scripts/Items/ItemHotbarUIFactory.cs (165,20). This may cause expected updates to not be applied.
[Script Updater] Failed to resolve 'Image' expression : Assets/Scripts/Items/ItemHotbarUIFactory.cs (167,101). This may cause expected updates to not be applied.
[Script Updater] Failed to resolve 'Image' expression : Assets/Scripts/Items/ItemHotbarUIFactory.cs (170,9). This may cause expected updates to not be applied.
[Script Updater] Failed to resolve 'Image' expression : Assets/Scripts/Items/ItemHotbarUIFactory.cs (170,46). This may cause expected updates to not be applied.
[ApiUpdater] Total time: 360ms, Parse response file: 43ms, Collect updater configs: 71ms, Update: 246ms, Save: 0ms Files: 0 modified / 8 visited / 12 total (Library/Bee/artifacts/1900b0aE.dag/NaManMoo.Runtime.dll).
Starting: C:\Program Files\Unity\Hub\Editor\6000.5.5f1\Editor\Data\netcorerun\netcorerun.exe "C:\Program Files\Unity\Hub\Editor\6000.5.5f1\Editor\Data\Tools\BuildPipeline\ScriptCompilationBuildProgram.exe" "Library/Bee/1900b0aE.dag.json" "Library/Bee/1900b0aE-inputdata.json" "Library\Bee\buildprogram0.traceevents"
WorkingDir: C:/Users/myong/NaManMoo
ExitCode: 0 Duration: 0s851ms
Starting: C:\Program Files\Unity\Hub\Editor\6000.5.5f1\Editor\Data\Tools\BuildPipeline\bee_backend.exe --ipc --defer-dag-verification --dagfile="Library/Bee/1900b0aE.dag" --continue-on-failure --dagfilejson="Library\Bee\1900b0aE.dag.json" --profile="Library/Bee/backend2.traceevents" ScriptAssemblies
WorkingDir: C:/Users/myong/NaManMoo
ExitCode: 0 Duration: 7s630ms
Finished compiling graph: 1123 nodes, 22373 flattened edges (18793 ToBuild, 182 ToUse), maximum node priority 1284
[ 140/1120  0s] WriteText Library/Bee/artifacts/1900b0aE.dag/UnityEngine.TestRunner.rsp2
[ 150/1120  0s] WriteText Library/Bee/artifacts/1900b0aE.dag/UnityEngine.TestRunner.UnityAdditionalFile.txt
[ 151/1120  0s] WriteText Library/Bee/artifacts/1900b0aE.dag/UnityEngine.TestRunner.rsp
[ 152/1120  0s] WriteText Library/Bee/artifacts/1900b0aE.dag/UnityEngine.UI.UnityAdditionalFile.txt
[ 154/1120  0s] WriteText Library/Bee/artifacts/1900b0aE.dag/UnityEngine.UI.rsp2
[ 156/1120  0s] WriteText Library/Bee/artifacts/1900b0aE.dag/UnityEditor.TestRunner.UnityAdditionalFile.txt
[ 158/1120  0s] WriteText Library/Bee/artifacts/1900b0aE.dag/UnityEngine.TestRunner.dll.mvfrm.rsp
[ 159/1120  0s] WriteText Library/Bee/artifacts/1900b0aE.dag/UnityEditor.TestRunner.rsp2
[ 160/1120  0s] WriteText Library/Bee/artifacts/1900b0aE.dag/UnityEngine.UI.dll.mvfrm.rsp
[ 161/1120  0s] WriteText Library/Bee/artifacts/1900b0aE.dag/UnityEditor.UI.rsp2
[ 162/1120  0s] WriteText Library/Bee/artifacts/1900b0aE.dag/Unity.Burst.rsp2
[ 163/1120  0s] WriteText Library/Bee/artifacts/1900b0aE.dag/Unity.Mathematics.rsp2
[ 164/1120  0s] WriteText Library/Bee/artifacts/1900b0aE.dag/UnityEngine.UI.rsp
[ 165/1120  0s] WriteText Library/Bee/artifacts/1900b0aE.dag/UnityEditor.UI.dll.mvfrm.rsp
[ 166/1120  0s] WriteText Library/Bee/artifacts/1900b0aE.dag/UnityEditor.TestRunner.rsp
[ 167/1120  0s] WriteText Library/Bee/artifacts/1900b0aE.dag/UnityEditor.UI.UnityAdditionalFile.txt
[ 168/1120  0s] WriteText Library/Bee/artifacts/1900b0aE.dag/UnityEditor.TestRunner.dll.mvfrm.rsp
[ 169/1120  0s] WriteText Library/Bee/artifacts/1900b0aE.dag/Unity.Mathematics.UnityAdditionalFile.txt
[ 170/1120  0s] WriteText Library/Bee/artifacts/1900b0aE.dag/Unity.Burst.rsp
[ 171/1120  0s] WriteText Library/Bee/artifacts/1900b0aE.dag/Unity.Burst.UnityAdditionalFile.txt
[ 172/1120  0s] WriteText Library/Bee/artifacts/1900b0aE.dag/UnityEditor.UI.rsp
[ 173/1120  0s] WriteText Library/Bee/artifacts/1900b0aE.dag/Unity.Mathematics.dll.mvfrm.rsp
[ 174/1120  0s] WriteText Library/Bee/artifacts/1900b0aE.dag/Unity.Burst.dll.mvfrm.rsp
[ 175/1120  0s] WriteText Library/Bee/artifacts/1900b0aE.dag/Unity.Collections.rsp2
[ 176/1120  0s] WriteText Library/Bee/artifacts/1900b0aE.dag/Unity.Collections.dll.mvfrm.rsp
[ 177/1120  0s] WriteText Library/Bee/artifacts/1900b0aE.dag/Unity.Mathematics.rsp
[ 178/1120  0s] WriteText Library/Bee/artifacts/1900b0aE.dag/Unity.Collections.UnityAdditionalFile.txt
[ 179/1120  0s] WriteText Library/Bee/artifacts/1900b0aE.dag/Unity.Collections.rsp
[ 180/1120  0s] WriteText Library/Bee/artifacts/1900b0aE.dag/Unity.InputSystem.rsp2
[ 181/1120  0s] WriteText Library/Bee/artifacts/1900b0aE.dag/Unity.InputSystem.dll.mvfrm.rsp
[ 182/1120  0s] WriteText Library/Bee/artifacts/1900b0aE.dag/Unity.Collections.CodeGen.UnityAdditionalFile.txt
[ 183/1120  0s] WriteText Library/Bee/artifacts/1900b0aE.dag/Unity.InputSystem.UnityAdditionalFile.txt
[ 184/1120  0s] WriteText Library/Bee/artifacts/1900b0aE.dag/Unity.InputSystem.rsp
[ 185/1120  0s] WriteText Library/Bee/artifacts/1900b0aE.dag/Unity.Burst.CodeGen.UnityAdditionalFile.txt
[ 186/1120  0s] WriteText Library/Bee/artifacts/1900b0aE.dag/Unity.UnifiedRayTracing.Runtime.rsp2
[ 187/1120  0s] WriteText Library/Bee/artifacts/1900b0aE.dag/Unity.RenderPipelines.Core.Runtime.UnityAdditionalFile.txt
[ 188/1120  0s] WriteText Library/Bee/artifacts/1900b0aE.dag/Unity.Burst.CodeGen.rsp2
[ 189/1120  0s] WriteText Library/Bee/artifacts/1900b0aE.dag/Unity.Collections.CodeGen.rsp2
[ 190/1120  0s] WriteText Library/Bee/artifacts/1900b0aE.dag/Unity.UnifiedRayTracing.Runtime.UnityAdditionalFile.txt
[ 191/1120  0s] WriteText Library/Bee/artifacts/1900b0aE.dag/Unity.RenderPipelines.Core.Runtime.rsp
[ 192/1120  0s] WriteText Library/Bee/artifacts/1900b0aE.dag/Unity.RenderPipelines.Core.Runtime.dll.mvfrm.rsp
[ 193/1120  0s] WriteText Library/Bee/artifacts/1900b0aE.dag/Unity.UnifiedRayTracing.Runtime.rsp
[ 194/1120  0s] WriteText Library/Bee/artifacts/1900b0aE.dag/Unity.PathTracing.Runtime.UnityAdditionalFile.txt
[ 195/1120  0s] WriteText Library/Bee/artifacts/1900b0aE.dag/Unity.PathTracing.Runtime.rsp2
[ 196/1120  0s] WriteText Library/Bee/artifacts/1900b0aE.dag/Unity.UnifiedRayTracing.Runtime.dll.mvfrm.rsp
[ 197/1120  0s] WriteText Library/Bee/artifacts/1900b0aE.dag/Unity.Collections.CodeGen.dll.mvfrm.rsp
[ 198/1120  0s] WriteText Library/Bee/artifacts/1900b0aE.dag/Unity.RenderPipelines.Core.Runtime.rsp2
[ 199/1120  0s] WriteText Library/Bee/artifacts/1900b0aE.dag/Unity.Burst.CodeGen.dll.mvfrm.rsp
[ 200/1120  0s] WriteText Library/Bee/artifacts/1900b0aE.dag/Unity.Burst.CodeGen.rsp
[ 201/1120  0s] WriteText Library/Bee/artifacts/1900b0aE.dag/Unity.InternalAPIEngineBridge.RenderPipelines.Core.Runtime.Shared.rsp2
[ 202/1120  0s] WriteText Library/Bee/artifacts/1900b0aE.dag/Unity.Collections.CodeGen.rsp
[ 203/1120  0s] WriteText Library/Bee/artifacts/1900b0aE.dag/Unity.InternalAPIEngineBridge.RenderPipelines.Core.Runtime.Shared.UnityAdditionalFile.txt
[ 204/1120  0s] WriteText Library/Bee/artifacts/1900b0aE.dag/Unity.PathTracing.Runtime.dll.mvfrm.rsp
[ 205/1120  0s] WriteText Library/Bee/artifacts/1900b0aE.dag/Unity.PathTracing.Runtime.rsp
[ 206/1120  0s] WriteText Library/Bee/artifacts/1900b0aE.dag/Unity.RenderPipelines.GPUDriven.Runtime.UnityAdditionalFile.txt
[ 207/1120  0s] WriteText Library/Bee/artifacts/1900b0aE.dag/Unity.RenderPipelines.GPUDriven.Runtime.rsp2
[ 208/1120  0s] WriteText Library/Bee/artifacts/1900b0aE.dag/Unity.InternalAPIEngineBridge.RenderPipelines.Core.Runtime.Shared.dll.mvfrm.rsp
[ 209/1120  0s] WriteText Library/Bee/artifacts/1900b0aE.dag/Unity.InternalAPIEngineBridge.RenderPipelines.Core.Runtime.Shared.rsp
[ 210/1120  0s] WriteText Library/Bee/artifacts/1900b0aE.dag/Unity.RenderPipelines.Core.Runtime.Shared.UnityAdditionalFile.txt
[ 211/1120  0s] WriteText Library/Bee/artifacts/1900b0aE.dag/Unity.RenderPipeline.Universal.ShaderLibrary.rsp2
[ 212/1120  0s] WriteText Library/Bee/artifacts/1900b0aE.dag/Unity.RenderPipelines.Core.Runtime.Shared.rsp2
[ 213/1120  0s] WriteText Library/Bee/artifacts/1900b0aE.dag/Unity.SurfaceCache.Runtime.rsp2
[ 214/1120  0s] WriteText Library/Bee/artifacts/1900b0aE.dag/Unity.SurfaceCache.Runtime.UnityAdditionalFile.txt
[ 215/1120  0s] WriteText Library/Bee/artifacts/1900b0aE.dag/Unity.RenderPipeline.Universal.ShaderLibrary.UnityAdditionalFile.txt
[ 216/1120  0s] WriteText Library/Bee/artifacts/1900b0aE.dag/Unity.RenderPipelines.Universal.Config.Runtime.rsp2
[ 217/1120  0s] WriteText Library/Bee/artifacts/1900b0aE.dag/Unity.RenderPipelines.Universal.Config.Runtime.UnityAdditionalFile.txt
[ 218/1120  0s] WriteText Library/Bee/artifacts/1900b0aE.dag/Unity.RenderPipelines.GPUDriven.Runtime.dll.mvfrm.rsp
[ 219/1120  0s] WriteText Library/Bee/artifacts/1900b0aE.dag/Unity.RenderPipelines.GPUDriven.Runtime.rsp
[ 220/1120  0s] WriteText Library/Bee/artifacts/1900b0aE.dag/Unity.2D.Common.Runtime.rsp2
[ 221/1120  0s] WriteText Library/Bee/artifacts/1900b0aE.dag/Unity.2D.Common.Runtime.UnityAdditionalFile.txt
[ 222/1120  0s] WriteText Library/Bee/artifacts/1900b0aE.dag/Unity.RenderPipelines.Core.Runtime.Shared.dll.mvfrm.rsp
[ 223/1120  0s] WriteText Library/Bee/artifacts/1900b0aE.dag/Unity.RenderPipelines.Core.Runtime.Shared.rsp
[ 224/1120  0s] WriteText Library/Bee/artifacts/1900b0aE.dag/Unity.SurfaceCache.Runtime.dll.mvfrm.rsp
[ 225/1120  0s] WriteText Library/Bee/artifacts/1900b0aE.dag/Unity.SurfaceCache.Runtime.rsp
[ 226/1120  0s] WriteText Library/Bee/artifacts/1900b0aE.dag/Unity.RenderPipeline.Universal.ShaderLibrary.dll.mvfrm.rsp
[ 227/1120  0s] WriteText Library/Bee/artifacts/1900b0aE.dag/Unity.RenderPipelines.Universal.Config.Runtime.dll.mvfrm.rsp
[ 228/1120  0s] WriteText Library/Bee/artifacts/1900b0aE.dag/Unity.RenderPipeline.Universal.ShaderLibrary.rsp
[ 229/1120  0s] WriteText Library/Bee/artifacts/1900b0aE.dag/Unity.RenderPipelines.Universal.Config.Runtime.rsp
[ 230/1120  0s] WriteText Library/Bee/artifacts/1900b0aE.dag/Unity.RenderPipelines.Universal.Runtime.rsp2
[ 231/1120  0s] WriteText Library/Bee/artifacts/1900b0aE.dag/Unity.RenderPipelines.Universal.Runtime.UnityAdditionalFile.txt
[ 232/1120  0s] WriteText Library/Bee/artifacts/1900b0aE.dag/Unity.InternalAPIEngineBridge.001.UnityAdditionalFile.txt
[ 233/1120  0s] WriteText Library/Bee/artifacts/1900b0aE.dag/Unity.VisualScripting.Core.rsp2
[ 234/1120  0s] WriteText Library/Bee/artifacts/1900b0aE.dag/Unity.VisualScripting.Core.UnityAdditionalFile.txt
[ 235/1120  0s] WriteText Library/Bee/artifacts/1900b0aE.dag/Unity.InternalAPIEngineBridge.001.rsp2
[ 236/1120  0s] WriteText Library/Bee/artifacts/1900b0aE.dag/Unity.2D.Common.Runtime.dll.mvfrm.rsp
[ 237/1120  0s] WriteText Library/Bee/artifacts/1900b0aE.dag/Unity.2D.Common.Runtime.rsp
[ 238/1120  0s] WriteText Library/Bee/artifacts/1900b0aE.dag/Unity.RenderPipelines.Universal.Runtime.dll.mvfrm.rsp
[ 239/1120  0s] WriteText Library/Bee/artifacts/1900b0aE.dag/Unity.InternalAPIEngineBridge.001.dll.mvfrm.rsp
[ 240/1120  0s] WriteText Library/Bee/artifacts/1900b0aE.dag/Unity.RenderPipelines.Universal.Runtime.rsp
[ 241/1120  0s] WriteText Library/Bee/artifacts/1900b0aE.dag/Unity.InternalAPIEngineBridge.001.rsp
[ 242/1120  0s] WriteText Library/Bee/artifacts/1900b0aE.dag/Unity.2D.Sprite.Editor.UnityAdditionalFile.txt
[ 243/1120  0s] WriteText Library/Bee/artifacts/1900b0aE.dag/Unity.2D.Sprite.Editor.rsp2
[ 244/1120  0s] WriteResponseFile Library/Bee/artifacts/rsp/4747638433968585886.rsp
[ 245/1120  0s] WriteText Library/Bee/artifacts/1900b0aE.dag/Unity.VisualScripting.Core.dll.mvfrm.rsp
[ 246/1120  0s] WriteText Library/Bee/artifacts/1900b0aE.dag/Unity.VisualScripting.Core.rsp
[ 247/1120  0s] WriteText Library/Bee/artifacts/1900b0aE.dag/Unity.2D.Animation.Runtime.UnityAdditionalFile.txt
[ 248/1120  0s] WriteText Library/Bee/artifacts/1900b0aE.dag/Unity.2D.Animation.Runtime.rsp2
[ 249/1120  0s] WriteText Library/Bee/artifacts/1900b0aE.dag/Unity.2D.Sprite.Editor.dll.mvfrm.rsp
[ 250/1120  0s] WriteText Library/Bee/artifacts/1900b0aE.dag/Unity.VisualScripting.Flow.UnityAdditionalFile.txt
[ 251/1120  0s] WriteText Library/Bee/artifacts/1900b0aE.dag/Unity.VisualScripting.Flow.rsp2
[ 252/1120  0s] WriteText Library/Bee/artifacts/1900b0aE.dag/Unity.InternalAPIEngineBridge.RenderPipelines.Core.Editor.UnityAdditionalFile.txt
[ 253/1120  0s] WriteText Library/Bee/artifacts/1900b0aE.dag/Unity.InternalAPIEngineBridge.RenderPipelines.Core.Editor.rsp2
[ 254/1120  0s] WriteText Library/Bee/artifacts/1900b0aE.dag/Unity.PathTracing.Editor.UnityAdditionalFile.txt
[ 255/1120  0s] WriteText Library/Bee/artifacts/1900b0aE.dag/Unity.PathTracing.Editor.rsp2
[ 256/1120  0s] WriteText Library/Bee/artifacts/1900b0aE.dag/Unity.2D.Sprite.Editor.rsp
[ 257/1120  0s] WriteText Library/Bee/artifacts/1900b0aE.dag/Unity.2D.Animation.Runtime.dll.mvfrm.rsp
[ 258/1120  0s] WriteText Library/Bee/artifacts/1900b0aE.dag/Unity.2D.Animation.Runtime.rsp
[ 259/1120  0s] WriteText Library/Bee/artifacts/1900b0aE.dag/Unity.VisualScripting.Core.Editor.UnityAdditionalFile.txt
[ 260/1120  0s] WriteText Library/Bee/artifacts/1900b0aE.dag/Unity.VisualScripting.Core.Editor.rsp2
[ 261/1120  0s] WriteText Library/Bee/artifacts/1900b0aE.dag/Unity.2D.SpriteShape.Runtime.rsp2
[ 262/1120  0s] WriteText Library/Bee/artifacts/1900b0aE.dag/Unity.2D.SpriteShape.Runtime.UnityAdditionalFile.txt
[ 263/1120  0s] WriteText Library/Bee/artifacts/1900b0aE.dag/Unity.InternalAPIEditorBridge.001.UnityAdditionalFile.txt
[ 264/1120  0s] WriteText Library/Bee/artifacts/1900b0aE.dag/Unity.InternalAPIEditorBridge.001.rsp2
[ 265/1120  0s] WriteText Library/Bee/artifacts/1900b0aE.dag/Unity.InternalAPIEngineBridge.RenderPipelines.Core.Editor.dll.mvfrm.rsp
[ 266/1120  0s] WriteText Library/Bee/artifacts/1900b0aE.dag/Unity.VisualScripting.Flow.rsp
[ 267/1120  0s] WriteText Library/Bee/artifacts/1900b0aE.dag/Unity.VisualScripting.Flow.dll.mvfrm.rsp
[ 268/1120  0s] WriteText Library/Bee/artifacts/1900b0aE.dag/Unity.PathTracing.Editor.dll.mvfrm.rsp
[ 269/1120  0s] WriteText Library/Bee/artifacts/1900b0aE.dag/Unity.InternalAPIEngineBridge.RenderPipelines.Core.Editor.rsp
[ 270/1120  0s] WriteText Library/Bee/artifacts/1900b0aE.dag/Unity.PathTracing.Editor.rsp
[ 271/1120  0s] WriteText Library/Bee/artifacts/1900b0aE.dag/Unity.VisualScripting.Core.Editor.dll.mvfrm.rsp
[ 272/1120  0s] WriteText Library/Bee/artifacts/1900b0aE.dag/Unity.2D.Common.Editor.rsp2
[ 273/1120  0s] WriteText Library/Bee/artifacts/1900b0aE.dag/Unity.VisualScripting.Core.Editor.rsp
[ 274/1120  0s] WriteText Library/Bee/artifacts/1900b0aE.dag/Unity.2D.SpriteShape.Runtime.dll.mvfrm.rsp
[ 275/1120  0s] WriteText Library/Bee/artifacts/1900b0aE.dag/Unity.2D.SpriteShape.Runtime.rsp
[ 276/1120  0s] WriteText Library/Bee/artifacts/1900b0aE.dag/Unity.2D.Common.Editor.UnityAdditionalFile.txt
[ 277/1120  0s] WriteText Library/Bee/artifacts/1900b0aE.dag/Unity.RenderPipelines.Core.Editor.UnityAdditionalFile.txt
[ 278/1120  0s] WriteText Library/Bee/artifacts/1900b0aE.dag/Unity.RenderPipelines.Core.Editor.rsp2
[ 279/1120  0s] WriteText Library/Bee/artifacts/1900b0aE.dag/Unity.InternalAPIEditorBridge.001.dll.mvfrm.rsp
[ 280/1120  0s] WriteText Library/Bee/artifacts/1900b0aE.dag/Unity.2D.Tilemap.Editor.rsp2
[ 281/1120  0s] WriteText Library/Bee/artifacts/1900b0aE.dag/Unity.2D.Tilemap.Editor.UnityAdditionalFile.txt
[ 282/1120  0s] WriteText Library/Bee/artifacts/1900b0aE.dag/Unity.2D.Common.Editor.dll.mvfrm.rsp
[ 283/1120  0s] WriteText Library/Bee/artifacts/1900b0aE.dag/Unity.RenderPipelines.Universal.2D.Runtime.rsp2
[ 284/1120  0s] WriteText Library/Bee/artifacts/1900b0aE.dag/Unity.InternalAPIEditorBridge.001.rsp
[ 285/1120  0s] WriteText Library/Bee/artifacts/1900b0aE.dag/Unity.RenderPipelines.Universal.2D.Runtime.UnityAdditionalFile.txt
[ 286/1120  0s] WriteText Library/Bee/artifacts/1900b0aE.dag/Unity.VisualScripting.Flow.Editor.UnityAdditionalFile.txt
[ 287/1120  0s] WriteText Library/Bee/artifacts/1900b0aE.dag/Unity.2D.Common.Editor.rsp
[ 288/1120  0s] WriteText Library/Bee/artifacts/1900b0aE.dag/Unity.VisualScripting.State.rsp2
[ 289/1120  0s] WriteText Library/Bee/artifacts/1900b0aE.dag/Unity.VisualScripting.State.UnityAdditionalFile.txt
[ 290/1120  0s] WriteText Library/Bee/artifacts/1900b0aE.dag/Unity.VisualScripting.Flow.Editor.rsp2
[ 291/1120  0s] WriteText Library/Bee/artifacts/1900b0aE.dag/Unity.RenderPipelines.Core.Editor.dll.mvfrm.rsp
[ 292/1120  0s] WriteText Library/Bee/artifacts/1900b0aE.dag/Unity.2D.Tilemap.Editor.dll.mvfrm.rsp
[ 293/1120  0s] WriteText Library/Bee/artifacts/1900b0aE.dag/Unity.RenderPipelines.Core.Editor.rsp
[ 294/1120  0s] WriteText Library/Bee/artifacts/1900b0aE.dag/Unity.2D.Triangulation.Runtime.UnityAdditionalFile.txt
[ 295/1120  0s] WriteText Library/Bee/artifacts/1900b0aE.dag/Unity.InternalAPIEngineBridge.004.UnityAdditionalFile.txt
[ 296/1120  0s] WriteText Library/Bee/artifacts/1900b0aE.dag/Unity.ShaderGraph.Utilities.rsp2
[ 297/1120  0s] WriteText Library/Bee/artifacts/1900b0aE.dag/Unity.Searcher.Editor.rsp2
[ 298/1120  0s] WriteText Library/Bee/artifacts/1900b0aE.dag/Unity.2D.Triangulation.Runtime.rsp2
[ 299/1120  0s] WriteText Library/Bee/artifacts/1900b0aE.dag/Unity.ShaderGraph.Utilities.UnityAdditionalFile.txt
[ 300/1120  0s] WriteText Library/Bee/artifacts/1900b0aE.dag/Unity.InternalAPIEngineBridge.004.rsp2
[ 301/1120  0s] WriteText Library/Bee/artifacts/1900b0aE.dag/Unity.Searcher.Editor.UnityAdditionalFile.txt
[ 302/1120  0s] WriteText Library/Bee/artifacts/1900b0aE.dag/Unity.InternalAPIEditorBridge.ShaderGraph.Editor.UnityAdditionalFile.txt
[ 303/1120  0s] WriteText Library/Bee/artifacts/1900b0aE.dag/Unity.2D.Tilemap.Editor.rsp
[ 304/1120  0s] WriteText Library/Bee/artifacts/1900b0aE.dag/Unity.InternalAPIEditorBridge.ShaderGraph.Editor.rsp2
[ 305/1120  0s] WriteText Library/Bee/artifacts/1900b0aE.dag/Unity.VisualScripting.Flow.Editor.dll.mvfrm.rsp
[ 306/1120  0s] WriteText Library/Bee/artifacts/1900b0aE.dag/Unity.VisualScripting.State.dll.mvfrm.rsp
[ 307/1120  0s] WriteText Library/Bee/artifacts/1900b0aE.dag/Unity.InternalAPIEditorBridge.ShaderGraph.Editor.dll.mvfrm.rsp
[ 308/1120  0s] WriteText Library/Bee/artifacts/1900b0aE.dag/Unity.InternalAPIEngineBridge.004.dll.mvfrm.rsp
[ 309/1120  0s] WriteText Library/Bee/artifacts/1900b0aE.dag/Unity.Searcher.Editor.dll.mvfrm.rsp
[ 310/1120  0s] WriteText Library/Bee/artifacts/1900b0aE.dag/Unity.ShaderGraph.Utilities.dll.mvfrm.rsp
[ 311/1120  0s] WriteText Library/Bee/artifacts/1900b0aE.dag/Unity.VisualScripting.Flow.Editor.rsp
[ 312/1120  0s] WriteText Library/Bee/artifacts/1900b0aE.dag/Unity.RenderPipelines.Universal.2D.Runtime.dll.mvfrm.rsp
[ 313/1120  0s] WriteText Library/Bee/artifacts/1900b0aE.dag/Unity.VisualScripting.State.rsp
[ 314/1120  0s] WriteText Library/Bee/artifacts/1900b0aE.dag/Unity.2D.Triangulation.Runtime.dll.mvfrm.rsp
[ 315/1120  0s] WriteText Library/Bee/artifacts/1900b0aE.dag/Unity.ShaderGraph.Utilities.rsp
[ 316/1120  0s] WriteText Library/Bee/artifacts/1900b0aE.dag/Unity.2D.Triangulation.Runtime.rsp
[ 317/1120  0s] WriteText Library/Bee/artifacts/1900b0aE.dag/Unity.InternalAPIEngineBridge.004.rsp
[ 318/1120  0s] WriteText Library/Bee/artifacts/1900b0aE.dag/Unity.InternalAPIEditorBridge.ShaderGraph.Editor.rsp
[ 319/1120  0s] WriteText Library/Bee/artifacts/1900b0aE.dag/Unity.Searcher.Editor.rsp
[ 320/1120  0s] WriteText Library/Bee/artifacts/1900b0aE.dag/Unity.PlasticSCM.Editor.rsp2
[ 321/1120  0s] WriteText Library/Bee/artifacts/1900b0aE.dag/Unity.PlasticSCM.Editor.UnityAdditionalFile.txt
[ 322/1120  0s] WriteText Library/Bee/artifacts/1900b0aE.dag/Unity.2D.Common.Path.Editor.rsp2
[ 323/1120  0s] WriteText Library/Bee/artifacts/1900b0aE.dag/Unity.2D.Common.Path.Editor.UnityAdditionalFile.txt
[ 324/1120  0s] WriteText Library/Bee/artifacts/1900b0aE.dag/Unity.RenderPipelines.Universal.2D.Runtime.rsp
[ 325/1120  0s] WriteText Library/Bee/artifacts/1900b0aE.dag/Unity.ShaderGraph.Editor.rsp2
[ 326/1120  0s] WriteText Library/Bee/artifacts/1900b0aE.dag/Unity.TextMeshPro.rsp2
[ 327/1120  0s] WriteText Library/Bee/artifacts/1900b0aE.dag/Unity.TextMeshPro.UnityAdditionalFile.txt
[ 328/1120  0s] WriteText Library/Bee/artifacts/1900b0aE.dag/Unity.ShaderGraph.Editor.UnityAdditionalFile.txt
[ 330/1120  0s] WriteText Library/Bee/artifacts/1900b0aE.dag/Unity.2D.Animation.Editor.rsp2
[ 331/1120  0s] WriteText Library/Bee/artifacts/1900b0aE.dag/Unity.2D.Animation.Editor.UnityAdditionalFile.txt
[ 332/1120  0s] WriteText Library/Bee/artifacts/1900b0aE.dag/Unity.Burst.Editor.rsp2
[ 333/1120  0s] WriteText Library/Bee/artifacts/1900b0aE.dag/Unity.RenderPipelines.Core.Editor.Shared.UnityAdditionalFile.txt
[ 334/1120  0s] WriteText Library/Bee/artifacts/1900b0aE.dag/Unity.Burst.Editor.UnityAdditionalFile.txt
[ 336/1120  0s] WriteText Library/Bee/artifacts/1900b0aE.dag/Unity.RenderPipelines.Core.Editor.Shared.rsp2
[ 337/1120  0s] WriteText Library/Bee/artifacts/1900b0aE.dag/Unity.PlasticSCM.Editor.dll.mvfrm.rsp
[ 338/1120  0s] WriteText Library/Bee/artifacts/1900b0aE.dag/Unity.PlasticSCM.Editor.rsp
[ 339/1120  0s] WriteText Library/Bee/artifacts/1900b0aE.dag/Unity.TextMeshPro.dll.mvfrm.rsp
[ 340/1120  0s] WriteText Library/Bee/artifacts/1900b0aE.dag/Unity.ShaderGraph.Editor.dll.mvfrm.rsp
[ 341/1120  0s] WriteText Library/Bee/artifacts/1900b0aE.dag/Unity.2D.Animation.Editor.dll.mvfrm.rsp
[ 342/1120  0s] WriteText Library/Bee/artifacts/1900b0aE.dag/Unity.2D.Common.Path.Editor.dll.mvfrm.rsp
[ 343/1120  0s] WriteText Library/Bee/artifacts/1900b0aE.dag/Unity.RenderPipelines.Core.Editor.Shared.dll.mvfrm.rsp
[ 344/1120  0s] WriteText Library/Bee/artifacts/1900b0aE.dag/Unity.Burst.Editor.dll.mvfrm.rsp
[ 345/1120  0s] WriteText Library/Bee/artifacts/1900b0aE.dag/Unity.VisualScripting.State.Editor.rsp2
[ 346/1120  0s] WriteText Library/Bee/artifacts/1900b0aE.dag/Unity.2D.Aseprite.Common.UnityAdditionalFile.txt
[ 347/1120  0s] WriteText Library/Bee/artifacts/1900b0aE.dag/Unity.Timeline.UnityAdditionalFile.txt
[ 348/1120  0s] WriteText Library/Bee/artifacts/1900b0aE.dag/Unity.Timeline.rsp2
[ 349/1120  0s] WriteText Library/Bee/artifacts/1900b0aE.dag/Unity.2D.Tilemap.Extras.UnityAdditionalFile.txt
[ 350/1120  0s] WriteText Library/Bee/artifacts/1900b0aE.dag/Unity.VisualScripting.State.Editor.UnityAdditionalFile.txt
[ 351/1120  0s] WriteText Library/Bee/artifacts/1900b0aE.dag/Unity.2D.Aseprite.Common.rsp2
[ 352/1120  0s] WriteText Library/Bee/artifacts/1900b0aE.dag/Unity.2D.IK.Runtime.rsp2
[ 353/1120  0s] WriteText Library/Bee/artifacts/1900b0aE.dag/NaManMoo.Runtime.dll.mvfrm.rsp
[ 354/1120  0s] WriteText Library/Bee/artifacts/1900b0aE.dag/Unity.2D.IK.Runtime.UnityAdditionalFile.txt
[ 355/1120  0s] WriteText Library/Bee/artifacts/1900b0aE.dag/Unity.PerformanceTesting.UnityAdditionalFile.txt
[ 356/1120  0s] WriteText Library/Bee/artifacts/1900b0aE.dag/Unity.InputSystem.TestFramework.UnityAdditionalFile.txt
[ 357/1120  0s] WriteText Library/Bee/artifacts/1900b0aE.dag/Unity.Multiplayer.Center.Common.UnityAdditionalFile.txt
[ 358/1120  0s] WriteText Library/Bee/artifacts/1900b0aE.dag/Unity.2D.Tilemap.Extras.rsp2
[ 359/1120  0s] WriteText Library/Bee/artifacts/1900b0aE.dag/Unity.Multiplayer.Center.Common.rsp2
[ 360/1120  0s] WriteText Library/Bee/artifacts/1900b0aE.dag/Unity.InputSystem.TestFramework.rsp2
[ 361/1120  0s] WriteText Library/Bee/artifacts/1900b0aE.dag/Unity.PerformanceTesting.rsp2
[ 362/1120  0s] WriteText Library/Bee/artifacts/1900b0aE.dag/Unity.Burst.Editor.rsp
[ 363/1120  0s] WriteText Library/Bee/artifacts/1900b0aE.dag/Unity.TextMeshPro.rsp
[ 364/1120  0s] WriteText Library/Bee/artifacts/1900b0aE.dag/Unity.2D.Common.Path.Editor.rsp
[ 365/1120  0s] WriteText Library/Bee/artifacts/1900b0aE.dag/Unity.2D.Animation.Editor.rsp
[ 366/1120  0s] WriteText Library/Bee/artifacts/1900b0aE.dag/Unity.RenderPipelines.Core.Editor.Shared.rsp
[ 367/1120  0s] WriteText Library/Bee/artifacts/1900b0aE.dag/Unity.Timeline.dll.mvfrm.rsp
[ 368/1120  0s] WriteText Library/Bee/artifacts/1900b0aE.dag/Unity.PerformanceTesting.dll.mvfrm.rsp
[ 369/1120  0s] WriteText Library/Bee/artifacts/1900b0aE.dag/Unity.ShaderGraph.Editor.rsp
[ 370/1120  0s] WriteText Library/Bee/artifacts/1900b0aE.dag/Unity.VisualScripting.State.Editor.dll.mvfrm.rsp
[ 371/1120  0s] WriteText Library/Bee/artifacts/1900b0aE.dag/Unity.2D.Tilemap.Extras.dll.mvfrm.rsp
[ 372/1120  0s] WriteText Library/Bee/artifacts/1900b0aE.dag/Unity.Multiplayer.Center.Common.dll.mvfrm.rsp
[ 373/1120  0s] WriteText Library/Bee/artifacts/1900b0aE.dag/Unity.InputSystem.TestFramework.dll.mvfrm.rsp
[ 374/1120  0s] WriteText Library/Bee/artifacts/1900b0aE.dag/Unity.2D.IK.Runtime.dll.mvfrm.rsp
[ 375/1120  0s] WriteText Library/Bee/artifacts/1900b0aE.dag/Unity.2D.Aseprite.Common.dll.mvfrm.rsp
[ 376/1120  0s] WriteText Library/Bee/artifacts/1900b0aE.dag/NaManMoo.Runtime.rsp
[ 377/1120  0s] WriteText Library/Bee/artifacts/1900b0aE.dag/Unity.2D.Aseprite.Common.rsp
[ 378/1120  0s] WriteText Library/Bee/artifacts/1900b0aE.dag/Unity.Timeline.rsp
[ 379/1120  0s] WriteText Library/Bee/artifacts/1900b0aE.dag/Unity.InputSystem.TestFramework.rsp
[ 380/1120  0s] WriteText Library/Bee/artifacts/1900b0aE.dag/Unity.2D.Tilemap.Extras.rsp
[ 381/1120  0s] WriteText Library/Bee/artifacts/1900b0aE.dag/Unity.PerformanceTesting.rsp
[ 382/1120  0s] WriteText Library/Bee/artifacts/1900b0aE.dag/Unity.VisualScripting.State.Editor.rsp
[ 383/1120  0s] WriteText Library/Bee/artifacts/1900b0aE.dag/Unity.Multiplayer.Center.Common.rsp
[ 384/1120  0s] WriteText Library/Bee/artifacts/1900b0aE.dag/PsdPlugin.rsp2
[ 387/1120  0s] WriteText Library/Bee/artifacts/1900b0aE.dag/Unity.2D.IK.Runtime.rsp
[ 388/1120  0s] WriteText Library/Bee/artifacts/1900b0aE.dag/PsdPlugin.dll.mvfrm.rsp
[ 389/1120  0s] WriteText Library/Bee/artifacts/1900b0aE.dag/NaManMoo.Editor.dll.mvfrm.rsp
[ 390/1120  0s] WriteText Library/Bee/artifacts/1900b0aE.dag/NaManMoo.Editor.rsp
[ 391/1120  0s] WriteText Library/Bee/artifacts/1900b0aE.dag/PsdPlugin.rsp
[ 392/1120  0s] WriteText Library/Bee/artifacts/1900b0aE.dag/Unity.RenderPipelines.Core.ShaderLibrary.dll.mvfrm.rsp
[ 393/1120  0s] WriteText Library/Bee/artifacts/1900b0aE.dag/NaManMoo.PlayModeTests.dll.mvfrm.rsp
[ 394/1120  0s] WriteText Library/Bee/artifacts/1900b0aE.dag/PsdPlugin.UnityAdditionalFile.txt
[ 395/1120  0s] WriteText Library/Bee/artifacts/1900b0aE.dag/Unity.RenderPipelines.ShaderGraph.ShaderGraphLibrary.dll.mvfrm.rsp
[ 396/1120  0s] WriteText Library/Bee/artifacts/1900b0aE.dag/Unity.RenderPipelines.Universal.Shaders.dll.mvfrm.rsp
[ 397/1120  0s] WriteText Library/Bee/artifacts/1900b0aE.dag/Unity.InputSystem.ForUI.dll.mvfrm.rsp
[ 398/1120  0s] WriteText Library/Bee/artifacts/1900b0aE.dag/Unity.2D.IK.Editor.dll.mvfrm.rsp
[ 399/1120  0s] WriteText Library/Bee/artifacts/1900b0aE.dag/NaManMoo.EditorTests.dll.mvfrm.rsp
[ 400/1120  0s] WriteText Library/Bee/artifacts/1900b0aE.dag/Unity.VisualScripting.DocCodeExamples.dll.mvfrm.rsp
[ 401/1120  0s] WriteText Library/Bee/artifacts/1900b0aE.dag/Unity.RenderPipelines.Universal.Editor.dll.mvfrm.rsp
[ 402/1120  0s] WriteText Library/Bee/artifacts/1900b0aE.dag/Unity.RenderPipelines.Universal.2D.Editor.Overrides.dll.mvfrm.rsp
[ 404/1120  0s] WriteText Library/Bee/artifacts/1900b0aE.dag/Unity.Rendering.LightTransport.Editor.dll.mvfrm.rsp
[ 405/1120  0s] WriteText Library/Bee/artifacts/1900b0aE.dag/Unity.RenderPipelines.Universal.Shaders.rsp2
[ 407/1120  0s] WriteText Library/Bee/artifacts/1900b0aE.dag/Unity.2D.Psdimporter.Editor.dll.mvfrm.rsp
[ 408/1120  0s] WriteText Library/Bee/artifacts/1900b0aE.dag/Unity.RenderPipelines.Universal.Shaders.UnityAdditionalFile.txt
[ 409/1120  0s] WriteText Library/Bee/artifacts/1900b0aE.dag/Unity.RenderPipelines.Core.ShaderLibrary.UnityAdditionalFile.txt
[ 410/1120  0s] WriteText Library/Bee/artifacts/1900b0aE.dag/Unity.InputSystem.ForUI.UnityAdditionalFile.txt
[ 411/1120  0s] WriteText Library/Bee/artifacts/1900b0aE.dag/Unity.InputSystem.ForUI.rsp2
[ 412/1120  0s] WriteText Library/Bee/artifacts/1900b0aE.dag/Unity.RenderPipelines.ShaderGraph.ShaderGraphLibrary.UnityAdditionalFile.txt
[ 413/1120  0s] WriteText Library/Bee/artifacts/1900b0aE.dag/Unity.RenderPipelines.Core.ShaderLibrary.rsp2
[ 414/1120  0s] WriteText Library/Bee/artifacts/1900b0aE.dag/Unity.PerformanceTesting.Editor.dll.mvfrm.rsp
[ 415/1120  0s] WriteText Library/Bee/artifacts/1900b0aE.dag/Unity.Multiplayer.Center.Editor.dll.mvfrm.rsp
[ 416/1120  0s] WriteText Library/Bee/artifacts/1900b0aE.dag/Unity.2D.Aseprite.Editor.dll.mvfrm.rsp
[ 417/1120  0s] WriteText Library/Bee/artifacts/1900b0aE.dag/Unity.Timeline.Editor.dll.mvfrm.rsp
[ 418/1120  0s] WriteText Library/Bee/artifacts/1900b0aE.dag/Unity.2D.Tooling.Editor.dll.mvfrm.rsp
[ 419/1120  0s] WriteText Library/Bee/artifacts/1900b0aE.dag/Unity.2D.Tilemap.Extras.Editor.dll.mvfrm.rsp
[ 420/1120  0s] WriteText Library/Bee/artifacts/1900b0aE.dag/Unity.Collections.Editor.dll.mvfrm.rsp
[ 421/1120  0s] WriteText Library/Bee/artifacts/1900b0aE.dag/UnityEditor.UI.Analytics.dll.mvfrm.rsp
[ 422/1120  0s] WriteText Library/Bee/artifacts/1900b0aE.dag/ScriptablePacker.dll.mvfrm.rsp
[ 423/1120  0s] WriteText Library/Bee/artifacts/1900b0aE.dag/Unity.CollabProxy.Editor.dll.mvfrm.rsp
[ 424/1120  0s] WriteText Library/Bee/artifacts/1900b0aE.dag/Unity.PlasticSCM.Editor.Entities.dll.mvfrm.rsp
[ 425/1120  0s] WriteText Library/Bee/artifacts/1900b0aE.dag/Unity.TextMeshPro.Editor.dll.mvfrm.rsp
[ 426/1120  0s] WriteText Library/Bee/artifacts/1900b0aE.dag/Unity.PlasticSCM.Editor.Assistant.dll.mvfrm.rsp
[ 427/1120  0s] WriteText Library/Bee/artifacts/1900b0aE.dag/Unity.VisualScripting.DocCodeExamples.UnityAdditionalFile.txt
[ 428/1120  0s] WriteText Library/Bee/artifacts/1900b0aE.dag/Unity.RenderPipelines.ShaderGraph.ShaderGraphLibrary.rsp2
[ 429/1120  0s] WriteText Library/Bee/artifacts/1900b0aE.dag/Unity.2D.SpriteShape.Editor.dll.mvfrm.rsp
[ 430/1120  0s] WriteText Library/Bee/artifacts/1900b0aE.dag/Unity.VisualScripting.DocCodeExamples.rsp2
[ 431/1120  0s] WriteText Library/Bee/artifacts/1900b0aE.dag/Unity.VisualScripting.SettingsProvider.Editor.dll.mvfrm.rsp
[ 432/1120  0s] WriteText Library/Bee/artifacts/1900b0aE.dag/Unity.VisualScripting.Shared.Editor.dll.mvfrm.rsp
[ 433/1120  0s] WriteText Library/Bee/artifacts/1900b0aE.dag/Unity.InputSystem.DocCodeSamples.dll.mvfrm.rsp
[ 434/1120  0s] WriteText Library/Bee/artifacts/1900b0aE.dag/Unity.RenderPipelines.Universal.Editor.rsp2
[ 435/1120  0s] WriteText Library/Bee/artifacts/1900b0aE.dag/Unity.RenderPipelines.Universal.Editor.UnityAdditionalFile.txt
[ 436/1120  0s] WriteText Library/Bee/artifacts/1900b0aE.dag/Unity.Multiplayer.Center.Editor.UnityAdditionalFile.txt
[ 437/1120  0s] WriteText Library/Bee/artifacts/1900b0aE.dag/Unity.Multiplayer.Center.Editor.rsp2
[ 438/1120  0s] WriteText Library/Bee/artifacts/1900b0aE.dag/Unity.PerformanceTesting.Editor.UnityAdditionalFile.txt
[ 439/1120  0s] WriteText Library/Bee/artifacts/1900b0aE.dag/Unity.PerformanceTesting.Editor.rsp2
[ 440/1120  0s] WriteText Library/Bee/artifacts/1900b0aE.dag/Unity.RenderPipelines.Universal.2D.Editor.Overrides.rsp2
[ 441/1120  0s] WriteText Library/Bee/artifacts/1900b0aE.dag/Unity.RenderPipelines.Universal.2D.Editor.Overrides.UnityAdditionalFile.txt
[ 442/1120  0s] WriteText Library/Bee/artifacts/1900b0aE.dag/Unity.Timeline.Editor.UnityAdditionalFile.txt
[ 443/1120  0s] WriteText Library/Bee/artifacts/1900b0aE.dag/Unity.Timeline.Editor.rsp2
[ 444/1120  0s] WriteText Library/Bee/artifacts/1900b0aE.dag/Unity.2D.Psdimporter.Editor.rsp2
[ 445/1120  0s] WriteText Library/Bee/artifacts/1900b0aE.dag/Unity.2D.Psdimporter.Editor.UnityAdditionalFile.txt
[ 446/1120  0s] WriteText Library/Bee/artifacts/1900b0aE.dag/Unity.2D.Tilemap.Extras.Editor.UnityAdditionalFile.txt
[ 447/1120  0s] WriteText Library/Bee/artifacts/1900b0aE.dag/Unity.2D.Tilemap.Extras.Editor.rsp2
[ 448/1120  0s] WriteText Library/Bee/artifacts/1900b0aE.dag/Unity.2D.IK.Editor.rsp2
[ 449/1120  0s] WriteText Library/Bee/artifacts/1900b0aE.dag/Unity.2D.Tooling.Editor.UnityAdditionalFile.txt
[ 450/1120  0s] WriteText Library/Bee/artifacts/1900b0aE.dag/Unity.2D.Tooling.Editor.rsp2
[ 451/1120  0s] WriteText Library/Bee/artifacts/1900b0aE.dag/Unity.2D.IK.Editor.UnityAdditionalFile.txt
[ 452/1120  0s] WriteText Library/Bee/artifacts/1900b0aE.dag/Unity.Collections.Editor.UnityAdditionalFile.txt
[ 453/1120  0s] WriteText Library/Bee/artifacts/1900b0aE.dag/Unity.Collections.Editor.rsp2
[ 454/1120  0s] WriteText Library/Bee/artifacts/1900b0aE.dag/UnityEditor.UI.Analytics.UnityAdditionalFile.txt
[ 455/1120  0s] WriteText Library/Bee/artifacts/1900b0aE.dag/UnityEditor.UI.Analytics.rsp2
[ 456/1120  0s] WriteText Library/Bee/artifacts/1900b0aE.dag/Unity.2D.Aseprite.Editor.UnityAdditionalFile.txt
[ 457/1120  0s] WriteText Library/Bee/artifacts/1900b0aE.dag/ScriptablePacker.UnityAdditionalFile.txt
[ 458/1120  0s] WriteText Library/Bee/artifacts/1900b0aE.dag/ScriptablePacker.rsp2
[ 459/1120  0s] WriteText Library/Bee/artifacts/1900b0aE.dag/Unity.2D.Aseprite.Editor.rsp2
[ 460/1120  0s] WriteText Library/Bee/artifacts/1900b0aE.dag/NaManMoo.PlayModeTests.rsp
[ 461/1120  0s] WriteText Library/Bee/artifacts/1900b0aE.dag/Unity.CollabProxy.Editor.rsp2
[ 462/1120  0s] WriteText Library/Bee/artifacts/1900b0aE.dag/Unity.VisualScripting.DocCodeExamples.rsp
[ 463/1120  0s] WriteText Library/Bee/artifacts/1900b0aE.dag/Unity.CollabProxy.Editor.UnityAdditionalFile.txt
[ 464/1120  0s] WriteText Library/Bee/artifacts/1900b0aE.dag/Unity.PlasticSCM.Editor.Assistant.UnityAdditionalFile.txt
[ 465/1120  0s] WriteText Library/Bee/artifacts/1900b0aE.dag/Unity.PlasticSCM.Editor.Assistant.rsp2
[ 466/1120  0s] WriteText Library/Bee/artifacts/1900b0aE.dag/Unity.RenderPipelines.Core.ShaderLibrary.rsp
[ 467/1120  0s] WriteText Library/Bee/artifacts/1900b0aE.dag/Unity.PlasticSCM.Editor.Entities.UnityAdditionalFile.txt
[ 468/1120  0s] WriteText Library/Bee/artifacts/1900b0aE.dag/Unity.PlasticSCM.Editor.Entities.rsp2
[ 469/1120  0s] WriteText Library/Bee/artifacts/1900b0aE.dag/Unity.RenderPipelines.ShaderGraph.ShaderGraphLibrary.rsp
[ 470/1120  0s] WriteText Library/Bee/artifacts/1900b0aE.dag/Unity.TextMeshPro.Editor.UnityAdditionalFile.txt
[ 471/1120  0s] WriteText Library/Bee/artifacts/1900b0aE.dag/Unity.RenderPipelines.Universal.Shaders.rsp
[ 472/1120  0s] WriteText Library/Bee/artifacts/1900b0aE.dag/Unity.Rendering.LightTransport.Editor.UnityAdditionalFile.txt
[ 473/1120  0s] WriteText Library/Bee/artifacts/1900b0aE.dag/Unity.Rendering.LightTransport.Editor.rsp2
[ 474/1120  0s] WriteText Library/Bee/artifacts/1900b0aE.dag/Unity.InputSystem.DocCodeSamples.UnityAdditionalFile.txt
[ 475/1120  0s] WriteText Library/Bee/artifacts/1900b0aE.dag/Unity.TextMeshPro.Editor.rsp2
[ 476/1120  0s] WriteText Library/Bee/artifacts/1900b0aE.dag/Unity.2D.SpriteShape.Editor.UnityAdditionalFile.txt
[ 477/1120  0s] WriteText Library/Bee/artifacts/1900b0aE.dag/Unity.2D.SpriteShape.Editor.rsp2
[ 478/1120  0s] WriteText Library/Bee/artifacts/1900b0aE.dag/Unity.InputSystem.DocCodeSamples.rsp2
[ 479/1120  0s] WriteText Library/Bee/artifacts/1900b0aE.dag/Unity.VisualScripting.SettingsProvider.Editor.UnityAdditionalFile.txt
[ 481/1120  0s] WriteText Library/Bee/artifacts/1900b0aE.dag/Unity.VisualScripting.SettingsProvider.Editor.rsp2
[ 482/1120  0s] WriteText Library/Bee/artifacts/1900b0aE.dag/Unity.VisualScripting.Shared.Editor.UnityAdditionalFile.txt
[ 484/1120  0s] WriteText Library/Bee/artifacts/1900b0aE.dag/Unity.VisualScripting.Shared.Editor.rsp2
[ 485/1120  0s] WriteText Library/Bee/artifacts/1900b0aE.dag/Unity.InputSystem.ForUI.rsp
[ 486/1120  0s] WriteText Library/Bee/artifacts/1900b0aE.dag/Unity.InputSystem.DocCodeSamples.rsp
[ 487/1120  0s] WriteText Library/Bee/artifacts/1900b0aE.dag/Unity.PlasticSCM.Editor.Entities.rsp
[ 488/1120  0s] WriteText Library/Bee/artifacts/1900b0aE.dag/Unity.2D.Tilemap.Extras.Editor.rsp
[ 489/1120  0s] WriteText Library/Bee/artifacts/1900b0aE.dag/Unity.Rider.Editor.UnityAdditionalFile.txt
[ 490/1120  0s] WriteText Library/Bee/artifacts/1900b0aE.dag/Unity.Rider.Editor.rsp2
[ 491/1120  0s] WriteText Library/Bee/artifacts/1900b0aE.dag/Unity.Rider.Editor.dll.mvfrm.rsp
[ 492/1120  0s] WriteText Library/Bee/artifacts/1900b0aE.dag/Unity.VisualStudio.Editor.UnityAdditionalFile.txt
[ 493/1120  0s] WriteText Library/Bee/artifacts/1900b0aE.dag/NaManMoo.EditorTests.rsp
[ 494/1120  0s] WriteText Library/Bee/artifacts/1900b0aE.dag/Unity.RenderPipelines.Universal.2D.Editor.Overrides.rsp
[ 495/1120  0s] WriteText Library/Bee/artifacts/1900b0aE.dag/ScriptablePacker.rsp
[ 496/1120  0s] WriteText Library/Bee/artifacts/1900b0aE.dag/Unity.CollabProxy.Editor.rsp
[ 497/1120  0s] WriteText Library/Bee/artifacts/1900b0aE.dag/Unity.VisualStudio.Editor.rsp2
[ 498/1120  0s] WriteText Library/Bee/artifacts/1900b0aE.dag/Unity.VisualStudio.Editor.dll.mvfrm.rsp
[ 499/1120  0s] WriteText Library/Bee/artifacts/1900b0aE.dag/Unity.PlasticSCM.Editor.Assistant.rsp
[ 500/1120  0s] WriteText Library/Bee/artifacts/1900b0aE.dag/Unity.2D.Tooling.Editor.rsp
[ 501/1120  0s] WriteText Library/Bee/artifacts/1900b0aE.dag/Unity.2D.IK.Editor.rsp
[ 502/1120  0s] WriteText Library/Bee/artifacts/1900b0aE.dag/Unity.TextMeshPro.Editor.rsp
[ 503/1120  0s] WriteText Library/Bee/artifacts/1900b0aE.dag/Unity.PerformanceTesting.Editor.rsp
[ 504/1120  0s] WriteText Library/Bee/artifacts/1900b0aE.dag/Unity.2D.Aseprite.Editor.rsp
[ 505/1120  0s] WriteText Library/Bee/artifacts/1900b0aE.dag/Unity.VisualScripting.Shared.Editor.rsp
[ 506/1120  0s] WriteText Library/Bee/artifacts/1900b0aE.dag/Unity.Collections.Editor.rsp
[ 507/1120  0s] WriteText Library/Bee/artifacts/1900b0aE.dag/Unity.VisualScripting.SettingsProvider.Editor.rsp
[ 508/1120  0s] WriteText Library/Bee/artifacts/1900b0aE.dag/Unity.Timeline.Editor.rsp
[ 509/1120  0s] WriteText Library/Bee/artifacts/1900b0aE.dag/Unity.Multiplayer.Center.Editor.rsp
[ 510/1120  0s] WriteText Library/Bee/artifacts/1900b0aE.dag/UnityEditor.UI.Analytics.rsp
[ 511/1120  0s] WriteText Library/Bee/artifacts/1900b0aE.dag/Unity.RenderPipelines.Universal.Editor.rsp
[ 512/1120  0s] WriteText Library/Bee/artifacts/1900b0aE.dag/Unity.2D.SpriteShape.Editor.rsp
[ 513/1120  0s] WriteText Library/Bee/artifacts/1900b0aE.dag/Unity.Rendering.LightTransport.Editor.rsp
[ 514/1120  0s] WriteText Library/Bee/artifacts/1900b0aE.dag/Unity.2D.Psdimporter.Editor.rsp
[ 515/1120  0s] WriteResponseFile Library/Bee/artifacts/rsp/5369032799409425086.rsp
[ 516/1120  0s] WriteResponseFile Library/Bee/artifacts/rsp/9362519405459664194.rsp
[ 517/1120  0s] WriteResponseFile Library/Bee/artifacts/rsp/8899139255040401798.rsp
[ 518/1120  0s] WriteResponseFile Library/Bee/artifacts/rsp/3064155424177982801.rsp
[ 519/1120  0s] WriteResponseFile Library/Bee/artifacts/rsp/11294775302662683298.rsp
[ 520/1120  0s] WriteResponseFile Library/Bee/artifacts/rsp/4691676790321305727.rsp
[ 521/1120  0s] WriteResponseFile Library/Bee/artifacts/rsp/13686715218353603589.rsp
[ 522/1120  0s] WriteResponseFile Library/Bee/artifacts/rsp/1478594098268573080.rsp
[ 523/1120  0s] WriteResponseFile Library/Bee/artifacts/rsp/10571807241835812913.rsp
[ 524/1120  0s] WriteResponseFile Library/Bee/artifacts/rsp/10654656162358534522.rsp
[ 525/1120  0s] WriteResponseFile Library/Bee/artifacts/rsp/2157608619508796868.rsp
[ 526/1120  0s] WriteResponseFile Library/Bee/artifacts/rsp/10010842633742469623.rsp
[ 527/1120  0s] WriteResponseFile Library/Bee/artifacts/rsp/5546506141355401238.rsp
[ 528/1120  0s] WriteResponseFile Library/Bee/artifacts/rsp/1418726328684876121.rsp
[ 529/1120  0s] WriteResponseFile Library/Bee/artifacts/rsp/17346584914308636752.rsp
[ 530/1120  0s] WriteResponseFile Library/Bee/artifacts/rsp/11344994280883157806.rsp
[ 531/1120  0s] WriteResponseFile Library/Bee/artifacts/rsp/3258459190130463912.rsp
[ 532/1120  0s] WriteResponseFile Library/Bee/artifacts/rsp/7606483801609891643.rsp
[ 533/1120  0s] WriteResponseFile Library/Bee/artifacts/rsp/5916180605834378387.rsp
[ 534/1120  0s] WriteResponseFile Library/Bee/artifacts/rsp/10142702499866438521.rsp
[ 535/1120  0s] WriteResponseFile Library/Bee/artifacts/rsp/15966515983506956808.rsp
[ 536/1120  0s] WriteResponseFile Library/Bee/artifacts/rsp/13909235412005675431.rsp
[ 537/1120  0s] WriteResponseFile Library/Bee/artifacts/rsp/4014436084419441659.rsp
[ 538/1120  0s] WriteResponseFile Library/Bee/artifacts/rsp/1237274906319909237.rsp
[ 539/1120  0s] WriteResponseFile Library/Bee/artifacts/rsp/5249134988916615986.rsp
[ 540/1120  0s] WriteResponseFile Library/Bee/artifacts/rsp/2897256077774953845.rsp
[ 541/1120  0s] WriteResponseFile Library/Bee/artifacts/rsp/9870516708743257357.rsp
[ 542/1120  0s] WriteResponseFile Library/Bee/artifacts/rsp/8938601496673716560.rsp
[ 543/1120  0s] WriteResponseFile Library/Bee/artifacts/rsp/1410676725171572189.rsp
[ 544/1120  0s] WriteResponseFile Library/Bee/artifacts/rsp/18218310762646611085.rsp
[ 545/1120  0s] WriteResponseFile Library/Bee/artifacts/rsp/15183482696195477058.rsp
[ 546/1120  0s] WriteResponseFile Library/Bee/artifacts/rsp/11932646040550446581.rsp
[ 547/1120  0s] WriteResponseFile Library/Bee/artifacts/rsp/7038082120299526273.rsp
[ 548/1120  0s] WriteResponseFile Library/Bee/artifacts/rsp/5803490648119114145.rsp
[ 549/1120  0s] WriteResponseFile Library/Bee/artifacts/rsp/10397561839769426034.rsp
[ 550/1120  0s] WriteResponseFile Library/Bee/artifacts/rsp/17525389461119239690.rsp
[ 551/1120  0s] WriteResponseFile Library/Bee/artifacts/rsp/15085861467720516389.rsp
[ 552/1120  0s] WriteText Library/Bee/artifacts/1900b0aE.dag/Unity.Rider.Editor.rsp
[ 553/1120  0s] WriteResponseFile Library/Bee/artifacts/rsp/10411718816959651794.rsp
[ 554/1120  0s] WriteText Library/Bee/artifacts/1900b0aE.dag/Unity.VisualStudio.Editor.rsp
[ 555/1120  0s] WriteResponseFile Library/Bee/artifacts/rsp/11295897478892413411.rsp
[ 556/1120  0s] WriteResponseFile Library/Bee/artifacts/rsp/6828830881514808964.rsp
[ 557/1120  0s] WriteResponseFile Library/Bee/artifacts/rsp/10831531723267835799.rsp
[ 558/1120  0s] WriteResponseFile Library/Bee/artifacts/rsp/12812556936427222528.rsp
[ 559/1120  0s] WriteResponseFile Library/Bee/artifacts/rsp/12697856024727907050.rsp
[ 560/1120  0s] WriteResponseFile Library/Bee/artifacts/rsp/3648465134513896125.rsp
[ 561/1120  0s] WriteResponseFile Library/Bee/artifacts/rsp/6841316898876630997.rsp
[ 562/1120  0s] WriteResponseFile Library/Bee/artifacts/rsp/6262281476893245489.rsp
[ 563/1120  0s] WriteResponseFile Library/Bee/artifacts/rsp/6413563044966999158.rsp
[ 564/1120  0s] WriteResponseFile Library/Bee/artifacts/rsp/14566447020836459352.rsp
[ 565/1120  0s] WriteResponseFile Library/Bee/artifacts/rsp/13502134870798640059.rsp
[ 566/1120  0s] WriteResponseFile Library/Bee/artifacts/rsp/1000725841676588325.rsp
[ 567/1120  0s] WriteResponseFile Library/Bee/artifacts/rsp/13445476680238899994.rsp
[ 568/1120  0s] WriteResponseFile Library/Bee/artifacts/rsp/3938377011463375229.rsp
[ 569/1120  0s] WriteResponseFile Library/Bee/artifacts/rsp/7896521298153392796.rsp
[ 570/1120  0s] WriteResponseFile Library/Bee/artifacts/rsp/16942202937359522267.rsp
[ 571/1120  0s] WriteResponseFile Library/Bee/artifacts/rsp/1488387367365330867.rsp
[ 572/1120  0s] WriteResponseFile Library/Bee/artifacts/rsp/5652260764500437206.rsp
[ 573/1120  0s] WriteResponseFile Library/Bee/artifacts/rsp/15394042617203071315.rsp
[ 574/1120  0s] WriteResponseFile Library/Bee/artifacts/rsp/9675442845102135732.rsp
[ 575/1120  0s] WriteResponseFile Library/Bee/artifacts/rsp/8336928665352126947.rsp
[ 576/1120  0s] WriteResponseFile Library/Bee/artifacts/rsp/6210570011482043853.rsp
[ 577/1120  0s] WriteResponseFile Library/Bee/artifacts/rsp/15312589170787849123.rsp
[ 578/1120  0s] WriteResponseFile Library/Bee/artifacts/rsp/3388064732626934676.rsp
[ 579/1120  0s] WriteResponseFile Library/Bee/artifacts/rsp/11820488456832421373.rsp
[ 580/1120  0s] WriteResponseFile Library/Bee/artifacts/rsp/17723086061372457914.rsp
[ 581/1120  0s] WriteResponseFile Library/Bee/artifacts/rsp/4772145154433932943.rsp
[ 582/1120  0s] WriteResponseFile Library/Bee/artifacts/rsp/15183149355271759364.rsp
[ 583/1120  0s] WriteResponseFile Library/Bee/artifacts/rsp/17738801749825545598.rsp
[ 584/1120  0s] WriteResponseFile Library/Bee/artifacts/rsp/9963604852455136489.rsp
[ 585/1120  0s] WriteResponseFile Library/Bee/artifacts/rsp/17296387151066238333.rsp
[ 586/1120  0s] WriteResponseFile Library/Bee/artifacts/rsp/3043913547040211301.rsp
[ 587/1120  0s] WriteResponseFile Library/Bee/artifacts/rsp/5806762800881712256.rsp
[ 588/1120  0s] WriteResponseFile Library/Bee/artifacts/rsp/2499735490941455596.rsp
[ 589/1120  0s] WriteResponseFile Library/Bee/artifacts/rsp/5521740788080646575.rsp
[ 590/1120  0s] WriteResponseFile Library/Bee/artifacts/rsp/1723042715960067801.rsp
[ 591/1120  0s] WriteResponseFile Library/Bee/artifacts/rsp/7759033573704817190.rsp
[ 592/1120  0s] WriteResponseFile Library/Bee/artifacts/rsp/9703144790800738880.rsp
[ 593/1120  0s] WriteResponseFile Library/Bee/artifacts/rsp/6083568660615989563.rsp
[ 594/1120  0s] WriteResponseFile Library/Bee/artifacts/rsp/5776641215966470922.rsp
[ 595/1120  0s] WriteResponseFile Library/Bee/artifacts/rsp/12900333509587573630.rsp
[ 596/1120  0s] WriteResponseFile Library/Bee/artifacts/rsp/12248871281822510316.rsp
[ 597/1120  0s] WriteResponseFile Library/Bee/artifacts/rsp/9111662996337956171.rsp
[ 598/1120  0s] WriteResponseFile Library/Bee/artifacts/rsp/2240406767038398906.rsp
[ 599/1120  0s] WriteResponseFile Library/Bee/artifacts/rsp/13439087796855272166.rsp
[ 600/1120  0s] WriteResponseFile Library/Bee/artifacts/rsp/10292501669419677951.rsp
[ 601/1120  0s] WriteResponseFile Library/Bee/artifacts/rsp/8863518860715653438.rsp
[ 602/1120  0s] MovedFromExtractor Library/Bee/artifacts/mvdfrm/Unity.Burst.Cecil.Mdb.dll_2CFFC6FBE2DD1050.mvfrm
[ 603/1120  0s] MovedFromExtractor Library/Bee/artifacts/mvdfrm/Unity.Collections.LowLevel.ILSupport.dll_1F35A6B2AE06B873.mvfrm
[ 604/1120  0s] MovedFromExtractor Library/Bee/artifacts/mvdfrm/Unity.VisualScripting.Antlr3.Runtime.dll_913B07876B50DD4A.mvfrm
[ 605/1120  0s] MovedFromExtractor Library/Bee/artifacts/mvdfrm/Unity.CompilationPipeline.Common.dll_A02237E0AD0510F0.mvfrm
[ 606/1120  0s] MovedFromExtractor Library/Bee/artifacts/mvdfrm/Unity.Plastic.Newtonsoft.Json.dll_A9F4081CEEE10426.mvfrm
[ 607/1120  0s] MovedFromExtractor Library/Bee/artifacts/mvdfrm/Unity.Plastic.Antlr3.Runtime.dll_A1B74C3F146A839F.mvfrm
[ 608/1120  0s] MovedFromExtractor Library/Bee/artifacts/mvdfrm/Unity.VisualScripting.IonicZip.dll_E65A41CAD8ADF4A1.mvfrm
[ 609/1120  0s] MovedFromExtractor-Combine Library/Bee/artifacts/1900b0aE.dag/UnityEngine.TestRunner.dll.mvfrm
[ 610/1120  0s] MovedFromExtractor Library/Bee/artifacts/mvdfrm/Unity.VisualScripting.TextureAssets.dll_76EC09F9FB552B23.mvfrm
[ 611/1120  0s] MovedFromExtractor Library/Bee/artifacts/mvdfrm/Unity.Burst.Cecil.Pdb.dll_44523F6B619211D3.mvfrm
[ 612/1120  0s] MovedFromExtractor Library/Bee/artifacts/mvdfrm/Unity.VisualScripting.YamlDotNet.dll_DFCDE0A63A87CD2B.mvfrm
[ 613/1120  0s] MovedFromExtractor Library/Bee/artifacts/mvdfrm/Unity.Burst.Cecil.Rocks.dll_4860FB3DE0B45A53.mvfrm
[ 614/1120  0s] MovedFromExtractor Library/Bee/artifacts/mvdfrm/Unity.Burst.Cecil.dll_FAA4E5A1BE03D053.mvfrm
[ 615/1120  0s] MovedFromExtractor Library/Bee/artifacts/mvdfrm/Unity.Burst.Unsafe.dll_21890BB978BF4350.mvfrm
[ 615/1120  0s] Csc Library/Bee/artifacts/1900b0aE.dag/UnityEngine.TestRunner.dll (+2 others) [CacheHit 9e7a5d7b678c6a9ba1bd183d9483afb900000000000000000000000000000006]
[ 616/1120  0s] Csc Library/Bee/artifacts/1900b0aE.dag/UnityEngine.TestRunner.dll (+2 others)
[ 618/1120  0s] CopyFiles Library/ScriptAssemblies/UnityEngine.TestRunner.pdb
[ 619/1120  0s] MovedFromExtractor-Combine Library/Bee/artifacts/1900b0aE.dag/UnityEngine.UI.dll.mvfrm
[ 620/1120  0s] CopyFiles Library/ScriptAssemblies/UnityEngine.TestRunner.dll
[ 619/1120  0s] Csc Library/Bee/artifacts/1900b0aE.dag/UnityEngine.UI.dll (+2 others) [CacheHit 547278acac07766493936cf8334a099c00000000000000000000000000000006]
[ 621/1120  0s] Csc Library/Bee/artifacts/1900b0aE.dag/UnityEngine.UI.dll (+2 others)
[ 623/1120  0s] MovedFromExtractor Library/Bee/artifacts/mvdfrm/UnityEngine.TestRunner.ref.dll_E55D0F7C63F01D9E.mvfrm
[ 624/1120  0s] MovedFromExtractor Library/Bee/artifacts/mvdfrm/UnityEngine.UI.ref.dll_08FEAA520A2EFD60.mvfrm
[ 625/1120  0s] MovedFromExtractor-Combine Library/Bee/artifacts/1900b0aE.dag/UnityEditor.TestRunner.dll.mvfrm
[ 623/1120  0s] Csc Library/Bee/artifacts/1900b0aE.dag/UnityEditor.TestRunner.dll (+2 others) [CacheHit 4ae030823c6530c1211d56cfb780293b00000000000000000000000000000006]
[ 626/1120  0s] Csc Library/Bee/artifacts/1900b0aE.dag/UnityEditor.TestRunner.dll (+2 others)
[ 628/1120  0s] CopyFiles Library/ScriptAssemblies/UnityEditor.TestRunner.pdb
[ 629/1120  0s] CopyFiles Library/ScriptAssemblies/UnityEditor.TestRunner.dll
[ 630/1120  0s] MovedFromExtractor Library/Bee/artifacts/mvdfrm/UnityEditor.TestRunner.ref.dll_193EC4CE382CBFB3.mvfrm
[ 631/1120  0s] MovedFromExtractor-Combine Library/Bee/artifacts/1900b0aE.dag/UnityEditor.UI.dll.mvfrm
[ 628/1120  0s] Csc Library/Bee/artifacts/1900b0aE.dag/UnityEditor.UI.dll (+2 others) [CacheHit 33175d79cec84fc53cff754521d9313d00000000000000000000000000000006]
[ 632/1120  0s] Csc Library/Bee/artifacts/1900b0aE.dag/UnityEditor.UI.dll (+2 others)
[ 634/1120  0s] MovedFromExtractor Library/Bee/artifacts/mvdfrm/UnityEditor.UI.ref.dll_4C98D3F7040CD4F5.mvfrm
[ 635/1120  0s] MovedFromExtractor-Combine Library/Bee/artifacts/1900b0aE.dag/Unity.Timeline.dll.mvfrm
[ 636/1120  0s] MovedFromExtractor-Combine Library/Bee/artifacts/1900b0aE.dag/Unity.InternalAPIEngineBridge.004.dll.mvfrm
[ 637/1120  0s] MovedFromExtractor-Combine Library/Bee/artifacts/1900b0aE.dag/Unity.Burst.dll.mvfrm
[ 638/1120  0s] MovedFromExtractor-Combine Library/Bee/artifacts/1900b0aE.dag/Unity.Mathematics.dll.mvfrm
[ 639/1120  0s] MovedFromExtractor-Combine Library/Bee/artifacts/1900b0aE.dag/Unity.ShaderGraph.Utilities.dll.mvfrm
[ 640/1120  0s] MovedFromExtractor-Combine Library/Bee/artifacts/1900b0aE.dag/Unity.InternalAPIEngineBridge.RenderPipelines.Core.Editor.dll.mvfrm
[ 641/1120  0s] MovedFromExtractor-Combine Library/Bee/artifacts/1900b0aE.dag/Unity.InternalAPIEngineBridge.RenderPipelines.Core.Runtime.Shared.dll.mvfrm
[ 642/1120  0s] MovedFromExtractor-Combine Library/Bee/artifacts/1900b0aE.dag/Unity.2D.Common.Path.Editor.dll.mvfrm
[ 643/1120  0s] MovedFromExtractor-Combine Library/Bee/artifacts/1900b0aE.dag/Unity.InternalAPIEditorBridge.ShaderGraph.Editor.dll.mvfrm
[ 644/1120  0s] MovedFromExtractor-Combine Library/Bee/artifacts/1900b0aE.dag/Unity.InternalAPIEngineBridge.001.dll.mvfrm
[ 645/1120  0s] MovedFromExtractor-Combine Library/Bee/artifacts/1900b0aE.dag/Unity.PerformanceTesting.dll.mvfrm
[ 646/1120  0s] MovedFromExtractor-Combine Library/Bee/artifacts/1900b0aE.dag/Unity.Multiplayer.Center.Common.dll.mvfrm
[ 647/1120  0s] MovedFromExtractor-Combine Library/Bee/artifacts/1900b0aE.dag/Unity.Searcher.Editor.dll.mvfrm
[ 648/1120  0s] MovedFromExtractor-Combine Library/Bee/artifacts/1900b0aE.dag/Unity.2D.Sprite.Editor.dll.mvfrm
[ 649/1120  0s] MovedFromExtractor-Combine Library/Bee/artifacts/1900b0aE.dag/Unity.InputSystem.dll.mvfrm
[ 650/1120  0s] MovedFromExtractor-Combine Library/Bee/artifacts/1900b0aE.dag/Unity.2D.Tilemap.Editor.dll.mvfrm
[ 646/1120  0s] Csc Library/Bee/artifacts/1900b0aE.dag/Unity.InternalAPIEngineBridge.004.dll (+2 others) [CacheHit f20bb818486c40a05f3a923c41f2eaf200000000000000000000000000000006]
[ 651/1120  0s] Csc Library/Bee/artifacts/1900b0aE.dag/Unity.InternalAPIEngineBridge.004.dll (+2 others)
[ 647/1120  0s] Csc Library/Bee/artifacts/1900b0aE.dag/Unity.Timeline.dll (+2 others) [CacheHit bc4740856614ff3ca76cdb7070bd02b500000000000000000000000000000006]
[ 653/1120  0s] Csc Library/Bee/artifacts/1900b0aE.dag/Unity.Timeline.dll (+2 others)
[ 648/1120  0s] Csc Library/Bee/artifacts/1900b0aE.dag/Unity.Mathematics.dll (+2 others) [CacheHit 2ad3148716f747f1aa0c010df869f71e00000000000000000000000000000006]
[ 655/1120  0s] Csc Library/Bee/artifacts/1900b0aE.dag/Unity.Mathematics.dll (+2 others)
[ 649/1120  0s] Csc Library/Bee/artifacts/1900b0aE.dag/Unity.ShaderGraph.Utilities.dll (+2 others) [CacheHit a7f0ddb1578b1d8606c1b75a116e589a00000000000000000000000000000006]
[ 657/1120  0s] Csc Library/Bee/artifacts/1900b0aE.dag/Unity.ShaderGraph.Utilities.dll (+2 others)
[ 650/1120  0s] Csc Library/Bee/artifacts/1900b0aE.dag/Unity.2D.Common.Path.Editor.dll (+2 others) [CacheHit 29a9fbb793d85988f253e8802a55a85500000000000000000000000000000006]
[ 659/1120  0s] Csc Library/Bee/artifacts/1900b0aE.dag/Unity.2D.Common.Path.Editor.dll (+2 others)
[ 651/1120  0s] Csc Library/Bee/artifacts/1900b0aE.dag/Unity.2D.Sprite.Editor.dll (+2 others) [CacheHit dd174722a2b2510181395ae778fceb6100000000000000000000000000000006]
[ 661/1120  0s] Csc Library/Bee/artifacts/1900b0aE.dag/Unity.2D.Sprite.Editor.dll (+2 others)
[ 652/1120  0s] Csc Library/Bee/artifacts/1900b0aE.dag/Unity.InternalAPIEditorBridge.ShaderGraph.Editor.dll (+2 others) [CacheHit 262c636c18141193a46ae5b3bd64cb4800000000000000000000000000000006]
[ 663/1120  0s] Csc Library/Bee/artifacts/1900b0aE.dag/Unity.InternalAPIEditorBridge.ShaderGraph.Editor.dll (+2 others)
[ 653/1120  0s] Csc Library/Bee/artifacts/1900b0aE.dag/Unity.InputSystem.dll (+2 others) [CacheHit ae3bfa523a112cb7b1ae76b4dfb1791f00000000000000000000000000000006]
[ 665/1120  0s] Csc Library/Bee/artifacts/1900b0aE.dag/Unity.InputSystem.dll (+2 others)
[ 654/1120  0s] Csc Library/Bee/artifacts/1900b0aE.dag/Unity.2D.Tilemap.Editor.dll (+2 others) [CacheHit 968d59bd22bb1f1f53a4823e0c762d6f00000000000000000000000000000006]
[ 667/1120  0s] Csc Library/Bee/artifacts/1900b0aE.dag/Unity.2D.Tilemap.Editor.dll (+2 others)
[ 655/1120  0s] Csc Library/Bee/artifacts/1900b0aE.dag/Unity.Multiplayer.Center.Common.dll (+2 others) [CacheHit 4de0a2f14369aacd13dd8a3dbc4390d700000000000000000000000000000006]
[ 669/1120  0s] Csc Library/Bee/artifacts/1900b0aE.dag/Unity.Multiplayer.Center.Common.dll (+2 others)
[ 656/1120  0s] Csc Library/Bee/artifacts/1900b0aE.dag/Unity.Burst.dll (+2 others) [CacheHit fa0284fba56dd4087ce30792f45e0b5b00000000000000000000000000000006]
[ 671/1120  0s] Csc Library/Bee/artifacts/1900b0aE.dag/Unity.Burst.dll (+2 others)
[ 657/1120  0s] Csc Library/Bee/artifacts/1900b0aE.dag/Unity.InternalAPIEngineBridge.RenderPipelines.Core.Runtime.Shared.dll (+2 others) [CacheHit 08260088d125827eeb4a325ccb069d5e00000000000000000000000000000006]
[ 673/1120  0s] Csc Library/Bee/artifacts/1900b0aE.dag/Unity.InternalAPIEngineBridge.RenderPipelines.Core.Runtime.Shared.dll (+2 others)
[ 658/1120  0s] Csc Library/Bee/artifacts/1900b0aE.dag/Unity.Searcher.Editor.dll (+2 others) [CacheHit f8f774d97dca89083a3b5f6dcafe332300000000000000000000000000000006]
[ 675/1120  0s] Csc Library/Bee/artifacts/1900b0aE.dag/Unity.Searcher.Editor.dll (+2 others)
[ 659/1120  0s] Csc Library/Bee/artifacts/1900b0aE.dag/Unity.InternalAPIEngineBridge.001.dll (+2 others) [CacheHit 439ff84f67fed7ad7587245958d47c8100000000000000000000000000000006]
[ 677/1120  0s] Csc Library/Bee/artifacts/1900b0aE.dag/Unity.InternalAPIEngineBridge.001.dll (+2 others)
[ 660/1120  0s] Csc Library/Bee/artifacts/1900b0aE.dag/Unity.PerformanceTesting.dll (+2 others) [CacheHit 6113642c837fb1d626a8f59d9751dd1300000000000000000000000000000006]
[ 679/1120  0s] Csc Library/Bee/artifacts/1900b0aE.dag/Unity.PerformanceTesting.dll (+2 others)
[ 661/1120  0s] Csc Library/Bee/artifacts/1900b0aE.dag/Unity.InternalAPIEngineBridge.RenderPipelines.Core.Editor.dll (+2 others) [CacheHit b62221fdfafcfe6654ff013e3c20ae8d00000000000000000000000000000006]
[ 681/1120  0s] Csc Library/Bee/artifacts/1900b0aE.dag/Unity.InternalAPIEngineBridge.RenderPipelines.Core.Editor.dll (+2 others)
[ 683/1120  0s] MovedFromExtractor Library/Bee/artifacts/mvdfrm/Unity.InternalAPIEngineBridge.004.ref.dll_9F91F1CFF2D20E26.mvfrm
[ 684/1120  0s] MovedFromExtractor Library/Bee/artifacts/mvdfrm/Unity.2D.Common.Path.Editor.ref.dll_011CCB039EE5F887.mvfrm
[ 685/1120  0s] MovedFromExtractor Library/Bee/artifacts/mvdfrm/Unity.ShaderGraph.Utilities.ref.dll_0524057423981A9D.mvfrm
[ 686/1120  0s] MovedFromExtractor Library/Bee/artifacts/mvdfrm/Unity.Timeline.ref.dll_621CDDF9C514DF8F.mvfrm
[ 687/1120  0s] MovedFromExtractor Library/Bee/artifacts/mvdfrm/Unity.Mathematics.ref.dll_E8EFDB1B8D5C174E.mvfrm
[ 688/1120  0s] MovedFromExtractor Library/Bee/artifacts/mvdfrm/Unity.2D.Sprite.Editor.ref.dll_DDBAA27A82CE9E28.mvfrm
[ 689/1120  0s] MovedFromExtractor Library/Bee/artifacts/mvdfrm/Unity.InternalAPIEngineBridge.RenderPipelines.Core.Runtime.Shared.ref.dll_5653DD95D72A0F49.mvfrm
[ 690/1120  0s] MovedFromExtractor Library/Bee/artifacts/mvdfrm/Unity.Multiplayer.Center.Common.ref.dll_EE36537354EA42C8.mvfrm
[ 691/1120  0s] MovedFromExtractor Library/Bee/artifacts/mvdfrm/Unity.InternalAPIEditorBridge.ShaderGraph.Editor.ref.dll_F96C86A2A70A815B.mvfrm
[ 692/1120  0s] MovedFromExtractor Library/Bee/artifacts/mvdfrm/Unity.InputSystem.ref.dll_FD2EC87C14EBE081.mvfrm
[ 693/1120  0s] MovedFromExtractor Library/Bee/artifacts/mvdfrm/Unity.2D.Tilemap.Editor.ref.dll_436C0E2610862891.mvfrm
[ 694/1120  0s] MovedFromExtractor Library/Bee/artifacts/mvdfrm/Unity.Searcher.Editor.ref.dll_12B7E1785E41BE0E.mvfrm
[ 695/1120  0s] MovedFromExtractor Library/Bee/artifacts/mvdfrm/Unity.PerformanceTesting.ref.dll_F99DC928B1D72E5E.mvfrm
[ 696/1120  0s] MovedFromExtractor Library/Bee/artifacts/mvdfrm/Unity.InternalAPIEngineBridge.RenderPipelines.Core.Editor.ref.dll_9BED7CE7214FD91B.mvfrm
[ 697/1120  0s] MovedFromExtractor Library/Bee/artifacts/mvdfrm/Unity.Burst.ref.dll_F30DFA20C0DD1968.mvfrm
[ 698/1120  0s] MovedFromExtractor Library/Bee/artifacts/mvdfrm/Unity.InternalAPIEngineBridge.001.ref.dll_B4F0ACC15A996E43.mvfrm
[ 699/1120  0s] MovedFromExtractor-Combine Library/Bee/artifacts/1900b0aE.dag/Unity.RenderPipelines.ShaderGraph.ShaderGraphLibrary.dll.mvfrm
[ 700/1120  0s] MovedFromExtractor-Combine Library/Bee/artifacts/1900b0aE.dag/Unity.TextMeshPro.dll.mvfrm
[ 701/1120  0s] MovedFromExtractor-Combine Library/Bee/artifacts/1900b0aE.dag/Unity.RenderPipelines.Universal.Shaders.dll.mvfrm
[ 702/1120  0s] MovedFromExtractor-Combine Library/Bee/artifacts/1900b0aE.dag/Unity.Timeline.Editor.dll.mvfrm
[ 703/1120  0s] MovedFromExtractor-Combine Library/Bee/artifacts/1900b0aE.dag/Unity.RenderPipelines.Core.ShaderLibrary.dll.mvfrm
[ 704/1120  0s] MovedFromExtractor-Combine Library/Bee/artifacts/1900b0aE.dag/Unity.InternalAPIEditorBridge.001.dll.mvfrm
[ 705/1120  0s] MovedFromExtractor-Combine Library/Bee/artifacts/1900b0aE.dag/Unity.Rendering.LightTransport.Editor.dll.mvfrm
[ 706/1120  0s] MovedFromExtractor-Combine Library/Bee/artifacts/1900b0aE.dag/Unity.Rider.Editor.dll.mvfrm
[ 707/1120  0s] MovedFromExtractor-Combine Library/Bee/artifacts/1900b0aE.dag/Unity.Multiplayer.Center.Editor.dll.mvfrm
[ 708/1120  0s] MovedFromExtractor-Combine Library/Bee/artifacts/1900b0aE.dag/Unity.2D.Tilemap.Extras.dll.mvfrm
[ 709/1120  0s] MovedFromExtractor-Combine Library/Bee/artifacts/1900b0aE.dag/Unity.InputSystem.TestFramework.dll.mvfrm
[ 710/1120  0s] MovedFromExtractor-Combine Library/Bee/artifacts/1900b0aE.dag/NaManMoo.PlayModeTests.dll.mvfrm
[ 711/1120  0s] MovedFromExtractor-Combine Library/Bee/artifacts/1900b0aE.dag/Unity.InputSystem.ForUI.dll.mvfrm
[ 691/1120  0s] Csc Library/Bee/artifacts/1900b0aE.dag/Unity.TextMeshPro.dll (+2 others) [CacheHit c4c7f0fa602e7378f59903c1060905df00000000000000000000000000000006]
[ 712/1120  0s] Csc Library/Bee/artifacts/1900b0aE.dag/Unity.TextMeshPro.dll (+2 others)
[ 714/1120  0s] MovedFromExtractor-Combine Library/Bee/artifacts/1900b0aE.dag/Unity.Burst.CodeGen.dll.mvfrm
[ 715/1120  0s] MovedFromExtractor-Combine Library/Bee/artifacts/1900b0aE.dag/Unity.VisualScripting.Core.dll.mvfrm
[ 716/1120  0s] MovedFromExtractor-Combine Library/Bee/artifacts/1900b0aE.dag/Unity.Collections.dll.mvfrm
[ 717/1120  0s] MovedFromExtractor-Combine Library/Bee/artifacts/1900b0aE.dag/Unity.2D.Aseprite.Common.dll.mvfrm
[ 696/1120  0s] Csc Library/Bee/artifacts/1900b0aE.dag/Unity.RenderPipelines.Core.ShaderLibrary.dll (+2 others) [CacheHit 9f06028960e5aeea7f261944951da54800000000000000000000000000000006]
[ 718/1120  0s] Csc Library/Bee/artifacts/1900b0aE.dag/Unity.RenderPipelines.Core.ShaderLibrary.dll (+2 others)
[ 697/1120  0s] Csc Library/Bee/artifacts/1900b0aE.dag/Unity.InternalAPIEditorBridge.001.dll (+2 others) [CacheHit c1cd15a808c67ea3e11f84b7d24fd8ab00000000000000000000000000000006]
[ 720/1120  0s] Csc Library/Bee/artifacts/1900b0aE.dag/Unity.InternalAPIEditorBridge.001.dll (+2 others)
[ 722/1120  0s] MovedFromExtractor-Combine Library/Bee/artifacts/1900b0aE.dag/Unity.Burst.Editor.dll.mvfrm
[ 699/1120  0s] Csc Library/Bee/artifacts/1900b0aE.dag/Unity.RenderPipelines.Universal.Shaders.dll (+2 others) [CacheHit fef051c9506c10c2accd373d67c176aa00000000000000000000000000000006]
[ 723/1120  0s] Csc Library/Bee/artifacts/1900b0aE.dag/Unity.RenderPipelines.Universal.Shaders.dll (+2 others)
[ 725/1120  0s] MovedFromExtractor-Combine Library/Bee/artifacts/1900b0aE.dag/Unity.PerformanceTesting.Editor.dll.mvfrm
[ 726/1120  0s] MovedFromExtractor-Combine Library/Bee/artifacts/1900b0aE.dag/PsdPlugin.dll.mvfrm
[ 702/1120  0s] Csc Library/Bee/artifacts/1900b0aE.dag/Unity.InputSystem.TestFramework.dll (+2 others) [CacheHit 2719d1c69c9e19e57db73d510c153dad00000000000000000000000000000006]
[ 727/1120  0s] Csc Library/Bee/artifacts/1900b0aE.dag/Unity.InputSystem.TestFramework.dll (+2 others)
[ 729/1120  0s] MovedFromExtractor-Combine Library/Bee/artifacts/1900b0aE.dag/Unity.InputSystem.DocCodeSamples.dll.mvfrm
[ 704/1120  0s] Csc Library/Bee/artifacts/1900b0aE.dag/Unity.RenderPipelines.ShaderGraph.ShaderGraphLibrary.dll (+2 others) [CacheHit 370952e36bb36ca733bc1849a73f7a6700000000000000000000000000000006]
[ 730/1120  0s] Csc Library/Bee/artifacts/1900b0aE.dag/Unity.RenderPipelines.ShaderGraph.ShaderGraphLibrary.dll (+2 others)
[ 705/1120  0s] Csc Library/Bee/artifacts/1900b0aE.dag/Unity.Collections.dll (+2 others) [CacheHit 3314af813792ac84566aa706992fef1e00000000000000000000000000000006]
[ 732/1120  0s] Csc Library/Bee/artifacts/1900b0aE.dag/Unity.Collections.dll (+2 others)
[ 706/1120  0s] Csc Library/Bee/artifacts/1900b0aE.dag/Unity.InputSystem.ForUI.dll (+2 others) [CacheHit b8c17d322b58ab680896a777c30f685700000000000000000000000000000006]
[ 734/1120  0s] Csc Library/Bee/artifacts/1900b0aE.dag/Unity.InputSystem.ForUI.dll (+2 others)
[ 707/1120  0s] Csc Library/Bee/artifacts/1900b0aE.dag/Unity.2D.Tilemap.Extras.dll (+2 others) [CacheHit b50e9069a203836170a8717cab04431500000000000000000000000000000006]
[ 736/1120  0s] Csc Library/Bee/artifacts/1900b0aE.dag/Unity.2D.Tilemap.Extras.dll (+2 others)
[ 708/1120  0s] Csc Library/Bee/artifacts/1900b0aE.dag/Unity.2D.Aseprite.Common.dll (+2 others) [CacheHit 2dff610ad2ecd7f868a5f7c4fbc6a0d100000000000000000000000000000006]
[ 738/1120  0s] Csc Library/Bee/artifacts/1900b0aE.dag/Unity.2D.Aseprite.Common.dll (+2 others)
[ 709/1120  0s] Csc Library/Bee/artifacts/1900b0aE.dag/Unity.VisualScripting.Core.dll (+2 others) [CacheHit c042e8c4d966716adc52033f2b0ae20c00000000000000000000000000000006]
[ 740/1120  0s] Csc Library/Bee/artifacts/1900b0aE.dag/Unity.VisualScripting.Core.dll (+2 others)
[ 710/1120  0s] Csc Library/Bee/artifacts/1900b0aE.dag/Unity.Burst.CodeGen.dll (+2 others) [CacheHit 058aebf172029b21bfffb854fe25af4900000000000000000000000000000006]
[ 742/1120  0s] Csc Library/Bee/artifacts/1900b0aE.dag/Unity.Burst.CodeGen.dll (+2 others)
[ 711/1120  0s] Csc Library/Bee/artifacts/1900b0aE.dag/Unity.Multiplayer.Center.Editor.dll (+2 others) [CacheHit 72847c76607a0f4e2427e90885b15ccb00000000000000000000000000000006]
[ 744/1120  0s] Csc Library/Bee/artifacts/1900b0aE.dag/Unity.Multiplayer.Center.Editor.dll (+2 others)
[ 712/1120  0s] Csc Library/Bee/artifacts/1900b0aE.dag/Unity.Burst.Editor.dll (+2 others) [CacheHit 71610fb0782ea16679ebb577c721027500000000000000000000000000000006]
[ 746/1120  0s] Csc Library/Bee/artifacts/1900b0aE.dag/Unity.Burst.Editor.dll (+2 others)
[ 748/1120  0s] MovedFromExtractor Library/Bee/artifacts/mvdfrm/Unity.TextMeshPro.ref.dll_84A4293DBDD182DB.mvfrm
[ 714/1120  0s] Csc Library/Bee/artifacts/1900b0aE.dag/Unity.PerformanceTesting.Editor.dll (+2 others) [CacheHit 35dbfdfa712af54a7828216d3e92c21b00000000000000000000000000000006]
[ 749/1120  0s] Csc Library/Bee/artifacts/1900b0aE.dag/Unity.PerformanceTesting.Editor.dll (+2 others)
[ 751/1120  0s] CopyFiles Library/ScriptAssemblies/Unity.Burst.CodeGen.pdb
[ 752/1120  0s] MovedFromExtractor Library/Bee/artifacts/mvdfrm/Unity.InternalAPIEditorBridge.001.ref.dll_C275F416F58A86FE.mvfrm
[ 717/1120  0s] Csc Library/Bee/artifacts/1900b0aE.dag/PsdPlugin.dll (+2 others) [CacheHit eeef0fdd3ccde6f16b6a73195021b13700000000000000000000000000000006]
[ 753/1120  0s] Csc Library/Bee/artifacts/1900b0aE.dag/PsdPlugin.dll (+2 others)
[ 718/1120  0s] Csc Library/Bee/artifacts/1900b0aE.dag/Unity.Rendering.LightTransport.Editor.dll (+2 others) [CacheHit 94c5b422121bae8e409492b2e375050100000000000000000000000000000006]
[ 755/1120  0s] Csc Library/Bee/artifacts/1900b0aE.dag/Unity.Rendering.LightTransport.Editor.dll (+2 others)
[ 719/1120  0s] Csc Library/Bee/artifacts/1900b0aE.dag/Unity.InputSystem.DocCodeSamples.dll (+2 others) [CacheHit 78ab8e5258c069da483c7a6247d74e7100000000000000000000000000000006]
[ 757/1120  0s] Csc Library/Bee/artifacts/1900b0aE.dag/Unity.InputSystem.DocCodeSamples.dll (+2 others)
[ 720/1120  0s] Csc Library/Bee/artifacts/1900b0aE.dag/Unity.Timeline.Editor.dll (+2 others) [CacheHit b5bb3637ca32d784612915351bfddb5100000000000000000000000000000006]
[ 759/1120  0s] Csc Library/Bee/artifacts/1900b0aE.dag/Unity.Timeline.Editor.dll (+2 others)
[ 721/1120  0s] Csc Library/Bee/artifacts/1900b0aE.dag/Unity.Rider.Editor.dll (+2 others) [CacheHit 13ce3fcd3bb7df0111c946f09f6ac6e600000000000000000000000000000006]
[ 761/1120  0s] MovedFromExtractor Library/Bee/artifacts/mvdfrm/Unity.InputSystem.TestFramework.ref.dll_7EDBBEB6CC4AEECF.mvfrm
[ 762/1120  0s] Csc Library/Bee/artifacts/1900b0aE.dag/Unity.Rider.Editor.dll (+2 others)
[ 764/1120  0s] CopyFiles Library/ScriptAssemblies/Unity.Rider.Editor.pdb
[ 765/1120  0s] MovedFromExtractor Library/Bee/artifacts/mvdfrm/Unity.2D.Tilemap.Extras.ref.dll_371E356D6F5B6577.mvfrm
[ 766/1120  0s] MovedFromExtractor Library/Bee/artifacts/mvdfrm/Unity.2D.Aseprite.Common.ref.dll_8F79B00F05E033D6.mvfrm
[ 767/1120  0s] MovedFromExtractor Library/Bee/artifacts/mvdfrm/Unity.Collections.ref.dll_656D7410E7809ECD.mvfrm
[ 768/1120  0s] CopyFiles Library/ScriptAssemblies/Unity.Burst.CodeGen.dll
[ 769/1120  0s] MovedFromExtractor-Combine Library/Bee/artifacts/1900b0aE.dag/Unity.VisualStudio.Editor.dll.mvfrm
[ 770/1120  0s] MovedFromExtractor-Combine Library/Bee/artifacts/1900b0aE.dag/UnityEditor.UI.Analytics.dll.mvfrm
[ 771/1120  0s] MovedFromExtractor Library/Bee/artifacts/mvdfrm/Unity.VisualScripting.Core.ref.dll_D75DF4EA1AFE54F4.mvfrm
[ 772/1120  0s] MovedFromExtractor-Combine Library/Bee/artifacts/1900b0aE.dag/Unity.2D.Tooling.Editor.dll.mvfrm
[ 773/1120  0s] MovedFromExtractor Library/Bee/artifacts/mvdfrm/Unity.Burst.Editor.ref.dll_E2F92DAB6C167CC9.mvfrm
[ 774/1120  0s] MovedFromExtractor-Combine Library/Bee/artifacts/1900b0aE.dag/NaManMoo.EditorTests.dll.mvfrm
[ 734/1120  0s] Csc Library/Bee/artifacts/1900b0aE.dag/Unity.VisualStudio.Editor.dll (+2 others) [CacheHit 823ddc5d384b3a05730e0b0c4b869bf400000000000000000000000000000006]
[ 775/1120  0s] Csc Library/Bee/artifacts/1900b0aE.dag/Unity.VisualStudio.Editor.dll (+2 others)
[ 777/1120  0s] MovedFromExtractor-Combine Library/Bee/artifacts/1900b0aE.dag/Unity.2D.Tilemap.Extras.Editor.dll.mvfrm
[ 778/1120  0s] CopyFiles Library/ScriptAssemblies/Unity.VisualStudio.Editor.pdb
[ 737/1120  0s] Csc Library/Bee/artifacts/1900b0aE.dag/UnityEditor.UI.Analytics.dll (+2 others) [CacheHit 91605daa59950cb7a4d6cb92b05f4c8b00000000000000000000000000000006]
[ 779/1120  0s] Csc Library/Bee/artifacts/1900b0aE.dag/UnityEditor.UI.Analytics.dll (+2 others)
[ 781/1120  0s] CopyFiles Library/ScriptAssemblies/Unity.Rider.Editor.dll
[ 782/1120  0s] MovedFromExtractor-Combine Library/Bee/artifacts/1900b0aE.dag/Unity.Collections.CodeGen.dll.mvfrm
[ 783/1120  0s] MovedFromExtractor-Combine Library/Bee/artifacts/1900b0aE.dag/Unity.PlasticSCM.Editor.dll.mvfrm
[ 784/1120  0s] MovedFromExtractor-Combine Library/Bee/artifacts/1900b0aE.dag/Unity.RenderPipelines.Core.Runtime.dll.mvfrm
[ 785/1120  0s] MovedFromExtractor-Combine Library/Bee/artifacts/1900b0aE.dag/Unity.2D.Common.Runtime.dll.mvfrm
[ 743/1120  0s] Csc Library/Bee/artifacts/1900b0aE.dag/Unity.2D.Tooling.Editor.dll (+2 others) [CacheHit f9335458c9ad969091d8e10f2b75753f00000000000000000000000000000006]
[ 786/1120  0s] Csc Library/Bee/artifacts/1900b0aE.dag/Unity.2D.Tooling.Editor.dll (+2 others)
[ 788/1120  0s] MovedFromExtractor-Combine Library/Bee/artifacts/1900b0aE.dag/Unity.Collections.Editor.dll.mvfrm
[ 789/1120  0s] MovedFromExtractor-Combine Library/Bee/artifacts/1900b0aE.dag/Unity.UnifiedRayTracing.Runtime.dll.mvfrm
[ 790/1120  0s] MovedFromExtractor-Combine Library/Bee/artifacts/1900b0aE.dag/Unity.VisualScripting.Core.Editor.dll.mvfrm
[ 791/1120  0s] MovedFromExtractor-Combine Library/Bee/artifacts/1900b0aE.dag/Unity.VisualScripting.Flow.dll.mvfrm
[ 792/1120  0s] CopyFiles Library/ScriptAssemblies/Unity.VisualStudio.Editor.dll
[ 749/1120  0s] Csc Library/Bee/artifacts/1900b0aE.dag/Unity.2D.Tilemap.Extras.Editor.dll (+2 others) [CacheHit a07d8fb94b0e59475d0de0936b55927400000000000000000000000000000006]
[ 793/1120  0s] Csc Library/Bee/artifacts/1900b0aE.dag/Unity.2D.Tilemap.Extras.Editor.dll (+2 others)
[ 750/1120  0s] Csc Library/Bee/artifacts/1900b0aE.dag/Unity.2D.Common.Runtime.dll (+2 others) [CacheHit ce754752e4bd477f17b60b257ec1bf4200000000000000000000000000000006]
[ 795/1120  0s] Csc Library/Bee/artifacts/1900b0aE.dag/Unity.2D.Common.Runtime.dll (+2 others)
[ 751/1120  0s] Csc Library/Bee/artifacts/1900b0aE.dag/Unity.Collections.CodeGen.dll (+2 others) [CacheHit 814375dd6a4718c04a8abf26b38e80cf00000000000000000000000000000006]
[ 797/1120  0s] Csc Library/Bee/artifacts/1900b0aE.dag/Unity.Collections.CodeGen.dll (+2 others)
[ 752/1120  0s] Csc Library/Bee/artifacts/1900b0aE.dag/Unity.RenderPipelines.Core.Runtime.dll (+2 others) [CacheHit ef156e75c567755003fb8ad3cef4e58a00000000000000000000000000000006]
[ 799/1120  0s] Csc Library/Bee/artifacts/1900b0aE.dag/Unity.RenderPipelines.Core.Runtime.dll (+2 others)
[ 753/1120  0s] Csc Library/Bee/artifacts/1900b0aE.dag/Unity.PlasticSCM.Editor.dll (+2 others) [CacheHit acf6956e0862c505436b4eac3b77c12000000000000000000000000000000006]
[ 801/1120  0s] Csc Library/Bee/artifacts/1900b0aE.dag/Unity.PlasticSCM.Editor.dll (+2 others)
[ 803/1120  0s] CopyFiles Library/ScriptAssemblies/Unity.Collections.CodeGen.pdb
[ 755/1120  0s] Csc Library/Bee/artifacts/1900b0aE.dag/Unity.UnifiedRayTracing.Runtime.dll (+2 others) [CacheHit 7d133b007643ffcc5504e4f94090000100000000000000000000000000000006]
[ 804/1120  0s] Csc Library/Bee/artifacts/1900b0aE.dag/Unity.UnifiedRayTracing.Runtime.dll (+2 others)
[ 756/1120  0s] Csc Library/Bee/artifacts/1900b0aE.dag/Unity.Collections.Editor.dll (+2 others) [CacheHit a4db4990a9b67036e82afd123f194cc200000000000000000000000000000006]
[ 806/1120  0s] Csc Library/Bee/artifacts/1900b0aE.dag/Unity.Collections.Editor.dll (+2 others)
[ 757/1120  0s] Csc Library/Bee/artifacts/1900b0aE.dag/Unity.VisualScripting.Core.Editor.dll (+2 others) [CacheHit b3261610154da60b0ce126f8142dd74500000000000000000000000000000006]
[ 808/1120  0s] Csc Library/Bee/artifacts/1900b0aE.dag/Unity.VisualScripting.Core.Editor.dll (+2 others)
[ 758/1120  0s] Csc Library/Bee/artifacts/1900b0aE.dag/Unity.VisualScripting.Flow.dll (+2 others) [CacheHit 2502f0a91e2f568fbebd1d13b659867b00000000000000000000000000000006]
[ 810/1120  0s] Csc Library/Bee/artifacts/1900b0aE.dag/Unity.VisualScripting.Flow.dll (+2 others)
[ 812/1120  0s] CopyFiles Library/ScriptAssemblies/Unity.Collections.CodeGen.dll
[ 813/1120  0s] MovedFromExtractor Library/Bee/artifacts/mvdfrm/Unity.2D.Common.Runtime.ref.dll_77798F371487C3E9.mvfrm
[ 814/1120  0s] MovedFromExtractor Library/Bee/artifacts/mvdfrm/Unity.UnifiedRayTracing.Runtime.ref.dll_1311DEF2651EFE0C.mvfrm
[ 815/1120  0s] MovedFromExtractor Library/Bee/artifacts/mvdfrm/Unity.PlasticSCM.Editor.ref.dll_257AEB342BE77856.mvfrm
[ 816/1120  0s] MovedFromExtractor Library/Bee/artifacts/mvdfrm/Unity.RenderPipelines.Core.Runtime.ref.dll_CE6A42C97D96EB0A.mvfrm
[ 817/1120  0s] MovedFromExtractor Library/Bee/artifacts/mvdfrm/Unity.VisualScripting.Flow.ref.dll_1E6ED5409D07C9A3.mvfrm
[ 818/1120  0s] MovedFromExtractor Library/Bee/artifacts/mvdfrm/Unity.VisualScripting.Core.Editor.ref.dll_EDC8690F57C5BDFD.mvfrm
[ 819/1120  0s] MovedFromExtractor-Combine Library/Bee/artifacts/1900b0aE.dag/ScriptablePacker.dll.mvfrm
[ 820/1120  0s] MovedFromExtractor-Combine Library/Bee/artifacts/1900b0aE.dag/Unity.2D.Triangulation.Runtime.dll.mvfrm
[ 821/1120  0s] MovedFromExtractor-Combine Library/Bee/artifacts/1900b0aE.dag/Unity.2D.SpriteShape.Runtime.dll.mvfrm
[ 822/1120  0s] MovedFromExtractor-Combine Library/Bee/artifacts/1900b0aE.dag/Unity.2D.Common.Editor.dll.mvfrm
[ 823/1120  0s] MovedFromExtractor-Combine Library/Bee/artifacts/1900b0aE.dag/Unity.PlasticSCM.Editor.Assistant.dll.mvfrm
[ 824/1120  0s] MovedFromExtractor-Combine Library/Bee/artifacts/1900b0aE.dag/Unity.CollabProxy.Editor.dll.mvfrm
[ 825/1120  0s] MovedFromExtractor-Combine Library/Bee/artifacts/1900b0aE.dag/Unity.PlasticSCM.Editor.Entities.dll.mvfrm
[ 826/1120  0s] MovedFromExtractor-Combine Library/Bee/artifacts/1900b0aE.dag/Unity.RenderPipelines.Universal.Config.Runtime.dll.mvfrm
[ 827/1120  0s] MovedFromExtractor-Combine Library/Bee/artifacts/1900b0aE.dag/Unity.RenderPipelines.GPUDriven.Runtime.dll.mvfrm
[ 828/1120  0s] MovedFromExtractor-Combine Library/Bee/artifacts/1900b0aE.dag/Unity.RenderPipeline.Universal.ShaderLibrary.dll.mvfrm
[ 829/1120  0s] MovedFromExtractor-Combine Library/Bee/artifacts/1900b0aE.dag/Unity.RenderPipelines.Core.Runtime.Shared.dll.mvfrm
[ 830/1120  0s] MovedFromExtractor-Combine Library/Bee/artifacts/1900b0aE.dag/Unity.TextMeshPro.Editor.dll.mvfrm
[ 831/1120  0s] MovedFromExtractor-Combine Library/Bee/artifacts/1900b0aE.dag/Unity.VisualScripting.State.dll.mvfrm
[ 832/1120  0s] MovedFromExtractor-Combine Library/Bee/artifacts/1900b0aE.dag/Unity.PathTracing.Runtime.dll.mvfrm
[ 833/1120  0s] MovedFromExtractor-Combine Library/Bee/artifacts/1900b0aE.dag/Unity.VisualScripting.Flow.Editor.dll.mvfrm
[ 781/1120  0s] Csc Library/Bee/artifacts/1900b0aE.dag/Unity.CollabProxy.Editor.dll (+2 others) [CacheHit 08687a4d443bd78c3ed1215278bdf07600000000000000000000000000000006]
[ 834/1120  0s] Csc Library/Bee/artifacts/1900b0aE.dag/Unity.CollabProxy.Editor.dll (+2 others)
[ 782/1120  0s] Csc Library/Bee/artifacts/1900b0aE.dag/Unity.PlasticSCM.Editor.Assistant.dll (+2 others) [CacheHit cee4d48fe5680c57d4c9a75c939d67ac00000000000000000000000000000006]
[ 836/1120  0s] Csc Library/Bee/artifacts/1900b0aE.dag/Unity.PlasticSCM.Editor.Assistant.dll (+2 others)
[ 783/1120  0s] Csc Library/Bee/artifacts/1900b0aE.dag/Unity.2D.Common.Editor.dll (+2 others) [CacheHit 5fc495a0b60f99f86781efe3d8f6d3e300000000000000000000000000000006]
[ 838/1120  0s] Csc Library/Bee/artifacts/1900b0aE.dag/Unity.2D.Common.Editor.dll (+2 others)
[ 840/1120  0s] MovedFromExtractor-Combine Library/Bee/artifacts/1900b0aE.dag/Unity.VisualScripting.DocCodeExamples.dll.mvfrm
[ 785/1120  0s] Csc Library/Bee/artifacts/1900b0aE.dag/Unity.2D.Triangulation.Runtime.dll (+2 others) [CacheHit ac0d0b1fdb8b40af50636b87df85ac8000000000000000000000000000000006]
[ 841/1120  0s] Csc Library/Bee/artifacts/1900b0aE.dag/Unity.2D.Triangulation.Runtime.dll (+2 others)
[ 786/1120  0s] Csc Library/Bee/artifacts/1900b0aE.dag/Unity.VisualScripting.State.dll (+2 others) [CacheHit 71d9337a66fa3b609fb98bd83f60b72800000000000000000000000000000006]
[ 843/1120  0s] Csc Library/Bee/artifacts/1900b0aE.dag/Unity.VisualScripting.State.dll (+2 others)
[ 787/1120  0s] Csc Library/Bee/artifacts/1900b0aE.dag/Unity.2D.SpriteShape.Runtime.dll (+2 others) [CacheHit 163d8bc5038bdc6e442b97cc2d9907a700000000000000000000000000000006]
[ 845/1120  0s] Csc Library/Bee/artifacts/1900b0aE.dag/Unity.2D.SpriteShape.Runtime.dll (+2 others)
[ 788/1120  0s] Csc Library/Bee/artifacts/1900b0aE.dag/Unity.RenderPipelines.Core.Runtime.Shared.dll (+2 others) [CacheHit b5229b356d8c325b21a4a09a4b22c99100000000000000000000000000000006]
[ 847/1120  0s] Csc Library/Bee/artifacts/1900b0aE.dag/Unity.RenderPipelines.Core.Runtime.Shared.dll (+2 others)
[ 789/1120  0s] Csc Library/Bee/artifacts/1900b0aE.dag/Unity.RenderPipelines.GPUDriven.Runtime.dll (+2 others) [CacheHit 9c5c2e51f3ee3591bfe730c7d217a33800000000000000000000000000000006]
[ 849/1120  0s] Csc Library/Bee/artifacts/1900b0aE.dag/Unity.RenderPipelines.GPUDriven.Runtime.dll (+2 others)
[ 790/1120  0s] Csc Library/Bee/artifacts/1900b0aE.dag/Unity.TextMeshPro.Editor.dll (+2 others) [CacheHit 0a8e993369091e6e83e8998087e1e72700000000000000000000000000000006]
[ 851/1120  0s] Csc Library/Bee/artifacts/1900b0aE.dag/Unity.TextMeshPro.Editor.dll (+2 others)
[ 791/1120  0s] Csc Library/Bee/artifacts/1900b0aE.dag/Unity.RenderPipelines.Universal.Config.Runtime.dll (+2 others) [CacheHit 1f8e2e2d8bddc77d8ff4a70199cca77900000000000000000000000000000006]
[ 853/1120  0s] Csc Library/Bee/artifacts/1900b0aE.dag/Unity.RenderPipelines.Universal.Config.Runtime.dll (+2 others)
[ 792/1120  0s] Csc Library/Bee/artifacts/1900b0aE.dag/Unity.PlasticSCM.Editor.Entities.dll (+2 others) [CacheHit 4a41c8901509c72944e2a93a99b22e9900000000000000000000000000000006]
[ 855/1120  0s] Csc Library/Bee/artifacts/1900b0aE.dag/Unity.PlasticSCM.Editor.Entities.dll (+2 others)
[ 793/1120  0s] Csc Library/Bee/artifacts/1900b0aE.dag/Unity.VisualScripting.Flow.Editor.dll (+2 others) [CacheHit 4337d2005b5833ca31ee324fb79535cd00000000000000000000000000000006]
[ 857/1120  0s] Csc Library/Bee/artifacts/1900b0aE.dag/Unity.VisualScripting.Flow.Editor.dll (+2 others)
[ 794/1120  0s] Csc Library/Bee/artifacts/1900b0aE.dag/Unity.PathTracing.Runtime.dll (+2 others) [CacheHit 99992718c1981785e1b9fcc49c9a9be600000000000000000000000000000006]
[ 859/1120  0s] Csc Library/Bee/artifacts/1900b0aE.dag/Unity.PathTracing.Runtime.dll (+2 others)
[ 795/1120  0s] Csc Library/Bee/artifacts/1900b0aE.dag/ScriptablePacker.dll (+2 others) [CacheHit 4d77f2a4770e0f383fba3ed0f863168300000000000000000000000000000006]
[ 861/1120  0s] Csc Library/Bee/artifacts/1900b0aE.dag/ScriptablePacker.dll (+2 others)
[ 796/1120  0s] Csc Library/Bee/artifacts/1900b0aE.dag/Unity.RenderPipeline.Universal.ShaderLibrary.dll (+2 others) [CacheHit e8363d47e4a460253f450249a430b67400000000000000000000000000000006]
[ 863/1120  0s] Csc Library/Bee/artifacts/1900b0aE.dag/Unity.RenderPipeline.Universal.ShaderLibrary.dll (+2 others)
[ 797/1120  0s] Csc Library/Bee/artifacts/1900b0aE.dag/Unity.VisualScripting.DocCodeExamples.dll (+2 others) [CacheHit 4036d453d73c43fb16ab39a61132c45600000000000000000000000000000006]
[ 865/1120  0s] Csc Library/Bee/artifacts/1900b0aE.dag/Unity.VisualScripting.DocCodeExamples.dll (+2 others)
[ 867/1120  0s] MovedFromExtractor Library/Bee/artifacts/mvdfrm/Unity.VisualScripting.State.ref.dll_D91762B7076BE462.mvfrm
[ 868/1120  0s] MovedFromExtractor Library/Bee/artifacts/mvdfrm/Unity.2D.Common.Editor.ref.dll_BD59A5CBF9D52B22.mvfrm
[ 869/1120  0s] MovedFromExtractor Library/Bee/artifacts/mvdfrm/Unity.2D.Triangulation.Runtime.ref.dll_8B997CFE6C11A6CB.mvfrm
[ 870/1120  0s] MovedFromExtractor Library/Bee/artifacts/mvdfrm/Unity.2D.SpriteShape.Runtime.ref.dll_BCD600250821B9C8.mvfrm
[ 871/1120  0s] MovedFromExtractor Library/Bee/artifacts/mvdfrm/Unity.RenderPipelines.Core.Runtime.Shared.ref.dll_547B576A1A56EABF.mvfrm
[ 872/1120  0s] MovedFromExtractor Library/Bee/artifacts/mvdfrm/Unity.RenderPipelines.Universal.Config.Runtime.ref.dll_5D92000A132D4840.mvfrm
[ 873/1120  0s] MovedFromExtractor Library/Bee/artifacts/mvdfrm/Unity.PathTracing.Runtime.ref.dll_A3836DD8411AE5EF.mvfrm
[ 874/1120  0s] MovedFromExtractor Library/Bee/artifacts/mvdfrm/Unity.VisualScripting.Flow.Editor.ref.dll_6AF951BE66A4493E.mvfrm
[ 875/1120  0s] MovedFromExtractor Library/Bee/artifacts/mvdfrm/Unity.RenderPipelines.GPUDriven.Runtime.ref.dll_94F5458D7254E99F.mvfrm
[ 876/1120  0s] MovedFromExtractor Library/Bee/artifacts/mvdfrm/Unity.RenderPipeline.Universal.ShaderLibrary.ref.dll_5436F99F8BDCED8B.mvfrm
[ 877/1120  0s] ILPP-Configuration Library/ilpp-configuration.nevergeneratedoutput
[ 878/1120  0s] MovedFromExtractor-Combine Library/Bee/artifacts/1900b0aE.dag/Unity.2D.SpriteShape.Editor.dll.mvfrm
[ 879/1120  0s] MovedFromExtractor-Combine Library/Bee/artifacts/1900b0aE.dag/Unity.PathTracing.Editor.dll.mvfrm
[ 880/1120  0s] MovedFromExtractor-Combine Library/Bee/artifacts/1900b0aE.dag/Unity.VisualScripting.State.Editor.dll.mvfrm
[ 881/1120  0s] MovedFromExtractor-Combine Library/Bee/artifacts/1900b0aE.dag/Unity.VisualScripting.SettingsProvider.Editor.dll.mvfrm
[ 882/1120  0s] MovedFromExtractor-Combine Library/Bee/artifacts/1900b0aE.dag/Unity.SurfaceCache.Runtime.dll.mvfrm
[ 883/1120  0s] ILPostProcess Library/Bee/artifacts/1900b0aE.dag/post-processed/Unity.InternalAPIEngineBridge.001.dll (+pdb)
Processing assembly Library/Bee/artifacts/1900b0aE.dag/Unity.InternalAPIEngineBridge.001.dll, with 142 defines and 296 references

processors: Unity.Jobs.CodeGen.JobsILPostProcessor, zzzUnity.Burst.CodeGen.BurstILPostProcessor

running Unity.Jobs.CodeGen.JobsILPostProcessor

running zzzUnity.Burst.CodeGen.BurstILPostProcessor
[ 884/1120  0s] ILPostProcess Library/Bee/artifacts/1900b0aE.dag/post-processed/Unity.Mathematics.dll (+pdb)
Processing assembly Library/Bee/artifacts/1900b0aE.dag/Unity.Mathematics.dll, with 142 defines and 296 references

processors: Unity.Jobs.CodeGen.JobsILPostProcessor, zzzUnity.Burst.CodeGen.BurstILPostProcessor

running Unity.Jobs.CodeGen.JobsILPostProcessor

running zzzUnity.Burst.CodeGen.BurstILPostProcessor
[ 814/1120  0s] Csc Library/Bee/artifacts/1900b0aE.dag/Unity.2D.SpriteShape.Editor.dll (+2 others) [CacheHit bf07931421c7cc2bc862b59b97d8c0f200000000000000000000000000000006]
[ 885/1120  0s] Csc Library/Bee/artifacts/1900b0aE.dag/Unity.2D.SpriteShape.Editor.dll (+2 others)
[ 817/1120  0s] Csc Library/Bee/artifacts/1900b0aE.dag/Unity.VisualScripting.State.Editor.dll (+2 others) [CacheHit cc9dfe69c869b505151e9d8bbd51adfc00000000000000000000000000000006]
[ 887/1120  0s] Csc Library/Bee/artifacts/1900b0aE.dag/Unity.VisualScripting.State.Editor.dll (+2 others)
[ 818/1120  0s] Csc Library/Bee/artifacts/1900b0aE.dag/Unity.VisualScripting.SettingsProvider.Editor.dll (+2 others) [CacheHit 73d4487f559a6267bb006a041a2dd07500000000000000000000000000000006]
[ 889/1120  0s] Csc Library/Bee/artifacts/1900b0aE.dag/Unity.VisualScripting.SettingsProvider.Editor.dll (+2 others)
[ 819/1120  0s] Csc Library/Bee/artifacts/1900b0aE.dag/Unity.PathTracing.Editor.dll (+2 others) [CacheHit 7b29ff3fbdb9837e2d70412204b3a50900000000000000000000000000000006]
[ 891/1120  0s] Csc Library/Bee/artifacts/1900b0aE.dag/Unity.PathTracing.Editor.dll (+2 others)
[ 893/1120  0s] ILPostProcess Library/Bee/artifacts/1900b0aE.dag/post-processed/Unity.PerformanceTesting.dll (+pdb)
Processing assembly Library/Bee/artifacts/1900b0aE.dag/Unity.PerformanceTesting.dll, with 143 defines and 281 references

processors: Unity.Jobs.CodeGen.JobsILPostProcessor, zzzUnity.Burst.CodeGen.BurstILPostProcessor

running Unity.Jobs.CodeGen.JobsILPostProcessor

running zzzUnity.Burst.CodeGen.BurstILPostProcessor
[ 820/1120  0s] Csc Library/Bee/artifacts/1900b0aE.dag/Unity.SurfaceCache.Runtime.dll (+2 others) [CacheHit f935a056583de2333ea95d73b195838100000000000000000000000000000006]
[ 894/1120  0s] Csc Library/Bee/artifacts/1900b0aE.dag/Unity.SurfaceCache.Runtime.dll (+2 others)
[ 896/1120  0s] ILPostProcess Library/Bee/artifacts/1900b0aE.dag/post-processed/Unity.RenderPipeline.Universal.ShaderLibrary.dll (+pdb)
Processing assembly Library/Bee/artifacts/1900b0aE.dag/Unity.RenderPipeline.Universal.ShaderLibrary.dll, with 142 defines and 297 references

processors: Unity.Jobs.CodeGen.JobsILPostProcessor, zzzUnity.Burst.CodeGen.BurstILPostProcessor

running Unity.Jobs.CodeGen.JobsILPostProcessor

running zzzUnity.Burst.CodeGen.BurstILPostProcessor
[ 897/1120  0s] ILPostProcess Library/Bee/artifacts/1900b0aE.dag/post-processed/Unity.InputSystem.ForUI.dll (+pdb)
Processing assembly Library/Bee/artifacts/1900b0aE.dag/Unity.InputSystem.ForUI.dll, with 142 defines and 297 references

processors: Unity.Jobs.CodeGen.JobsILPostProcessor, zzzUnity.Burst.CodeGen.BurstILPostProcessor

running Unity.Jobs.CodeGen.JobsILPostProcessor

running zzzUnity.Burst.CodeGen.BurstILPostProcessor
[ 898/1120  0s] ILPostProcess Library/Bee/artifacts/1900b0aE.dag/post-processed/Unity.VisualScripting.Core.dll (+pdb)
Processing assembly Library/Bee/artifacts/1900b0aE.dag/Unity.VisualScripting.Core.dll, with 147 defines and 297 references

processors: Unity.Jobs.CodeGen.JobsILPostProcessor, zzzUnity.Burst.CodeGen.BurstILPostProcessor

running Unity.Jobs.CodeGen.JobsILPostProcessor

running zzzUnity.Burst.CodeGen.BurstILPostProcessor
[ 899/1120  0s] ILPostProcess Library/Bee/artifacts/1900b0aE.dag/post-processed/Unity.VisualScripting.DocCodeExamples.dll (+pdb)
Processing assembly Library/Bee/artifacts/1900b0aE.dag/Unity.VisualScripting.DocCodeExamples.dll, with 142 defines and 284 references

processors: Unity.Jobs.CodeGen.JobsILPostProcessor, zzzUnity.Burst.CodeGen.BurstILPostProcessor

running Unity.Jobs.CodeGen.JobsILPostProcessor

running zzzUnity.Burst.CodeGen.BurstILPostProcessor
[ 900/1120  0s] ILPostProcess Library/Bee/artifacts/1900b0aE.dag/post-processed/Unity.Multiplayer.Center.Common.dll (+pdb)
Processing assembly Library/Bee/artifacts/1900b0aE.dag/Unity.Multiplayer.Center.Common.dll, with 142 defines and 296 references

processors: Unity.Jobs.CodeGen.JobsILPostProcessor, zzzUnity.Burst.CodeGen.BurstILPostProcessor

running Unity.Jobs.CodeGen.JobsILPostProcessor

running zzzUnity.Burst.CodeGen.BurstILPostProcessor
[ 901/1120  0s] ILPostProcess Library/Bee/artifacts/1900b0aE.dag/post-processed/Unity.InputSystem.TestFramework.dll (+pdb)
Processing assembly Library/Bee/artifacts/1900b0aE.dag/Unity.InputSystem.TestFramework.dll, with 143 defines and 283 references

processors: Unity.Jobs.CodeGen.JobsILPostProcessor, zzzUnity.Burst.CodeGen.BurstILPostProcessor

running Unity.Jobs.CodeGen.JobsILPostProcessor

running zzzUnity.Burst.CodeGen.BurstILPostProcessor
[ 902/1120  0s] MovedFromExtractor Library/Bee/artifacts/mvdfrm/Unity.SurfaceCache.Runtime.ref.dll_1F80B23B2A61B75D.mvfrm
[ 903/1120  0s] MovedFromExtractor Library/Bee/artifacts/mvdfrm/Unity.VisualScripting.State.Editor.ref.dll_E03858E727F23F6F.mvfrm
[ 904/1120  0s] ILPostProcess Library/Bee/artifacts/1900b0aE.dag/post-processed/Unity.VisualScripting.State.dll (+pdb)
Processing assembly Library/Bee/artifacts/1900b0aE.dag/Unity.VisualScripting.State.dll, with 142 defines and 298 references

processors: Unity.Jobs.CodeGen.JobsILPostProcessor, zzzUnity.Burst.CodeGen.BurstILPostProcessor

running Unity.Jobs.CodeGen.JobsILPostProcessor

running zzzUnity.Burst.CodeGen.BurstILPostProcessor
[ 905/1120  0s] ILPostProcess Library/Bee/artifacts/1900b0aE.dag/post-processed/Unity.Timeline.dll (+pdb)
Processing assembly Library/Bee/artifacts/1900b0aE.dag/Unity.Timeline.dll, with 143 defines and 296 references

processors: Unity.Jobs.CodeGen.JobsILPostProcessor, zzzUnity.Burst.CodeGen.BurstILPostProcessor

running Unity.Jobs.CodeGen.JobsILPostProcessor

running zzzUnity.Burst.CodeGen.BurstILPostProcessor
[ 906/1120  0s] MovedFromExtractor Library/Bee/artifacts/mvdfrm/Unity.PathTracing.Editor.ref.dll_D122108C09459E7C.mvfrm
[ 907/1120  0s] ILPostProcess Library/Bee/artifacts/1900b0aE.dag/post-processed/Unity.RenderPipelines.Universal.Shaders.dll (+pdb)
Processing assembly Library/Bee/artifacts/1900b0aE.dag/Unity.RenderPipelines.Universal.Shaders.dll, with 142 defines and 296 references

processors: Unity.Jobs.CodeGen.JobsILPostProcessor, zzzUnity.Burst.CodeGen.BurstILPostProcessor

running Unity.Jobs.CodeGen.JobsILPostProcessor

running zzzUnity.Burst.CodeGen.BurstILPostProcessor
[ 908/1120  0s] ILPostProcess Library/Bee/artifacts/1900b0aE.dag/post-processed/Unity.InternalAPIEngineBridge.004.dll (+pdb)
Processing assembly Library/Bee/artifacts/1900b0aE.dag/Unity.InternalAPIEngineBridge.004.dll, with 142 defines and 296 references

processors: Unity.Jobs.CodeGen.JobsILPostProcessor, zzzUnity.Burst.CodeGen.BurstILPostProcessor

running Unity.Jobs.CodeGen.JobsILPostProcessor

running zzzUnity.Burst.CodeGen.BurstILPostProcessor
[ 909/1120  0s] ILPostProcess Library/Bee/artifacts/1900b0aE.dag/post-processed/Unity.TextMeshPro.dll (+pdb)
Processing assembly Library/Bee/artifacts/1900b0aE.dag/Unity.TextMeshPro.dll, with 143 defines and 297 references

processors: Unity.Jobs.CodeGen.JobsILPostProcessor, zzzUnity.Burst.CodeGen.BurstILPostProcessor

running Unity.Jobs.CodeGen.JobsILPostProcessor

running zzzUnity.Burst.CodeGen.BurstILPostProcessor
[ 910/1120  0s] MovedFromExtractor-Combine Library/Bee/artifacts/1900b0aE.dag/Unity.RenderPipelines.Universal.Runtime.dll.mvfrm
[ 911/1120  0s] ILPostProcess Library/Bee/artifacts/1900b0aE.dag/post-processed/Unity.RenderPipelines.ShaderGraph.ShaderGraphLibrary.dll (+pdb)
Processing assembly Library/Bee/artifacts/1900b0aE.dag/Unity.RenderPipelines.ShaderGraph.ShaderGraphLibrary.dll, with 142 defines and 296 references

processors: Unity.Jobs.CodeGen.JobsILPostProcessor, zzzUnity.Burst.CodeGen.BurstILPostProcessor

running Unity.Jobs.CodeGen.JobsILPostProcessor

running zzzUnity.Burst.CodeGen.BurstILPostProcessor
[ 912/1120  0s] MovedFromExtractor-Combine Library/Bee/artifacts/1900b0aE.dag/Unity.VisualScripting.Shared.Editor.dll.mvfrm
[ 913/1120  0s] MovedFromExtractor-Combine Library/Bee/artifacts/1900b0aE.dag/Unity.RenderPipelines.Core.Editor.dll.mvfrm
[ 914/1120  0s] ILPostProcess Library/Bee/artifacts/1900b0aE.dag/post-processed/Unity.VisualScripting.Flow.dll (+pdb)
Processing assembly Library/Bee/artifacts/1900b0aE.dag/Unity.VisualScripting.Flow.dll, with 150 defines and 298 references

processors: Unity.Jobs.CodeGen.JobsILPostProcessor, zzzUnity.Burst.CodeGen.BurstILPostProcessor

running Unity.Jobs.CodeGen.JobsILPostProcessor

running zzzUnity.Burst.CodeGen.BurstILPostProcessor
[ 915/1120  0s] ILPostProcess Library/Bee/artifacts/1900b0aE.dag/post-processed/Unity.InputSystem.dll (+pdb)
Processing assembly Library/Bee/artifacts/1900b0aE.dag/Unity.InputSystem.dll, with 154 defines and 296 references

processors: Unity.Jobs.CodeGen.JobsILPostProcessor, zzzUnity.Burst.CodeGen.BurstILPostProcessor

running Unity.Jobs.CodeGen.JobsILPostProcessor

running zzzUnity.Burst.CodeGen.BurstILPostProcessor
[ 841/1120  0s] Csc Library/Bee/artifacts/1900b0aE.dag/Unity.RenderPipelines.Universal.Runtime.dll (+2 others) [CacheHit b06100b6bcc2ff2e596c1f653bdc1de000000000000000000000000000000006]
[ 916/1120  0s] Csc Library/Bee/artifacts/1900b0aE.dag/Unity.RenderPipelines.Universal.Runtime.dll (+2 others)
[ 918/1120  0s] ILPostProcess Library/Bee/artifacts/1900b0aE.dag/post-processed/Unity.SurfaceCache.Runtime.dll (+pdb)
Processing assembly Library/Bee/artifacts/1900b0aE.dag/Unity.SurfaceCache.Runtime.dll, with 142 defines and 300 references

processors: Unity.Jobs.CodeGen.JobsILPostProcessor, zzzUnity.Burst.CodeGen.BurstILPostProcessor

running Unity.Jobs.CodeGen.JobsILPostProcessor

running zzzUnity.Burst.CodeGen.BurstILPostProcessor
[ 843/1120  0s] Csc Library/Bee/artifacts/1900b0aE.dag/Unity.VisualScripting.Shared.Editor.dll (+2 others) [CacheHit 693813c02a003f704626cfee3a5c146500000000000000000000000000000006]
[ 919/1120  0s] Csc Library/Bee/artifacts/1900b0aE.dag/Unity.VisualScripting.Shared.Editor.dll (+2 others)
[ 844/1120  0s] Csc Library/Bee/artifacts/1900b0aE.dag/Unity.RenderPipelines.Core.Editor.dll (+2 others) [CacheHit a4ea28c16698ac27c8dc3c75e5947cd100000000000000000000000000000006]
[ 921/1120  0s] Csc Library/Bee/artifacts/1900b0aE.dag/Unity.RenderPipelines.Core.Editor.dll (+2 others)
[ 923/1120  0s] ILPostProcess Library/Bee/artifacts/1900b0aE.dag/post-processed/Unity.2D.Tilemap.Extras.dll (+pdb)
Processing assembly Library/Bee/artifacts/1900b0aE.dag/Unity.2D.Tilemap.Extras.dll, with 142 defines and 297 references

processors: Unity.Jobs.CodeGen.JobsILPostProcessor, zzzUnity.Burst.CodeGen.BurstILPostProcessor

running Unity.Jobs.CodeGen.JobsILPostProcessor

running zzzUnity.Burst.CodeGen.BurstILPostProcessor
[ 924/1120  0s] ILPostProcess Library/Bee/artifacts/1900b0aE.dag/post-processed/Unity.RenderPipelines.Core.ShaderLibrary.dll (+pdb)
Processing assembly Library/Bee/artifacts/1900b0aE.dag/Unity.RenderPipelines.Core.ShaderLibrary.dll, with 142 defines and 296 references

processors: Unity.Jobs.CodeGen.JobsILPostProcessor, zzzUnity.Burst.CodeGen.BurstILPostProcessor

running Unity.Jobs.CodeGen.JobsILPostProcessor

running zzzUnity.Burst.CodeGen.BurstILPostProcessor
[ 925/1120  0s] ILPostProcess Library/Bee/artifacts/1900b0aE.dag/post-processed/Unity.InternalAPIEngineBridge.RenderPipelines.Core.Runtime.Shared.dll (+pdb)
Processing assembly Library/Bee/artifacts/1900b0aE.dag/Unity.InternalAPIEngineBridge.RenderPipelines.Core.Runtime.Shared.dll, with 142 defines and 296 references

processors: Unity.Jobs.CodeGen.JobsILPostProcessor, zzzUnity.Burst.CodeGen.BurstILPostProcessor

running Unity.Jobs.CodeGen.JobsILPostProcessor

running zzzUnity.Burst.CodeGen.BurstILPostProcessor
[ 926/1120  0s] ILPostProcess Library/Bee/artifacts/1900b0aE.dag/post-processed/UnityEngine.UI.dll (+pdb)
Processing assembly Library/Bee/artifacts/1900b0aE.dag/UnityEngine.UI.dll, with 148 defines and 294 references

processors: Unity.Jobs.CodeGen.JobsILPostProcessor, zzzUnity.Burst.CodeGen.BurstILPostProcessor

running Unity.Jobs.CodeGen.JobsILPostProcessor

running zzzUnity.Burst.CodeGen.BurstILPostProcessor
[ 927/1120  0s] ILPostProcess Library/Bee/artifacts/1900b0aE.dag/post-processed/Unity.RenderPipelines.Universal.Config.Runtime.dll (+pdb)
Processing assembly Library/Bee/artifacts/1900b0aE.dag/Unity.RenderPipelines.Universal.Config.Runtime.dll, with 142 defines and 297 references

processors: Unity.Jobs.CodeGen.JobsILPostProcessor, zzzUnity.Burst.CodeGen.BurstILPostProcessor

running Unity.Jobs.CodeGen.JobsILPostProcessor

running zzzUnity.Burst.CodeGen.BurstILPostProcessor
[ 928/1120  0s] MovedFromExtractor Library/Bee/artifacts/mvdfrm/Unity.RenderPipelines.Universal.Runtime.ref.dll_5400A10AF7CC6BEA.mvfrm
[ 929/1120  0s] MovedFromExtractor Library/Bee/artifacts/mvdfrm/Unity.RenderPipelines.Core.Editor.ref.dll_46EB9B6930B27991.mvfrm
[ 930/1120  0s] ILPostProcess Library/Bee/artifacts/1900b0aE.dag/post-processed/Unity.InternalAPIEngineBridge.RenderPipelines.Core.Editor.dll (+pdb)
Processing assembly Library/Bee/artifacts/1900b0aE.dag/Unity.InternalAPIEngineBridge.RenderPipelines.Core.Editor.dll, with 140 defines and 305 references

processors: Unity.Jobs.CodeGen.JobsILPostProcessor, zzzUnity.Burst.CodeGen.BurstILPostProcessor

running Unity.Jobs.CodeGen.JobsILPostProcessor

running zzzUnity.Burst.CodeGen.BurstILPostProcessor
[ 931/1120  0s] MovedFromExtractor-Combine Library/Bee/artifacts/1900b0aE.dag/Unity.2D.Animation.Runtime.dll.mvfrm
[ 932/1120  0s] MovedFromExtractor-Combine Library/Bee/artifacts/1900b0aE.dag/Unity.ShaderGraph.Editor.dll.mvfrm
[ 856/1120  0s] Csc Library/Bee/artifacts/1900b0aE.dag/Unity.2D.Animation.Runtime.dll (+2 others) [CacheHit 713620dbc62dc374398f8e36c109727400000000000000000000000000000006]
[ 933/1120  0s] Csc Library/Bee/artifacts/1900b0aE.dag/Unity.2D.Animation.Runtime.dll (+2 others)
[ 935/1120  0s] MovedFromExtractor-Combine Library/Bee/artifacts/1900b0aE.dag/Unity.RenderPipelines.Core.Editor.Shared.dll.mvfrm
[ 936/1120  0s] MovedFromExtractor-Combine Library/Bee/artifacts/1900b0aE.dag/NaManMoo.Runtime.dll.mvfrm
[ 859/1120  0s] Csc Library/Bee/artifacts/1900b0aE.dag/Unity.RenderPipelines.Core.Editor.Shared.dll (+2 others) [CacheHit e918944194fda90e4d3f3250afbe546b00000000000000000000000000000006]
[ 937/1120  0s] Csc Library/Bee/artifacts/1900b0aE.dag/Unity.RenderPipelines.Core.Editor.Shared.dll (+2 others)
[ 860/1120  0s] Csc Library/Bee/artifacts/1900b0aE.dag/Unity.ShaderGraph.Editor.dll (+2 others) [CacheHit 51e462021935b12c620569db6c67c3be00000000000000000000000000000006]
[ 939/1120  0s] Csc Library/Bee/artifacts/1900b0aE.dag/Unity.ShaderGraph.Editor.dll (+2 others)
[ 941/1120  0s] MovedFromExtractor Library/Bee/artifacts/mvdfrm/Unity.2D.Animation.Runtime.ref.dll_6747672A37E369F0.mvfrm
[ 942/1120  0s] MovedFromExtractor-Combine Library/Bee/artifacts/1900b0aE.dag/Unity.RenderPipelines.Universal.2D.Runtime.dll.mvfrm
[ 943/1120  0s] MovedFromExtractor Library/Bee/artifacts/mvdfrm/Unity.ShaderGraph.Editor.ref.dll_0F50152946DB09D0.mvfrm
[ 864/1120  0s] Csc Library/Bee/artifacts/1900b0aE.dag/Unity.RenderPipelines.Universal.2D.Runtime.dll (+2 others) [CacheHit d26c811f09fe00d795817aac9bbb9bb200000000000000000000000000000006]
[ 944/1120  0s] Csc Library/Bee/artifacts/1900b0aE.dag/Unity.RenderPipelines.Universal.2D.Runtime.dll (+2 others)
[ 946/1120  0s] MovedFromExtractor-Combine Library/Bee/artifacts/1900b0aE.dag/Unity.2D.Animation.Editor.dll.mvfrm
[ 947/1120  0s] Csc Library/Bee/artifacts/1900b0aE.dag/NaManMoo.Runtime.dll (+2 others)
[ 867/1120  0s] Csc Library/Bee/artifacts/1900b0aE.dag/Unity.2D.Animation.Editor.dll (+2 others) [CacheHit 2fc96b64f0a95281f5a0266c91d6d9ba00000000000000000000000000000006]
[ 948/1120  0s] Csc Library/Bee/artifacts/1900b0aE.dag/Unity.2D.Animation.Editor.dll (+2 others)
[ 950/1120  0s] MovedFromExtractor Library/Bee/artifacts/mvdfrm/Unity.RenderPipelines.Universal.2D.Runtime.ref.dll_D60199621A6AEC70.mvfrm
[ 951/1120  0s] MovedFromExtractor-Combine Library/Bee/artifacts/1900b0aE.dag/Unity.2D.IK.Runtime.dll.mvfrm
[ 952/1120  0s] MovedFromExtractor-Combine Library/Bee/artifacts/1900b0aE.dag/NaManMoo.Editor.dll.mvfrm
[ 953/1120  0s] MovedFromExtractor Library/Bee/artifacts/mvdfrm/Unity.2D.Animation.Editor.ref.dll_A13BD6459BB26E0B.mvfrm
[ 873/1120  0s] Csc Library/Bee/artifacts/1900b0aE.dag/Unity.2D.IK.Runtime.dll (+2 others) [CacheHit 2fd3712820df30f17e56b13bcc294ecd00000000000000000000000000000006]
[ 955/1120  0s] Csc Library/Bee/artifacts/1900b0aE.dag/Unity.2D.IK.Runtime.dll (+2 others)
[ 957/1120  0s] MovedFromExtractor-Combine Library/Bee/artifacts/1900b0aE.dag/Unity.2D.Psdimporter.Editor.dll.mvfrm
[ 958/1120  0s] MovedFromExtractor Library/Bee/artifacts/mvdfrm/Unity.RenderPipelines.Core.Editor.Shared.ref.dll_FAA396FB17B8C1A8.mvfrm
[ 959/1120  0s] MovedFromExtractor Library/Bee/artifacts/mvdfrm/Unity.2D.IK.Runtime.ref.dll_16F22BA31A1D34C0.mvfrm
[ 960/1120  1s] ILPostProcess Library/Bee/artifacts/1900b0aE.dag/post-processed/Unity.Burst.dll (+pdb)
Processing assembly Library/Bee/artifacts/1900b0aE.dag/Unity.Burst.dll, with 142 defines and 283 references

processors: Unity.Jobs.CodeGen.JobsILPostProcessor, zzzUnity.Burst.CodeGen.BurstILPostProcessor

running Unity.Jobs.CodeGen.JobsILPostProcessor

running zzzUnity.Burst.CodeGen.BurstILPostProcessor
[ 961/1120  1s] ILPostProcess Library/Bee/artifacts/1900b0aE.dag/post-processed/Unity.2D.SpriteShape.Runtime.dll (+pdb)
Processing assembly Library/Bee/artifacts/1900b0aE.dag/Unity.2D.SpriteShape.Runtime.dll, with 143 defines and 300 references

processors: Unity.Jobs.CodeGen.JobsILPostProcessor, zzzUnity.Burst.CodeGen.BurstILPostProcessor

running Unity.Jobs.CodeGen.JobsILPostProcessor

running zzzUnity.Burst.CodeGen.BurstILPostProcessor
[ 962/1120  0s] ILPostProcess Library/Bee/artifacts/1900b0aE.dag/post-processed/Unity.RenderPipelines.Universal.Runtime.dll (+pdb)
Processing assembly Library/Bee/artifacts/1900b0aE.dag/Unity.RenderPipelines.Universal.Runtime.dll, with 149 defines and 306 references

processors: Unity.Jobs.CodeGen.JobsILPostProcessor, zzzUnity.Burst.CodeGen.BurstILPostProcessor

running Unity.Jobs.CodeGen.JobsILPostProcessor

running zzzUnity.Burst.CodeGen.BurstILPostProcessor
[ 965/1120  1s] ILPostProcess Library/Bee/artifacts/1900b0aE.dag/post-processed/Unity.RenderPipelines.Core.Runtime.Shared.dll (+pdb)
Processing assembly Library/Bee/artifacts/1900b0aE.dag/Unity.RenderPipelines.Core.Runtime.Shared.dll, with 142 defines and 299 references

processors: Unity.Jobs.CodeGen.JobsILPostProcessor, zzzUnity.Burst.CodeGen.BurstILPostProcessor

running Unity.Jobs.CodeGen.JobsILPostProcessor

running zzzUnity.Burst.CodeGen.BurstILPostProcessor
[ 966/1120  1s] ILPostProcess Library/Bee/artifacts/1900b0aE.dag/post-processed/Unity.Collections.Editor.dll (+pdb)
Processing assembly Library/Bee/artifacts/1900b0aE.dag/Unity.Collections.Editor.dll, with 141 defines and 306 references

processors: Unity.Jobs.CodeGen.JobsILPostProcessor, zzzUnity.Burst.CodeGen.BurstILPostProcessor

running Unity.Jobs.CodeGen.JobsILPostProcessor

running zzzUnity.Burst.CodeGen.BurstILPostProcessor
[ 967/1120  1s] ILPostProcess Library/Bee/artifacts/1900b0aE.dag/post-processed/Unity.2D.Common.Runtime.dll (+pdb)
Processing assembly Library/Bee/artifacts/1900b0aE.dag/Unity.2D.Common.Runtime.dll, with 142 defines and 299 references

processors: Unity.Jobs.CodeGen.JobsILPostProcessor, zzzUnity.Burst.CodeGen.BurstILPostProcessor

running Unity.Jobs.CodeGen.JobsILPostProcessor

running zzzUnity.Burst.CodeGen.BurstILPostProcessor
[ 968/1120  0s] MovedFromExtractor-Combine Library/Bee/artifacts/1900b0aE.dag/Unity.RenderPipelines.Universal.2D.Editor.Overrides.dll.mvfrm
[ 969/1120  0s] MovedFromExtractor-Combine Library/Bee/artifacts/1900b0aE.dag/Unity.2D.Aseprite.Editor.dll.mvfrm
[ 970/1120  0s] ILPostProcess Library/Bee/artifacts/1900b0aE.dag/post-processed/Unity.VisualScripting.Shared.Editor.dll (+pdb)
Processing assembly Library/Bee/artifacts/1900b0aE.dag/Unity.VisualScripting.Shared.Editor.dll, with 140 defines and 311 references

processors: Unity.Jobs.CodeGen.JobsILPostProcessor, zzzUnity.Burst.CodeGen.BurstILPostProcessor

running Unity.Jobs.CodeGen.JobsILPostProcessor

running zzzUnity.Burst.CodeGen.BurstILPostProcessor
[ 971/1120  0s] MovedFromExtractor-Combine Library/Bee/artifacts/1900b0aE.dag/Unity.2D.IK.Editor.dll.mvfrm
[ 972/1120  0s] ILPostProcess Library/Bee/artifacts/1900b0aE.dag/post-processed/Unity.TextMeshPro.Editor.dll (+pdb)
Processing assembly Library/Bee/artifacts/1900b0aE.dag/Unity.TextMeshPro.Editor.dll, with 140 defines and 307 references

processors: Unity.Jobs.CodeGen.JobsILPostProcessor, zzzUnity.Burst.CodeGen.BurstILPostProcessor

running Unity.Jobs.CodeGen.JobsILPostProcessor

running zzzUnity.Burst.CodeGen.BurstILPostProcessor
[ 889/1120  0s] Csc Library/Bee/artifacts/1900b0aE.dag/Unity.2D.Psdimporter.Editor.dll (+2 others) [CacheHit f853006e9f4427f392b8bb51a3b7ffb100000000000000000000000000000006]
[ 973/1120  0s] Csc Library/Bee/artifacts/1900b0aE.dag/Unity.2D.Psdimporter.Editor.dll (+2 others)
[ 975/1120  0s] ILPostProcess Library/Bee/artifacts/1900b0aE.dag/post-processed/NaManMoo.PlayModeTests.dll (+pdb)
Processing assembly Library/Bee/artifacts/1900b0aE.dag/NaManMoo.PlayModeTests.dll, with 142 defines and 284 references

processors: Unity.Jobs.CodeGen.JobsILPostProcessor, zzzUnity.Burst.CodeGen.BurstILPostProcessor

running Unity.Jobs.CodeGen.JobsILPostProcessor

running zzzUnity.Burst.CodeGen.BurstILPostProcessor
[ 891/1120  0s] Csc Library/Bee/artifacts/1900b0aE.dag/Unity.2D.Aseprite.Editor.dll (+2 others) [CacheHit 1de4ad0fd59bbf1d41db5082402b999300000000000000000000000000000006]
[ 976/1120  0s] Csc Library/Bee/artifacts/1900b0aE.dag/Unity.2D.Aseprite.Editor.dll (+2 others)
[ 892/1120  0s] Csc Library/Bee/artifacts/1900b0aE.dag/Unity.RenderPipelines.Universal.2D.Editor.Overrides.dll (+2 others) [CacheHit 9f18e11012413d72b560ca8283e3e59a00000000000000000000000000000006]
[ 978/1120  0s] Csc Library/Bee/artifacts/1900b0aE.dag/Unity.RenderPipelines.Universal.2D.Editor.Overrides.dll (+2 others)
[ 980/1120  0s] MovedFromExtractor-Combine Library/Bee/artifacts/1900b0aE.dag/Unity.RenderPipelines.Universal.Editor.dll.mvfrm
[ 895/1120  0s] Csc Library/Bee/artifacts/1900b0aE.dag/Unity.2D.IK.Editor.dll (+2 others) [CacheHit c61851caa1d49bd1626e3fee1f0c3b5e00000000000000000000000000000006]
[ 981/1120  0s] Csc Library/Bee/artifacts/1900b0aE.dag/Unity.2D.IK.Editor.dll (+2 others)
[ 983/1120  0s] ILPostProcess Library/Bee/artifacts/1900b0aE.dag/post-processed/NaManMoo.Runtime.dll (+pdb)
Processing assembly Library/Bee/artifacts/1900b0aE.dag/NaManMoo.Runtime.dll, with 142 defines and 298 references

processors: Unity.Jobs.CodeGen.JobsILPostProcessor, zzzUnity.Burst.CodeGen.BurstILPostProcessor

running Unity.Jobs.CodeGen.JobsILPostProcessor

running zzzUnity.Burst.CodeGen.BurstILPostProcessor
[ 984/1120  1s] ILPostProcess Library/Bee/artifacts/1900b0aE.dag/post-processed/Unity.RenderPipelines.Core.Runtime.dll (+pdb)
Processing assembly Library/Bee/artifacts/1900b0aE.dag/Unity.RenderPipelines.Core.Runtime.dll, with 146 defines and 300 references

processors: Unity.Jobs.CodeGen.JobsILPostProcessor, zzzUnity.Burst.CodeGen.BurstILPostProcessor

running Unity.Jobs.CodeGen.JobsILPostProcessor

running zzzUnity.Burst.CodeGen.BurstILPostProcessor
[ 898/1120  0s] Csc Library/Bee/artifacts/1900b0aE.dag/Unity.RenderPipelines.Universal.Editor.dll (+2 others) [CacheHit 7c06df6aab58d65a767cb680ffe6478400000000000000000000000000000006]
[ 985/1120  0s] Csc Library/Bee/artifacts/1900b0aE.dag/Unity.RenderPipelines.Universal.Editor.dll (+2 others)
[ 987/1120  0s] ILPostProcess Library/Bee/artifacts/1900b0aE.dag/post-processed/NaManMoo.Editor.dll (+pdb)
Processing assembly Library/Bee/artifacts/1900b0aE.dag/NaManMoo.Editor.dll, with 140 defines and 308 references

processors: Unity.Jobs.CodeGen.JobsILPostProcessor, zzzUnity.Burst.CodeGen.BurstILPostProcessor

running Unity.Jobs.CodeGen.JobsILPostProcessor

running zzzUnity.Burst.CodeGen.BurstILPostProcessor
[ 988/1120  0s] ILPostProcess Library/Bee/artifacts/1900b0aE.dag/post-processed/NaManMoo.EditorTests.dll (+pdb)
Processing assembly Library/Bee/artifacts/1900b0aE.dag/NaManMoo.EditorTests.dll, with 140 defines and 295 references

processors: Unity.Jobs.CodeGen.JobsILPostProcessor, zzzUnity.Burst.CodeGen.BurstILPostProcessor

running Unity.Jobs.CodeGen.JobsILPostProcessor

running zzzUnity.Burst.CodeGen.BurstILPostProcessor
[ 989/1120  1s] ILPostProcess Library/Bee/artifacts/1900b0aE.dag/post-processed/Unity.PathTracing.Runtime.dll (+pdb)
Processing assembly Library/Bee/artifacts/1900b0aE.dag/Unity.PathTracing.Runtime.dll, with 143 defines and 300 references

processors: Unity.Jobs.CodeGen.JobsILPostProcessor, zzzUnity.Burst.CodeGen.BurstILPostProcessor

running Unity.Jobs.CodeGen.JobsILPostProcessor

running zzzUnity.Burst.CodeGen.BurstILPostProcessor
[ 990/1120  1s] ILPostProcess Library/Bee/artifacts/1900b0aE.dag/post-processed/Unity.UnifiedRayTracing.Runtime.dll (+pdb)
Processing assembly Library/Bee/artifacts/1900b0aE.dag/Unity.UnifiedRayTracing.Runtime.dll, with 143 defines and 299 references

processors: Unity.Jobs.CodeGen.JobsILPostProcessor, zzzUnity.Burst.CodeGen.BurstILPostProcessor

running Unity.Jobs.CodeGen.JobsILPostProcessor

running zzzUnity.Burst.CodeGen.BurstILPostProcessor
[ 991/1120  0s] ILPostProcess Library/Bee/artifacts/1900b0aE.dag/post-processed/Unity.2D.IK.Runtime.dll (+pdb)
Processing assembly Library/Bee/artifacts/1900b0aE.dag/Unity.2D.IK.Runtime.dll, with 142 defines and 300 references

processors: Unity.Jobs.CodeGen.JobsILPostProcessor, zzzUnity.Burst.CodeGen.BurstILPostProcessor

running Unity.Jobs.CodeGen.JobsILPostProcessor

running zzzUnity.Burst.CodeGen.BurstILPostProcessor
[ 992/1120  0s] ILPostProcess Library/Bee/artifacts/1900b0aE.dag/post-processed/Unity.2D.Tilemap.Extras.Editor.dll (+pdb)
Processing assembly Library/Bee/artifacts/1900b0aE.dag/Unity.2D.Tilemap.Extras.Editor.dll, with 140 defines and 307 references

processors: Unity.Jobs.CodeGen.JobsILPostProcessor, zzzUnity.Burst.CodeGen.BurstILPostProcessor

running Unity.Jobs.CodeGen.JobsILPostProcessor

running zzzUnity.Burst.CodeGen.BurstILPostProcessor
[ 993/1120  0s] ILPostProcess Library/Bee/artifacts/1900b0aE.dag/post-processed/Unity.2D.IK.Editor.dll (+pdb)
Processing assembly Library/Bee/artifacts/1900b0aE.dag/Unity.2D.IK.Editor.dll, with 140 defines and 312 references

processors: Unity.Jobs.CodeGen.JobsILPostProcessor, zzzUnity.Burst.CodeGen.BurstILPostProcessor

running Unity.Jobs.CodeGen.JobsILPostProcessor

running zzzUnity.Burst.CodeGen.BurstILPostProcessor
[ 994/1120  0s] ILPostProcess Library/Bee/artifacts/1900b0aE.dag/post-processed/Unity.VisualScripting.State.Editor.dll (+pdb)
Processing assembly Library/Bee/artifacts/1900b0aE.dag/Unity.VisualScripting.State.Editor.dll, with 140 defines and 310 references

processors: Unity.Jobs.CodeGen.JobsILPostProcessor, zzzUnity.Burst.CodeGen.BurstILPostProcessor

running Unity.Jobs.CodeGen.JobsILPostProcessor

running zzzUnity.Burst.CodeGen.BurstILPostProcessor
[ 995/1120  0s] ILPostProcess Library/Bee/artifacts/1900b0aE.dag/post-processed/Unity.2D.Psdimporter.Editor.dll (+pdb)
Processing assembly Library/Bee/artifacts/1900b0aE.dag/Unity.2D.Psdimporter.Editor.dll, with 142 defines and 315 references

processors: Unity.Jobs.CodeGen.JobsILPostProcessor, zzzUnity.Burst.CodeGen.BurstILPostProcessor

running Unity.Jobs.CodeGen.JobsILPostProcessor

running zzzUnity.Burst.CodeGen.BurstILPostProcessor
[ 996/1120  0s] ILPostProcess Library/Bee/artifacts/1900b0aE.dag/post-processed/Unity.RenderPipelines.Universal.2D.Runtime.dll (+pdb)
Processing assembly Library/Bee/artifacts/1900b0aE.dag/Unity.RenderPipelines.Universal.2D.Runtime.dll, with 148 defines and 304 references

processors: Unity.Jobs.CodeGen.JobsILPostProcessor, zzzUnity.Burst.CodeGen.BurstILPostProcessor

running Unity.Jobs.CodeGen.JobsILPostProcessor

running zzzUnity.Burst.CodeGen.BurstILPostProcessor
[ 997/1120  0s] ILPostProcess Library/Bee/artifacts/1900b0aE.dag/post-processed/Unity.ShaderGraph.Utilities.dll (+pdb)
Processing assembly Library/Bee/artifacts/1900b0aE.dag/Unity.ShaderGraph.Utilities.dll, with 140 defines and 305 references

processors: Unity.Jobs.CodeGen.JobsILPostProcessor, zzzUnity.Burst.CodeGen.BurstILPostProcessor

running Unity.Jobs.CodeGen.JobsILPostProcessor

running zzzUnity.Burst.CodeGen.BurstILPostProcessor
[ 998/1120  0s] ILPostProcess Library/Bee/artifacts/1900b0aE.dag/post-processed/Unity.2D.Sprite.Editor.dll (+pdb)
Processing assembly Library/Bee/artifacts/1900b0aE.dag/Unity.2D.Sprite.Editor.dll, with 140 defines and 305 references

processors: Unity.Jobs.CodeGen.JobsILPostProcessor, zzzUnity.Burst.CodeGen.BurstILPostProcessor

running Unity.Jobs.CodeGen.JobsILPostProcessor

running zzzUnity.Burst.CodeGen.BurstILPostProcessor
[ 999/1120  0s] ILPostProcess Library/Bee/artifacts/1900b0aE.dag/post-processed/Unity.Burst.Editor.dll (+pdb)
Processing assembly Library/Bee/artifacts/1900b0aE.dag/Unity.Burst.Editor.dll, with 140 defines and 306 references

processors: Unity.Jobs.CodeGen.JobsILPostProcessor, zzzUnity.Burst.CodeGen.BurstILPostProcessor

running Unity.Jobs.CodeGen.JobsILPostProcessor

running zzzUnity.Burst.CodeGen.BurstILPostProcessor
[1000/1120  0s] ILPostProcess Library/Bee/artifacts/1900b0aE.dag/post-processed/Unity.CollabProxy.Editor.dll (+pdb)
Processing assembly Library/Bee/artifacts/1900b0aE.dag/Unity.CollabProxy.Editor.dll, with 140 defines and 306 references

processors: Unity.Jobs.CodeGen.JobsILPostProcessor, zzzUnity.Burst.CodeGen.BurstILPostProcessor

running Unity.Jobs.CodeGen.JobsILPostProcessor

running zzzUnity.Burst.CodeGen.BurstILPostProcessor
[1001/1120  2s] ILPostProcess Library/Bee/artifacts/1900b0aE.dag/post-processed/Unity.RenderPipelines.GPUDriven.Runtime.dll (+pdb)
Processing assembly Library/Bee/artifacts/1900b0aE.dag/Unity.RenderPipelines.GPUDriven.Runtime.dll, with 142 defines and 300 references

processors: Unity.Jobs.CodeGen.JobsILPostProcessor, zzzUnity.Burst.CodeGen.BurstILPostProcessor

running Unity.Jobs.CodeGen.JobsILPostProcessor

running zzzUnity.Burst.CodeGen.BurstILPostProcessor
[1002/1120  0s] ILPostProcess Library/Bee/artifacts/1900b0aE.dag/post-processed/Unity.2D.Animation.Runtime.dll (+pdb)
Processing assembly Library/Bee/artifacts/1900b0aE.dag/Unity.2D.Animation.Runtime.dll, with 144 defines and 302 references

processors: Unity.Jobs.CodeGen.JobsILPostProcessor, zzzUnity.Burst.CodeGen.BurstILPostProcessor

running Unity.Jobs.CodeGen.JobsILPostProcessor

running zzzUnity.Burst.CodeGen.BurstILPostProcessor
[1003/1120  0s] ILPostProcess Library/Bee/artifacts/1900b0aE.dag/post-processed/Unity.2D.Aseprite.Common.dll (+pdb)
Processing assembly Library/Bee/artifacts/1900b0aE.dag/Unity.2D.Aseprite.Common.dll, with 140 defines and 308 references

processors: Unity.Jobs.CodeGen.JobsILPostProcessor, zzzUnity.Burst.CodeGen.BurstILPostProcessor

running Unity.Jobs.CodeGen.JobsILPostProcessor

running zzzUnity.Burst.CodeGen.BurstILPostProcessor
[1004/1120  0s] ILPostProcess Library/Bee/artifacts/1900b0aE.dag/post-processed/UnityEditor.UI.dll (+pdb)
Processing assembly Library/Bee/artifacts/1900b0aE.dag/UnityEditor.UI.dll, with 143 defines and 304 references

processors: Unity.Jobs.CodeGen.JobsILPostProcessor, zzzUnity.Burst.CodeGen.BurstILPostProcessor

running Unity.Jobs.CodeGen.JobsILPostProcessor

running zzzUnity.Burst.CodeGen.BurstILPostProcessor
[1005/1120  0s] ILPostProcess Library/Bee/artifacts/1900b0aE.dag/post-processed/Unity.2D.Common.Editor.dll (+pdb)
Processing assembly Library/Bee/artifacts/1900b0aE.dag/Unity.2D.Common.Editor.dll, with 140 defines and 309 references

processors: Unity.Jobs.CodeGen.JobsILPostProcessor, zzzUnity.Burst.CodeGen.BurstILPostProcessor

running Unity.Jobs.CodeGen.JobsILPostProcessor

running zzzUnity.Burst.CodeGen.BurstILPostProcessor
[1006/1120  0s] ILPostProcess Library/Bee/artifacts/1900b0aE.dag/post-processed/Unity.2D.Triangulation.Runtime.dll (+pdb)
Processing assembly Library/Bee/artifacts/1900b0aE.dag/Unity.2D.Triangulation.Runtime.dll, with 140 defines and 295 references

processors: Unity.Jobs.CodeGen.JobsILPostProcessor, zzzUnity.Burst.CodeGen.BurstILPostProcessor

running Unity.Jobs.CodeGen.JobsILPostProcessor

running zzzUnity.Burst.CodeGen.BurstILPostProcessor
[1007/1120  0s] ILPostProcess Library/Bee/artifacts/1900b0aE.dag/post-processed/Unity.Rendering.LightTransport.Editor.dll (+pdb)
Processing assembly Library/Bee/artifacts/1900b0aE.dag/Unity.Rendering.LightTransport.Editor.dll, with 140 defines and 305 references

processors: Unity.Jobs.CodeGen.JobsILPostProcessor, zzzUnity.Burst.CodeGen.BurstILPostProcessor

running Unity.Jobs.CodeGen.JobsILPostProcessor

running zzzUnity.Burst.CodeGen.BurstILPostProcessor
[1008/1120  0s] ILPostProcess Library/Bee/artifacts/1900b0aE.dag/post-processed/Unity.PathTracing.Editor.dll (+pdb)
Processing assembly Library/Bee/artifacts/1900b0aE.dag/Unity.PathTracing.Editor.dll, with 141 defines and 309 references

processors: Unity.Jobs.CodeGen.JobsILPostProcessor, zzzUnity.Burst.CodeGen.BurstILPostProcessor

running Unity.Jobs.CodeGen.JobsILPostProcessor

running zzzUnity.Burst.CodeGen.BurstILPostProcessor
[1009/1120  0s] ILPostProcess Library/Bee/artifacts/1900b0aE.dag/post-processed/Unity.InternalAPIEditorBridge.001.dll (+pdb)
Processing assembly Library/Bee/artifacts/1900b0aE.dag/Unity.InternalAPIEditorBridge.001.dll, with 141 defines and 306 references

processors: Unity.Jobs.CodeGen.JobsILPostProcessor, zzzUnity.Burst.CodeGen.BurstILPostProcessor

running Unity.Jobs.CodeGen.JobsILPostProcessor

running zzzUnity.Burst.CodeGen.BurstILPostProcessor
[1010/1120  0s] ILPostProcess Library/Bee/artifacts/1900b0aE.dag/post-processed/Unity.Multiplayer.Center.Editor.dll (+pdb)
Processing assembly Library/Bee/artifacts/1900b0aE.dag/Unity.Multiplayer.Center.Editor.dll, with 140 defines and 306 references

processors: Unity.Jobs.CodeGen.JobsILPostProcessor, zzzUnity.Burst.CodeGen.BurstILPostProcessor

running Unity.Jobs.CodeGen.JobsILPostProcessor

running zzzUnity.Burst.CodeGen.BurstILPostProcessor
[1011/1120  0s] ILPostProcess Library/Bee/artifacts/1900b0aE.dag/post-processed/Unity.Timeline.Editor.dll (+pdb)
Processing assembly Library/Bee/artifacts/1900b0aE.dag/Unity.Timeline.Editor.dll, with 141 defines and 306 references

processors: Unity.Jobs.CodeGen.JobsILPostProcessor, zzzUnity.Burst.CodeGen.BurstILPostProcessor

running Unity.Jobs.CodeGen.JobsILPostProcessor

running zzzUnity.Burst.CodeGen.BurstILPostProcessor
[1012/1120  0s] ILPostProcess Library/Bee/artifacts/1900b0aE.dag/post-processed/Unity.Searcher.Editor.dll (+pdb)
Processing assembly Library/Bee/artifacts/1900b0aE.dag/Unity.Searcher.Editor.dll, with 140 defines and 305 references

processors: Unity.Jobs.CodeGen.JobsILPostProcessor, zzzUnity.Burst.CodeGen.BurstILPostProcessor

running Unity.Jobs.CodeGen.JobsILPostProcessor

running zzzUnity.Burst.CodeGen.BurstILPostProcessor
[1013/1120  0s] ILPostProcess Library/Bee/artifacts/1900b0aE.dag/post-processed/Unity.InternalAPIEditorBridge.ShaderGraph.Editor.dll (+pdb)
Processing assembly Library/Bee/artifacts/1900b0aE.dag/Unity.InternalAPIEditorBridge.ShaderGraph.Editor.dll, with 140 defines and 305 references

processors: Unity.Jobs.CodeGen.JobsILPostProcessor, zzzUnity.Burst.CodeGen.BurstILPostProcessor

running Unity.Jobs.CodeGen.JobsILPostProcessor

running zzzUnity.Burst.CodeGen.BurstILPostProcessor
[1014/1120  0s] ILPostProcess Library/Bee/artifacts/1900b0aE.dag/post-processed/Unity.2D.Tilemap.Editor.dll (+pdb)
Processing assembly Library/Bee/artifacts/1900b0aE.dag/Unity.2D.Tilemap.Editor.dll, with 140 defines and 305 references

processors: Unity.Jobs.CodeGen.JobsILPostProcessor, zzzUnity.Burst.CodeGen.BurstILPostProcessor

running Unity.Jobs.CodeGen.JobsILPostProcessor

running zzzUnity.Burst.CodeGen.BurstILPostProcessor
[1015/1120  0s] ILPostProcess Library/Bee/artifacts/1900b0aE.dag/post-processed/Unity.2D.Common.Path.Editor.dll (+pdb)
Processing assembly Library/Bee/artifacts/1900b0aE.dag/Unity.2D.Common.Path.Editor.dll, with 140 defines and 305 references

processors: Unity.Jobs.CodeGen.JobsILPostProcessor, zzzUnity.Burst.CodeGen.BurstILPostProcessor

running Unity.Jobs.CodeGen.JobsILPostProcessor

running zzzUnity.Burst.CodeGen.BurstILPostProcessor
[1016/1120  0s] ILPostProcess Library/Bee/artifacts/1900b0aE.dag/post-processed/Unity.VisualScripting.Core.Editor.dll (+pdb)
Processing assembly Library/Bee/artifacts/1900b0aE.dag/Unity.VisualScripting.Core.Editor.dll, with 140 defines and 306 references

processors: Unity.Jobs.CodeGen.JobsILPostProcessor, zzzUnity.Burst.CodeGen.BurstILPostProcessor

running Unity.Jobs.CodeGen.JobsILPostProcessor

running zzzUnity.Burst.CodeGen.BurstILPostProcessor
[1017/1120  0s] ILPostProcess Library/Bee/artifacts/1900b0aE.dag/post-processed/Unity.RenderPipelines.Core.Editor.Shared.dll (+pdb)
Processing assembly Library/Bee/artifacts/1900b0aE.dag/Unity.RenderPipelines.Core.Editor.Shared.dll, with 140 defines and 312 references

processors: Unity.Jobs.CodeGen.JobsILPostProcessor, zzzUnity.Burst.CodeGen.BurstILPostProcessor

running Unity.Jobs.CodeGen.JobsILPostProcessor

running zzzUnity.Burst.CodeGen.BurstILPostProcessor
[1018/1120  0s] ILPostProcess Library/Bee/artifacts/1900b0aE.dag/post-processed/Unity.PlasticSCM.Editor.Assistant.dll (+pdb)
Processing assembly Library/Bee/artifacts/1900b0aE.dag/Unity.PlasticSCM.Editor.Assistant.dll, with 140 defines and 306 references

processors: Unity.Jobs.CodeGen.JobsILPostProcessor, zzzUnity.Burst.CodeGen.BurstILPostProcessor

running Unity.Jobs.CodeGen.JobsILPostProcessor

running zzzUnity.Burst.CodeGen.BurstILPostProcessor
[1019/1120  0s] ILPostProcess Library/Bee/artifacts/1900b0aE.dag/post-processed/PsdPlugin.dll (+pdb)
Processing assembly Library/Bee/artifacts/1900b0aE.dag/PsdPlugin.dll, with 140 defines and 306 references

processors: Unity.Jobs.CodeGen.JobsILPostProcessor, zzzUnity.Burst.CodeGen.BurstILPostProcessor

running Unity.Jobs.CodeGen.JobsILPostProcessor

running zzzUnity.Burst.CodeGen.BurstILPostProcessor
[1020/1120  0s] ILPostProcess Library/Bee/artifacts/1900b0aE.dag/post-processed/Unity.RenderPipelines.Universal.2D.Editor.Overrides.dll (+pdb)
Processing assembly Library/Bee/artifacts/1900b0aE.dag/Unity.RenderPipelines.Universal.2D.Editor.Overrides.dll, with 142 defines and 315 references

processors: Unity.Jobs.CodeGen.JobsILPostProcessor, zzzUnity.Burst.CodeGen.BurstILPostProcessor

running Unity.Jobs.CodeGen.JobsILPostProcessor

running zzzUnity.Burst.CodeGen.BurstILPostProcessor
[1021/1120  0s] ILPostProcess Library/Bee/artifacts/1900b0aE.dag/post-processed/Unity.RenderPipelines.Universal.Editor.dll (+pdb)
Processing assembly Library/Bee/artifacts/1900b0aE.dag/Unity.RenderPipelines.Universal.Editor.dll, with 144 defines and 320 references

processors: Unity.Jobs.CodeGen.JobsILPostProcessor, zzzUnity.Burst.CodeGen.BurstILPostProcessor

running Unity.Jobs.CodeGen.JobsILPostProcessor

running zzzUnity.Burst.CodeGen.BurstILPostProcessor
[1022/1120  0s] CopyFiles Library/ScriptAssemblies/Unity.2D.IK.Runtime.dll
[1023/1120  0s] CopyFiles Library/ScriptAssemblies/Unity.UnifiedRayTracing.Runtime.dll
[1024/1120  0s] CopyFiles Library/ScriptAssemblies/Unity.Burst.dll
[1025/1120  0s] CopyFiles Library/ScriptAssemblies/Unity.InternalAPIEngineBridge.004.dll
[1026/1120  0s] CopyFiles Library/ScriptAssemblies/Unity.2D.SpriteShape.Runtime.dll
[1027/1120  0s] CopyFiles Library/ScriptAssemblies/Unity.RenderPipelines.Universal.Runtime.dll
[1028/1120  0s] CopyFiles Library/ScriptAssemblies/Unity.VisualScripting.State.dll
[1029/1120  0s] CopyFiles Library/ScriptAssemblies/Unity.RenderPipelines.Universal.Config.Runtime.dll
[1030/1120  0s] CopyFiles Library/ScriptAssemblies/Unity.TextMeshPro.dll
[1031/1120  0s] CopyFiles Library/ScriptAssemblies/Unity.InternalAPIEngineBridge.RenderPipelines.Core.Runtime.Shared.dll
[1032/1120  0s] CopyFiles Library/ScriptAssemblies/NaManMoo.Runtime.dll
[1033/1120  0s] CopyFiles Library/ScriptAssemblies/Unity.VisualScripting.DocCodeExamples.dll
[1034/1120  0s] CopyFiles Library/ScriptAssemblies/Unity.InputSystem.dll
[1035/1120  0s] CopyFiles Library/ScriptAssemblies/Unity.Multiplayer.Center.Common.dll
[1036/1120  0s] CopyFiles Library/ScriptAssemblies/Unity.RenderPipelines.ShaderGraph.ShaderGraphLibrary.dll
[1037/1120  0s] CopyFiles Library/ScriptAssemblies/UnityEngine.UI.dll
[1038/1120  0s] CopyFiles Library/ScriptAssemblies/Unity.RenderPipelines.Core.Runtime.Shared.dll
[1039/1120  0s] CopyFiles Library/ScriptAssemblies/Unity.Mathematics.dll
[1040/1120  0s] CopyFiles Library/ScriptAssemblies/Unity.Timeline.dll
[1041/1120  0s] CopyFiles Library/ScriptAssemblies/Unity.InputSystem.ForUI.dll
[1042/1120  0s] CopyFiles Library/ScriptAssemblies/Unity.RenderPipelines.Core.ShaderLibrary.dll
[1043/1120  0s] CopyFiles Library/ScriptAssemblies/Unity.2D.Common.Runtime.dll
[1044/1120  0s] CopyFiles Library/ScriptAssemblies/NaManMoo.PlayModeTests.dll
[1045/1120  0s] CopyFiles Library/ScriptAssemblies/Unity.2D.Animation.Runtime.dll
[1046/1120  0s] CopyFiles Library/ScriptAssemblies/Unity.PerformanceTesting.dll
[1047/1120  0s] CopyFiles Library/ScriptAssemblies/Unity.RenderPipelines.GPUDriven.Runtime.dll
[1048/1120  0s] CopyFiles Library/ScriptAssemblies/Unity.SurfaceCache.Runtime.dll
[1049/1120  0s] CopyFiles Library/ScriptAssemblies/Unity.PathTracing.Runtime.dll
[1050/1120  0s] CopyFiles Library/ScriptAssemblies/Unity.VisualScripting.Core.dll
[1051/1120  0s] CopyFiles Library/ScriptAssemblies/Unity.InternalAPIEngineBridge.001.dll
[1052/1120  0s] CopyFiles Library/ScriptAssemblies/Unity.RenderPipeline.Universal.ShaderLibrary.dll
[1053/1120  0s] CopyFiles Library/ScriptAssemblies/Unity.RenderPipelines.Universal.2D.Runtime.dll
[1054/1120  0s] CopyFiles Library/ScriptAssemblies/Unity.2D.Tilemap.Extras.dll
[1055/1120  0s] CopyFiles Library/ScriptAssemblies/Unity.VisualScripting.Flow.dll
[1056/1120  0s] CopyFiles Library/ScriptAssemblies/Unity.RenderPipelines.Core.Runtime.dll
[1057/1120  0s] CopyFiles Library/ScriptAssemblies/Unity.RenderPipelines.Universal.Shaders.dll
[1058/1120  0s] CopyFiles Library/ScriptAssemblies/Unity.InputSystem.TestFramework.dll
[1059/1120  0s] CopyFiles Library/ScriptAssemblies/Unity.RenderPipelines.Universal.Editor.pdb
[1060/1120  1s] ILPostProcess Library/Bee/artifacts/1900b0aE.dag/post-processed/Unity.2D.Aseprite.Editor.dll (+pdb)
Processing assembly Library/Bee/artifacts/1900b0aE.dag/Unity.2D.Aseprite.Editor.dll, with 142 defines and 315 references

processors: Unity.Jobs.CodeGen.JobsILPostProcessor, zzzUnity.Burst.CodeGen.BurstILPostProcessor

running Unity.Jobs.CodeGen.JobsILPostProcessor

running zzzUnity.Burst.CodeGen.BurstILPostProcessor
[1061/1120  2s] ILPostProcess Library/Bee/artifacts/1900b0aE.dag/post-processed/Unity.Collections.dll (+pdb)
Processing assembly Library/Bee/artifacts/1900b0aE.dag/Unity.Collections.dll, with 144 defines and 298 references

processors: Unity.Jobs.CodeGen.JobsILPostProcessor, zzzUnity.Burst.CodeGen.BurstILPostProcessor

running Unity.Jobs.CodeGen.JobsILPostProcessor

running zzzUnity.Burst.CodeGen.BurstILPostProcessor
[1062/1120  0s] ILPostProcess Library/Bee/artifacts/1900b0aE.dag/post-processed/Unity.PlasticSCM.Editor.Entities.dll (+pdb)
Processing assembly Library/Bee/artifacts/1900b0aE.dag/Unity.PlasticSCM.Editor.Entities.dll, with 140 defines and 306 references

processors: Unity.Jobs.CodeGen.JobsILPostProcessor, zzzUnity.Burst.CodeGen.BurstILPostProcessor

running Unity.Jobs.CodeGen.JobsILPostProcessor

running zzzUnity.Burst.CodeGen.BurstILPostProcessor
[1063/1120  0s] ILPostProcess Library/Bee/artifacts/1900b0aE.dag/post-processed/Unity.VisualScripting.SettingsProvider.Editor.dll (+pdb)
Processing assembly Library/Bee/artifacts/1900b0aE.dag/Unity.VisualScripting.SettingsProvider.Editor.dll, with 140 defines and 310 references

processors: Unity.Jobs.CodeGen.JobsILPostProcessor, zzzUnity.Burst.CodeGen.BurstILPostProcessor

running Unity.Jobs.CodeGen.JobsILPostProcessor

running zzzUnity.Burst.CodeGen.BurstILPostProcessor
[1064/1120  0s] ILPostProcess Library/Bee/artifacts/1900b0aE.dag/post-processed/UnityEditor.UI.Analytics.dll (+pdb)
Processing assembly Library/Bee/artifacts/1900b0aE.dag/UnityEditor.UI.Analytics.dll, with 140 defines and 306 references

processors: Unity.Jobs.CodeGen.JobsILPostProcessor, zzzUnity.Burst.CodeGen.BurstILPostProcessor

running Unity.Jobs.CodeGen.JobsILPostProcessor

running zzzUnity.Burst.CodeGen.BurstILPostProcessor
[1065/1120  0s] CopyFiles Library/ScriptAssemblies/Unity.2D.Aseprite.Editor.pdb
[1066/1120  0s] CopyFiles Library/ScriptAssemblies/Unity.Collections.dll
[1067/1120  0s] CopyFiles Library/ScriptAssemblies/Unity.PlasticSCM.Editor.Entities.pdb
[1068/1120  0s] CopyFiles Library/ScriptAssemblies/Unity.2D.Aseprite.Editor.dll
[1069/1120  0s] CopyFiles Library/ScriptAssemblies/Unity.PlasticSCM.Editor.Entities.dll
[1070/1120  0s] CopyFiles Library/ScriptAssemblies/PsdPlugin.pdb
[1071/1120  0s] CopyFiles Library/ScriptAssemblies/PsdPlugin.dll
[1072/1120  0s] CopyFiles Library/ScriptAssemblies/Unity.Collections.pdb
[1073/1120  0s] CopyFiles Library/ScriptAssemblies/Unity.RenderPipelines.Universal.2D.Editor.Overrides.pdb
[1074/1120  0s] CopyFiles Library/ScriptAssemblies/Unity.RenderPipelines.Universal.2D.Editor.Overrides.dll
[1075/1120  0s] CopyFiles Library/ScriptAssemblies/Unity.PlasticSCM.Editor.Assistant.dll
[1076/1120  0s] CopyFiles Library/ScriptAssemblies/Unity.PlasticSCM.Editor.Assistant.pdb
[1077/1120  0s] CopyFiles Library/ScriptAssemblies/Unity.VisualScripting.SettingsProvider.Editor.pdb
[1078/1120  0s] CopyFiles Library/ScriptAssemblies/Unity.RenderPipelines.Core.Editor.Shared.dll
[1079/1120  0s] CopyFiles Library/ScriptAssemblies/Unity.RenderPipelines.Core.Editor.Shared.pdb
[1080/1120  0s] CopyFiles Library/ScriptAssemblies/Unity.VisualScripting.Core.Editor.pdb
[1081/1120  0s] CopyFiles Library/ScriptAssemblies/Unity.2D.Common.Path.Editor.pdb
[1082/1120  0s] CopyFiles Library/ScriptAssemblies/Unity.VisualScripting.Core.Editor.dll
[1083/1120  0s] CopyFiles Library/ScriptAssemblies/Unity.2D.Common.Path.Editor.dll
[1084/1120  0s] CopyFiles Library/ScriptAssemblies/Unity.2D.Tilemap.Editor.pdb
[1085/1120  0s] CopyFiles Library/ScriptAssemblies/Unity.InternalAPIEditorBridge.ShaderGraph.Editor.pdb
[1086/1120  0s] CopyFiles Library/ScriptAssemblies/Unity.2D.Tilemap.Editor.dll
[1087/1120  0s] CopyFiles Library/ScriptAssemblies/Unity.InternalAPIEditorBridge.ShaderGraph.Editor.dll
[1088/1120  0s] CopyFiles Library/ScriptAssemblies/Unity.Timeline.Editor.pdb
[1089/1120  0s] CopyFiles Library/ScriptAssemblies/Unity.Searcher.Editor.pdb
[1090/1120  0s] CopyFiles Library/ScriptAssemblies/Unity.Timeline.Editor.dll
[1091/1120  0s] CopyFiles Library/ScriptAssemblies/Unity.Searcher.Editor.dll
[1092/1120  0s] CopyFiles Library/ScriptAssemblies/Unity.Multiplayer.Center.Editor.dll
[1093/1120  0s] CopyFiles Library/ScriptAssemblies/Unity.Multiplayer.Center.Editor.pdb
[1094/1120  0s] CopyFiles Library/ScriptAssemblies/Unity.PathTracing.Editor.pdb
[1095/1120  0s] CopyFiles Library/ScriptAssemblies/Unity.PathTracing.Editor.dll
[1096/1120  0s] CopyFiles Library/ScriptAssemblies/Unity.InternalAPIEditorBridge.001.dll
[1097/1120  0s] CopyFiles Library/ScriptAssemblies/Unity.InternalAPIEditorBridge.001.pdb
[1098/1120  0s] CopyFiles Library/ScriptAssemblies/Unity.Rendering.LightTransport.Editor.pdb
[1099/1120  0s] CopyFiles Library/ScriptAssemblies/Unity.Rendering.LightTransport.Editor.dll
[1100/1120  0s] CopyFiles Library/ScriptAssemblies/Unity.2D.Triangulation.Runtime.dll
[1101/1120  0s] CopyFiles Library/ScriptAssemblies/Unity.2D.Triangulation.Runtime.pdb
[1102/1120  0s] CopyFiles Library/ScriptAssemblies/Unity.VisualScripting.SettingsProvider.Editor.dll
[1103/1120  0s] CopyFiles Library/ScriptAssemblies/UnityEditor.UI.dll
[1104/1120  0s] CopyFiles Library/ScriptAssemblies/Unity.2D.Common.Editor.dll
[1105/1120  0s] CopyFiles Library/ScriptAssemblies/UnityEditor.UI.pdb
[1106/1120  0s] CopyFiles Library/ScriptAssemblies/Unity.2D.Common.Editor.pdb
[1107/1120  0s] CopyFiles Library/ScriptAssemblies/Unity.2D.Aseprite.Common.dll
[1108/1120  0s] CopyFiles Library/ScriptAssemblies/Unity.2D.Animation.Runtime.pdb
[1109/1120  0s] CopyFiles Library/ScriptAssemblies/Unity.2D.Aseprite.Common.pdb
[1110/1120  0s] CopyFiles Library/ScriptAssemblies/Unity.RenderPipelines.GPUDriven.Runtime.pdb
[1111/1120  0s] CopyFiles Library/ScriptAssemblies/Unity.Burst.Editor.pdb
[1112/1120  0s] CopyFiles Library/ScriptAssemblies/Unity.CollabProxy.Editor.dll
[1113/1120  0s] CopyFiles Library/ScriptAssemblies/Unity.Burst.Editor.dll
[1114/1120  0s] CopyFiles Library/ScriptAssemblies/Unity.CollabProxy.Editor.pdb
[1115/1120  0s] CopyFiles Library/ScriptAssemblies/Unity.ShaderGraph.Utilities.dll
[1116/1120  0s] CopyFiles Library/ScriptAssemblies/Unity.2D.Sprite.Editor.dll
[1117/1120  0s] CopyFiles Library/ScriptAssemblies/Unity.ShaderGraph.Utilities.pdb
[1118/1120  0s] CopyFiles Library/ScriptAssemblies/Unity.2D.Sprite.Editor.pdb
[1119/1120  0s] CopyFiles Library/ScriptAssemblies/Unity.RenderPipelines.Universal.2D.Runtime.pdb
[1120/1120  0s] CopyFiles Library/ScriptAssemblies/Unity.2D.Psdimporter.Editor.pdb
[1121/1120  0s] CopyFiles Library/ScriptAssemblies/Unity.VisualScripting.State.Editor.dll
[1122/1120  0s] CopyFiles Library/ScriptAssemblies/Unity.VisualScripting.State.Editor.pdb
[1123/1120  0s] CopyFiles Library/ScriptAssemblies/Unity.2D.Psdimporter.Editor.dll
[1124/1120  0s] CopyFiles Library/ScriptAssemblies/Unity.2D.IK.Editor.dll
[1125/1120  0s] CopyFiles Library/ScriptAssemblies/Unity.2D.IK.Editor.pdb
[1126/1120  0s] CopyFiles Library/ScriptAssemblies/Unity.2D.Tilemap.Extras.Editor.dll
[1127/1120  0s] CopyFiles Library/ScriptAssemblies/Unity.2D.Tilemap.Extras.Editor.pdb
[1128/1120  0s] CopyFiles Library/ScriptAssemblies/Unity.2D.IK.Runtime.pdb
[1129/1120  0s] CopyFiles Library/ScriptAssemblies/Unity.UnifiedRayTracing.Runtime.pdb
[1130/1120  0s] CopyFiles Library/ScriptAssemblies/NaManMoo.EditorTests.dll
[1131/1120  0s] CopyFiles Library/ScriptAssemblies/Unity.PathTracing.Runtime.pdb
[1132/1120  0s] CopyFiles Library/ScriptAssemblies/NaManMoo.EditorTests.pdb
[1133/1120  0s] CopyFiles Library/ScriptAssemblies/NaManMoo.Editor.pdb
[1134/1120  0s] CopyFiles Library/ScriptAssemblies/NaManMoo.Editor.dll
[1135/1120  0s] CopyFiles Library/ScriptAssemblies/NaManMoo.Runtime.pdb
[1136/1120  0s] CopyFiles Library/ScriptAssemblies/Unity.RenderPipelines.Core.Runtime.pdb
[1137/1120  0s] CopyFiles Library/ScriptAssemblies/NaManMoo.PlayModeTests.pdb
[1138/1120  0s] CopyFiles Library/ScriptAssemblies/Unity.TextMeshPro.Editor.pdb
[1139/1120  0s] CopyFiles Library/ScriptAssemblies/Unity.RenderPipelines.Universal.Editor.dll
[1140/1120  0s] CopyFiles Library/ScriptAssemblies/Unity.TextMeshPro.Editor.dll
[1141/1120  0s] CopyFiles Library/ScriptAssemblies/Unity.VisualScripting.Shared.Editor.pdb
[1142/1120  0s] CopyFiles Library/ScriptAssemblies/Unity.VisualScripting.Shared.Editor.dll
[1143/1120  0s] CopyFiles Library/ScriptAssemblies/Unity.2D.Common.Runtime.pdb
[1144/1120  0s] CopyFiles Library/ScriptAssemblies/Unity.Collections.Editor.pdb
[1145/1120  0s] CopyFiles Library/ScriptAssemblies/Unity.Collections.Editor.dll
[1146/1120  0s] CopyFiles Library/ScriptAssemblies/UnityEditor.UI.Analytics.pdb
[1147/1120  0s] CopyFiles Library/ScriptAssemblies/UnityEditor.UI.Analytics.dll
[1148/1120  0s] CopyFiles Library/ScriptAssemblies/Unity.RenderPipelines.Core.Runtime.Shared.pdb
[1149/1120  0s] CopyFiles Library/ScriptAssemblies/Unity.2D.SpriteShape.Runtime.pdb
[1150/1120  0s] CopyFiles Library/ScriptAssemblies/Unity.Burst.pdb
[1151/1120  0s] CopyFiles Library/ScriptAssemblies/Unity.RenderPipelines.Universal.Runtime.pdb
[1152/1120  0s] CopyFiles Library/ScriptAssemblies/Unity.InternalAPIEngineBridge.RenderPipelines.Core.Editor.dll
[1153/1120  0s] CopyFiles Library/ScriptAssemblies/Unity.RenderPipelines.Universal.Config.Runtime.pdb
[1154/1120  0s] CopyFiles Library/ScriptAssemblies/UnityEngine.UI.pdb
[1155/1120  0s] CopyFiles Library/ScriptAssemblies/Unity.InternalAPIEngineBridge.RenderPipelines.Core.Editor.pdb
[1156/1120  0s] CopyFiles Library/ScriptAssemblies/Unity.InternalAPIEngineBridge.RenderPipelines.Core.Runtime.Shared.pdb
[1157/1120  0s] CopyFiles Library/ScriptAssemblies/Unity.2D.Tilemap.Extras.pdb
[1158/1120  0s] CopyFiles Library/ScriptAssemblies/Unity.RenderPipelines.Core.ShaderLibrary.pdb
[1159/1120  0s] CopyFiles Library/ScriptAssemblies/Unity.SurfaceCache.Runtime.pdb
[1160/1120  0s] CopyFiles Library/ScriptAssemblies/Unity.VisualScripting.Flow.pdb
[1161/1120  0s] CopyFiles Library/ScriptAssemblies/Unity.InputSystem.pdb
[1162/1120  0s] CopyFiles Library/ScriptAssemblies/Unity.RenderPipelines.ShaderGraph.ShaderGraphLibrary.pdb
[1163/1120  0s] CopyFiles Library/ScriptAssemblies/Unity.TextMeshPro.pdb
[1164/1120  0s] CopyFiles Library/ScriptAssemblies/Unity.InternalAPIEngineBridge.004.pdb
[1165/1120  0s] CopyFiles Library/ScriptAssemblies/Unity.RenderPipelines.Universal.Shaders.pdb
[1166/1120  0s] CopyFiles Library/ScriptAssemblies/Unity.Timeline.pdb
[1167/1120  0s] CopyFiles Library/ScriptAssemblies/Unity.VisualScripting.State.pdb
[1168/1120  0s] CopyFiles Library/ScriptAssemblies/Unity.InputSystem.TestFramework.pdb
[1169/1120  0s] CopyFiles Library/ScriptAssemblies/Unity.Multiplayer.Center.Common.pdb
[1170/1120  0s] CopyFiles Library/ScriptAssemblies/Unity.VisualScripting.DocCodeExamples.pdb
[1171/1120  0s] CopyFiles Library/ScriptAssemblies/Unity.VisualScripting.Core.pdb
[1172/1120  0s] CopyFiles Library/ScriptAssemblies/Unity.RenderPipeline.Universal.ShaderLibrary.pdb
[1173/1120  0s] CopyFiles Library/ScriptAssemblies/Unity.InputSystem.ForUI.pdb
[1174/1120  0s] CopyFiles Library/ScriptAssemblies/Unity.PerformanceTesting.pdb
[1175/1120  0s] CopyFiles Library/ScriptAssemblies/Unity.Mathematics.pdb
[1176/1120  0s] CopyFiles Library/ScriptAssemblies/Unity.InternalAPIEngineBridge.001.pdb
[1177/1120  0s] ILPostProcess Library/Bee/artifacts/1900b0aE.dag/post-processed/Unity.2D.Tooling.Editor.dll (+pdb)
Processing assembly Library/Bee/artifacts/1900b0aE.dag/Unity.2D.Tooling.Editor.dll, with 140 defines and 308 references

processors: Unity.Jobs.CodeGen.JobsILPostProcessor, zzzUnity.Burst.CodeGen.BurstILPostProcessor

running Unity.Jobs.CodeGen.JobsILPostProcessor

running zzzUnity.Burst.CodeGen.BurstILPostProcessor
[1178/1120  0s] ILPostProcess Library/Bee/artifacts/1900b0aE.dag/post-processed/Unity.PerformanceTesting.Editor.dll (+pdb)
Processing assembly Library/Bee/artifacts/1900b0aE.dag/Unity.PerformanceTesting.Editor.dll, with 141 defines and 292 references

processors: Unity.Jobs.CodeGen.JobsILPostProcessor, zzzUnity.Burst.CodeGen.BurstILPostProcessor

running Unity.Jobs.CodeGen.JobsILPostProcessor

running zzzUnity.Burst.CodeGen.BurstILPostProcessor
[1179/1120  0s] ILPostProcess Library/Bee/artifacts/1900b0aE.dag/post-processed/Unity.InputSystem.DocCodeSamples.dll (+pdb)
Processing assembly Library/Bee/artifacts/1900b0aE.dag/Unity.InputSystem.DocCodeSamples.dll, with 140 defines and 292 references

processors: Unity.Jobs.CodeGen.JobsILPostProcessor, zzzUnity.Burst.CodeGen.BurstILPostProcessor

running Unity.Jobs.CodeGen.JobsILPostProcessor

running zzzUnity.Burst.CodeGen.BurstILPostProcessor
[1180/1120  0s] ILPostProcess Library/Bee/artifacts/1900b0aE.dag/post-processed/Unity.VisualScripting.Flow.Editor.dll (+pdb)
Processing assembly Library/Bee/artifacts/1900b0aE.dag/Unity.VisualScripting.Flow.Editor.dll, with 142 defines and 309 references

processors: Unity.Jobs.CodeGen.JobsILPostProcessor, zzzUnity.Burst.CodeGen.BurstILPostProcessor

running Unity.Jobs.CodeGen.JobsILPostProcessor

running zzzUnity.Burst.CodeGen.BurstILPostProcessor
[1181/1120  0s] ILPostProcess Library/Bee/artifacts/1900b0aE.dag/post-processed/Unity.2D.SpriteShape.Editor.dll (+pdb)
Processing assembly Library/Bee/artifacts/1900b0aE.dag/Unity.2D.SpriteShape.Editor.dll, with 141 defines and 310 references

processors: Unity.Jobs.CodeGen.JobsILPostProcessor, zzzUnity.Burst.CodeGen.BurstILPostProcessor

running Unity.Jobs.CodeGen.JobsILPostProcessor

running zzzUnity.Burst.CodeGen.BurstILPostProcessor
[1182/1120  0s] ILPostProcess Library/Bee/artifacts/1900b0aE.dag/post-processed/Unity.ShaderGraph.Editor.dll (+pdb)
Processing assembly Library/Bee/artifacts/1900b0aE.dag/Unity.ShaderGraph.Editor.dll, with 140 defines and 310 references

processors: Unity.Jobs.CodeGen.JobsILPostProcessor, zzzUnity.Burst.CodeGen.BurstILPostProcessor

running Unity.Jobs.CodeGen.JobsILPostProcessor

running zzzUnity.Burst.CodeGen.BurstILPostProcessor
[1183/1120  0s] CopyFiles Library/ScriptAssemblies/Unity.PerformanceTesting.Editor.pdb
[1184/1120  0s] CopyFiles Library/ScriptAssemblies/Unity.2D.Tooling.Editor.pdb
[1185/1120  0s] CopyFiles Library/ScriptAssemblies/Unity.VisualScripting.Flow.Editor.pdb
[1186/1120  0s] CopyFiles Library/ScriptAssemblies/Unity.InputSystem.DocCodeSamples.pdb
[1187/1120  0s] CopyFiles Library/ScriptAssemblies/Unity.InputSystem.DocCodeSamples.dll
[1188/1120  0s] CopyFiles Library/ScriptAssemblies/Unity.2D.SpriteShape.Editor.pdb
[1189/1120  0s] CopyFiles Library/ScriptAssemblies/Unity.ShaderGraph.Editor.pdb
[1190/1120  0s] CopyFiles Library/ScriptAssemblies/Unity.2D.Tooling.Editor.dll
[1191/1120  0s] CopyFiles Library/ScriptAssemblies/Unity.VisualScripting.Flow.Editor.dll
[1192/1120  0s] CopyFiles Library/ScriptAssemblies/Unity.PerformanceTesting.Editor.dll
[1193/1120  0s] CopyFiles Library/ScriptAssemblies/Unity.2D.SpriteShape.Editor.dll
[1194/1120  0s] ILPostProcess Library/Bee/artifacts/1900b0aE.dag/post-processed/ScriptablePacker.dll (+pdb)
Processing assembly Library/Bee/artifacts/1900b0aE.dag/ScriptablePacker.dll, with 140 defines and 295 references

processors: Unity.Jobs.CodeGen.JobsILPostProcessor, zzzUnity.Burst.CodeGen.BurstILPostProcessor

running Unity.Jobs.CodeGen.JobsILPostProcessor

running zzzUnity.Burst.CodeGen.BurstILPostProcessor
[1195/1120  0s] CopyFiles Library/ScriptAssemblies/ScriptablePacker.pdb
[1196/1120  0s] CopyFiles Library/ScriptAssemblies/ScriptablePacker.dll
[1197/1120  0s] CopyFiles Library/ScriptAssemblies/Unity.ShaderGraph.Editor.dll
[1198/1120  0s] ILPostProcess Library/Bee/artifacts/1900b0aE.dag/post-processed/Unity.RenderPipelines.Core.Editor.dll (+pdb)
Processing assembly Library/Bee/artifacts/1900b0aE.dag/Unity.RenderPipelines.Core.Editor.dll, with 143 defines and 314 references

processors: Unity.Jobs.CodeGen.JobsILPostProcessor, zzzUnity.Burst.CodeGen.BurstILPostProcessor

running Unity.Jobs.CodeGen.JobsILPostProcessor

running zzzUnity.Burst.CodeGen.BurstILPostProcessor
[1199/1120  0s] ILPostProcess Library/Bee/artifacts/1900b0aE.dag/post-processed/Unity.PlasticSCM.Editor.dll (+pdb)
Processing assembly Library/Bee/artifacts/1900b0aE.dag/Unity.PlasticSCM.Editor.dll, with 141 defines and 297 references

processors: Unity.Jobs.CodeGen.JobsILPostProcessor, zzzUnity.Burst.CodeGen.BurstILPostProcessor

running Unity.Jobs.CodeGen.JobsILPostProcessor

running zzzUnity.Burst.CodeGen.BurstILPostProcessor
[1200/1120  0s] CopyFiles Library/ScriptAssemblies/Unity.RenderPipelines.Core.Editor.pdb
[1201/1120  0s] CopyFiles Library/ScriptAssemblies/Unity.PlasticSCM.Editor.pdb
[1202/1120  1s] ILPostProcess Library/Bee/artifacts/1900b0aE.dag/post-processed/Unity.2D.Animation.Editor.dll (+pdb)
Processing assembly Library/Bee/artifacts/1900b0aE.dag/Unity.2D.Animation.Editor.dll, with 142 defines and 315 references

processors: Unity.Jobs.CodeGen.JobsILPostProcessor, zzzUnity.Burst.CodeGen.BurstILPostProcessor

running Unity.Jobs.CodeGen.JobsILPostProcessor

running zzzUnity.Burst.CodeGen.BurstILPostProcessor
[1203/1120  0s] CopyFiles Library/ScriptAssemblies/Unity.2D.Animation.Editor.pdb
[1204/1120  0s] CopyFiles Library/ScriptAssemblies/Unity.2D.Animation.Editor.dll
[1205/1120  0s] CopyFiles Library/ScriptAssemblies/Unity.PlasticSCM.Editor.dll
[1206/1120  0s] CopyFiles Library/ScriptAssemblies/Unity.RenderPipelines.Core.Editor.dll
*** Tundra build success (7.58 seconds), 870 items updated, 1120 evaluated
Total cache size 83254484
Total cache size after purge 83254484, took 00:00:00.1197885
AssetDatabase: script compilation time: 14.758434s
Begin MonoManager ReloadAssembly
Native extension for WindowsStandalone target not found
Native extension for WebGL target not found
ScheduleIndexationOnStartup MainProcess:True IndexOnStartup:True
Mono: successfully reloaded assembly
- Finished resetting the current domain, in  2.919 seconds
Domain Reload Profiling: 4726ms
	BeginReloadAssembly (143ms)
		DisableScriptedObjects (18ms)
		CreateAndSetChildDomain (33ms)
	RebuildCommonClasses (6ms)
	RebuildNativeTypeToScriptingClass (10ms)
	initialDomainReloadingComplete (39ms)
	LoadAllAssembliesAndSetupDomain (1608ms)
		LoadAssemblies (1426ms)
		AnalyzeDomain (162ms)
			TypeCache.Refresh (113ms)
				TypeCache.ScanAssembly (105ms)
			BuildScriptInfoCaches (42ms)
			ResolveRequiredComponents (5ms)
	FinalizeReload (2920ms)
		SetupLoadedEditorAssemblies (0ms)
			BeforeProcessingInitializeOnLoad (55ms)
			ProcessInitializeOnLoadAttributes (1894ms)
			ProcessInitializeOnLoadMethodAttributes (624ms)
			AfterProcessingInitializeOnLoad (5ms)
		AwakeInstancesAfterBackupRestoration (14ms)
Importing 'GUID: 1142bbad8b9e8c44c83a9775ff120d37 - Path: Packages/com.unity.render-pipelines.core/Tests/Editor/UnifiedRayTracing/TraceRays.urtshader' with importer (ScriptedImporter : Unity.Rendering.LightTransport.Editor:UnityEditor.Rendering.UnifiedRayTracing:UnifiedRTShaderImporter)
Launched and connected shader compiler UnityShaderCompiler.exe after 0.05 seconds

Compiling Ray Tracing Shader "TraceRays.urtshader", keywords = <no keywords>
    finished in 0.30 seconds. Local cache hits 1, remote cache hits 0, compiled 0 platform variants
Imported 'GUID: 1142bbad8b9e8c44c83a9775ff120d37' -> (Import Result ID: '2f80b42cb77a5ba8408fb1fbf9105067') in 0.491 seconds [static and dynamic dependencies]. Details - ImportResultOutputID=dd8ac7dc757973ce66df0f8192beeedc DependenciesID=923d55a04994898b005482160e081841 StaticDependenciesID=83382896bf2194e2afb7a814a9f914cd 
Importing 'GUID: d19f4f8a13b6edb48b986a47ec96402e - Path: Packages/com.unity.render-pipelines.core/Runtime/PathTracing/Shaders/LightmapShadowMaskIntegration.urtshader' with importer (ScriptedImporter : Unity.Rendering.LightTransport.Editor:UnityEditor.Rendering.UnifiedRayTracing:UnifiedRTShaderImporter)

Compiling Ray Tracing Shader "LightmapShadowMaskIntegration.urtshader", keywords = <no keywords>
    finished in 0.00 seconds. Local cache hits 1, remote cache hits 0, compiled 0 platform variants
Imported 'GUID: d19f4f8a13b6edb48b986a47ec96402e' -> (Import Result ID: '99e9eb7b7a99fa2c97d1af9c90dac4c2') in 0.021 seconds [static and dynamic dependencies]. Details - ImportResultOutputID=499fc64076f1f590df971ff5e4fbd1c5 DependenciesID=23aa2b4bc34c82c4144141447ea9301b StaticDependenciesID=14c19d6e640993fbe77b1f068828bf12 
Importing 'GUID: 737a1597422c12547a8714d76a9406ec - Path: Packages/com.unity.render-pipelines.core/Runtime/PathTracing/Shaders/LightmapGBufferDebug.urtshader' with importer (ScriptedImporter : Unity.Rendering.LightTransport.Editor:UnityEditor.Rendering.UnifiedRayTracing:UnifiedRTShaderImporter)

Compiling Ray Tracing Shader "LightmapGBufferDebug.urtshader", keywords = <no keywords>
    finished in 0.00 seconds. Local cache hits 1, remote cache hits 0, compiled 0 platform variants
Imported 'GUID: 737a1597422c12547a8714d76a9406ec' -> (Import Result ID: 'bb8f29012b76ebd07ec0de5522b2eee6') in 0.013 seconds [static and dynamic dependencies]. Details - ImportResultOutputID=16f68e3e486cb0a6d621a68709f3d760 DependenciesID=7e1f350e181acb559897038f2dfbbe5a StaticDependenciesID=8d11f009385b3a4cea3b53c3339efefb 
Importing 'GUID: f32463968f29423cad25aee15a14b9f1 - Path: Packages/com.unity.render-pipelines.core/Runtime/Lighting/SurfaceCache/PunctualLightSampling.urtshader' with importer (ScriptedImporter : Unity.Rendering.LightTransport.Editor:UnityEditor.Rendering.UnifiedRayTracing:UnifiedRTShaderImporter)

Compiling Ray Tracing Shader "PunctualLightSampling.urtshader", keywords = <no keywords>
    finished in 0.00 seconds. Local cache hits 1, remote cache hits 0, compiled 0 platform variants
Imported 'GUID: f32463968f29423cad25aee15a14b9f1' -> (Import Result ID: 'cd0d1e4bf77a60dd2ff3c2896b6880cb') in 0.014 seconds [static and dynamic dependencies]. Details - ImportResultOutputID=28f8d88b951aa9c78cab18343c534c09 DependenciesID=33c42098c853499677326fe366f97796 StaticDependenciesID=fae2d39a41418b21bab2b70cd0d272f0 
Importing 'GUID: 1451d029813b192429211be28181beab - Path: Packages/com.unity.render-pipelines.core/Runtime/PathTracing/Shaders/LightmapNormalIntegration.urtshader' with importer (ScriptedImporter : Unity.Rendering.LightTransport.Editor:UnityEditor.Rendering.UnifiedRayTracing:UnifiedRTShaderImporter)

Compiling Ray Tracing Shader "LightmapNormalIntegration.urtshader", keywords = <no keywords>
    finished in 0.00 seconds. Local cache hits 1, remote cache hits 0, compiled 0 platform variants
Imported 'GUID: 1451d029813b192429211be28181beab' -> (Import Result ID: '6def3600919af4d0c563b2874e2a7326') in 0.014 seconds [static and dynamic dependencies]. Details - ImportResultOutputID=f83e0b874436be7c3e309a20b0d1ecfa DependenciesID=4057d4f29533cf8cd05a2d89e41401d6 StaticDependenciesID=6695b2a8ac591a9580bdd3907887ec37 
Importing 'GUID: 94a070d33e408384bafc1dea4a565df9 - Path: Packages/com.unity.render-pipelines.core/Editor/Lighting/ProbeVolume/RenderingLayerMask/TraceRenderingLayerMask.urtshader' with importer (ScriptedImporter : Unity.Rendering.LightTransport.Editor:UnityEditor.Rendering.UnifiedRayTracing:UnifiedRTShaderImporter)

Compiling Ray Tracing Shader "TraceRenderingLayerMask.urtshader", keywords = <no keywords>
    finished in 0.00 seconds. Local cache hits 1, remote cache hits 0, compiled 0 platform variants
Imported 'GUID: 94a070d33e408384bafc1dea4a565df9' -> (Import Result ID: 'af741bf8b90aa52d9c37e5594e6dad7a') in 0.012 seconds [static and dynamic dependencies]. Details - ImportResultOutputID=6872af197717ae627f5e54d73b15a29e DependenciesID=973ad38d4284a77080b48ed73973bfab StaticDependenciesID=76c56abbfe1dea1698b482e1c311a1b3 
Importing 'GUID: 94a39d12848d8d64ca962a72b74e7c50 - Path: Packages/com.unity.render-pipelines.core/Runtime/Lighting/SurfaceCache/Estimation.urtshader' with importer (ScriptedImporter : Unity.Rendering.LightTransport.Editor:UnityEditor.Rendering.UnifiedRayTracing:UnifiedRTShaderImporter)

Compiling Ray Tracing Shader "Estimation.urtshader", keywords = <no keywords>
    finished in 0.00 seconds. Local cache hits 1, remote cache hits 0, compiled 0 platform variants
Imported 'GUID: 94a39d12848d8d64ca962a72b74e7c50' -> (Import Result ID: '96f27f815e773686e99a8ad8b6da041f') in 0.012 seconds [static and dynamic dependencies]. Details - ImportResultOutputID=1b0eb138d1e1b0e28d1dc38e6c2ee3c2 DependenciesID=d2722f9f0ca270c105f0bd733c94345d StaticDependenciesID=3d83c90598d39b20511fc2d468edef81 
Importing 'GUID: 6513c3b892e933c4f8d00c19d5c47532 - Path: Packages/com.unity.render-pipelines.core/Tests/Editor/UnifiedRayTracing/TraceTransparentRays.urtshader' with importer (ScriptedImporter : Unity.Rendering.LightTransport.Editor:UnityEditor.Rendering.UnifiedRayTracing:UnifiedRTShaderImporter)

Compiling Ray Tracing Shader "TraceTransparentRays.urtshader", keywords = <no keywords>
    finished in 0.00 seconds. Local cache hits 1, remote cache hits 0, compiled 0 platform variants
Imported 'GUID: 6513c3b892e933c4f8d00c19d5c47532' -> (Import Result ID: 'e92e1eaa55ec81e9f67112a377208e03') in 0.009 seconds [static and dynamic dependencies]. Details - ImportResultOutputID=059128fa4c67d89d87bfe4d554ad391b DependenciesID=aa28f2783794e06c99213afe659c244e StaticDependenciesID=8372fb0bb36e1468fa9601c49a86d0e6 
Importing 'GUID: 7624adbeb148b5c48ab5ab660cc2602a - Path: Packages/com.unity.render-pipelines.core/Runtime/PathTracing/Shaders/LightmapIndirectIntegration.urtshader' with importer (ScriptedImporter : Unity.Rendering.LightTransport.Editor:UnityEditor.Rendering.UnifiedRayTracing:UnifiedRTShaderImporter)

Compiling Ray Tracing Shader "LightmapIndirectIntegration.urtshader", keywords = <no keywords>
    finished in 0.00 seconds. Local cache hits 1, remote cache hits 0, compiled 0 platform variants
Imported 'GUID: 7624adbeb148b5c48ab5ab660cc2602a' -> (Import Result ID: '31468e55dbf84234b7ba974d82aa437e') in 0.013 seconds [static and dynamic dependencies]. Details - ImportResultOutputID=651f333fdaed0e40587f8aa4cea5a3ad DependenciesID=47ca4376b34888ade53dd82934751a73 StaticDependenciesID=67a45332e0f51102f9bb9c93a750d036 
Importing 'GUID: e9f4de6d1e07fb94f9a60d35b618f724 - Path: Packages/com.unity.render-pipelines.core/Runtime/PathTracing/Shaders/LightmapGBufferIntegration.urtshader' with importer (ScriptedImporter : Unity.Rendering.LightTransport.Editor:UnityEditor.Rendering.UnifiedRayTracing:UnifiedRTShaderImporter)

Compiling Ray Tracing Shader "LightmapGBufferIntegration.urtshader", keywords = <no keywords>
    finished in 0.00 seconds. Local cache hits 1, remote cache hits 0, compiled 0 platform variants
Imported 'GUID: e9f4de6d1e07fb94f9a60d35b618f724' -> (Import Result ID: '25795c3be563296f568e3faa4a6efb14') in 0.011 seconds [static and dynamic dependencies]. Details - ImportResultOutputID=a7f5bdb587796a71d8ca128a644b358f DependenciesID=5373e5004429887b0f43544db0930b3b StaticDependenciesID=8b26c93a6e3373b36ba430a420b17d9a 
Importing 'GUID: 5a2a534753fbdb44e96c3c78b5a6999d - Path: Packages/com.unity.render-pipelines.core/Editor/Lighting/ProbeVolume/DynamicGI/DynamicGISkyOcclusion.urtshader' with importer (ScriptedImporter : Unity.Rendering.LightTransport.Editor:UnityEditor.Rendering.UnifiedRayTracing:UnifiedRTShaderImporter)

Compiling Ray Tracing Shader "DynamicGISkyOcclusion.urtshader", keywords = <no keywords>
    finished in 0.00 seconds. Local cache hits 1, remote cache hits 0, compiled 0 platform variants
Imported 'GUID: 5a2a534753fbdb44e96c3c78b5a6999d' -> (Import Result ID: '3cff4f520314642302fee8b4b3bc3054') in 0.010 seconds [static and dynamic dependencies]. Details - ImportResultOutputID=1cf97bfff22f517865c2e82dc6d8c4c7 DependenciesID=21f2ee2bde8ca4c442ed0ab5071135a4 StaticDependenciesID=41b936436a30154af8a3b61f441fd564 
Importing 'GUID: 5bbebdef5916845478fcef13fa10d89f - Path: Packages/com.unity.render-pipelines.core/Runtime/PathTracing/Shaders/LightmapDirectIntegration.urtshader' with importer (ScriptedImporter : Unity.Rendering.LightTransport.Editor:UnityEditor.Rendering.UnifiedRayTracing:UnifiedRTShaderImporter)

Compiling Ray Tracing Shader "LightmapDirectIntegration.urtshader", keywords = <no keywords>
    finished in 0.00 seconds. Local cache hits 1, remote cache hits 0, compiled 0 platform variants
Imported 'GUID: 5bbebdef5916845478fcef13fa10d89f' -> (Import Result ID: 'cd06a8555b7d186309a070a6d2f21047') in 0.014 seconds [static and dynamic dependencies]. Details - ImportResultOutputID=2b6674bbee23d83bde2dba5e821f786b DependenciesID=f752d31c4f5ccd81c802734b4250f6a2 StaticDependenciesID=49e7ce722dcdec23942b360d8297bad5 
Importing 'GUID: fbc59f55df2416344b008dc23753cae2 - Path: Packages/com.unity.render-pipelines.core/Tests/Editor/UnifiedRayTracing/TraceRaysAndFetchAttributes.urtshader' with importer (ScriptedImporter : Unity.Rendering.LightTransport.Editor:UnityEditor.Rendering.UnifiedRayTracing:UnifiedRTShaderImporter)

Compiling Ray Tracing Shader "TraceRaysAndFetchAttributes.urtshader", keywords = <no keywords>
    finished in 0.00 seconds. Local cache hits 1, remote cache hits 0, compiled 0 platform variants
Imported 'GUID: fbc59f55df2416344b008dc23753cae2' -> (Import Result ID: 'be99e65f4c0b51cdac64c4dc7fb52201') in 0.010 seconds [static and dynamic dependencies]. Details - ImportResultOutputID=22c22f4b614e9358e9dd846829db8146 DependenciesID=753a3d7bdf01223bb09c53df7333001f StaticDependenciesID=8530ce6573ae9a6cd0b7e3b83f0a29ad 
Importing 'GUID: 1c410815c01ce1d4d82c645c0cd45747 - Path: Packages/com.unity.render-pipelines.core/Runtime/PathTracing/Shaders/LightmapAOIntegration.urtshader' with importer (ScriptedImporter : Unity.Rendering.LightTransport.Editor:UnityEditor.Rendering.UnifiedRayTracing:UnifiedRTShaderImporter)

Compiling Ray Tracing Shader "LightmapAOIntegration.urtshader", keywords = <no keywords>
    finished in 0.00 seconds. Local cache hits 1, remote cache hits 0, compiled 0 platform variants
Imported 'GUID: 1c410815c01ce1d4d82c645c0cd45747' -> (Import Result ID: '571200f6b02bdcbdb76be03cf5360cb9') in 0.013 seconds [static and dynamic dependencies]. Details - ImportResultOutputID=a9f2363aac9c0df7d7bb3de151fef5d1 DependenciesID=2f7296730c812460fd33ea1b6007a6e9 StaticDependenciesID=750dfd3ce8976c275bbe79cdc0d3127f 
Importing 'GUID: 2c32233d92a2d0745930664c087c5c9a - Path: Packages/com.unity.render-pipelines.core/Runtime/PathTracing/Shaders/ProbeIntegrationValidity.urtshader' with importer (ScriptedImporter : Unity.Rendering.LightTransport.Editor:UnityEditor.Rendering.UnifiedRayTracing:UnifiedRTShaderImporter)

Compiling Ray Tracing Shader "ProbeIntegrationValidity.urtshader", keywords = <no keywords>
    finished in 0.00 seconds. Local cache hits 1, remote cache hits 0, compiled 0 platform variants
Imported 'GUID: 2c32233d92a2d0745930664c087c5c9a' -> (Import Result ID: '72351dbf298e5d54d7b2610553f84028') in 0.012 seconds [static and dynamic dependencies]. Details - ImportResultOutputID=c4a7bb57fe624e31c8db046d8a711a75 DependenciesID=44855d14492c30cb3071cc33c34c7135 StaticDependenciesID=29b4a31e24ae88c796e0b3135dc8eb9b 
Importing 'GUID: ace95ac84e213794891b4bd7c9b3c158 - Path: Packages/com.unity.render-pipelines.core/Runtime/PathTracing/Shaders/LightmapValidityIntegration.urtshader' with importer (ScriptedImporter : Unity.Rendering.LightTransport.Editor:UnityEditor.Rendering.UnifiedRayTracing:UnifiedRTShaderImporter)

Compiling Ray Tracing Shader "LightmapValidityIntegration.urtshader", keywords = <no keywords>
    finished in 0.00 seconds. Local cache hits 1, remote cache hits 0, compiled 0 platform variants
Imported 'GUID: ace95ac84e213794891b4bd7c9b3c158' -> (Import Result ID: '27ffd7ab6dddac0b9012e04728c7d483') in 0.014 seconds [static and dynamic dependencies]. Details - ImportResultOutputID=3e952a12ab256969b8100ec72f531c66 DependenciesID=1aa0196720f59f8864f58338ba83c30c StaticDependenciesID=ba52e4c5fecd98843b40eedfc4866f08 
Importing 'GUID: 5ecdabd800f05984696f22ba95284516 - Path: Packages/com.unity.render-pipelines.core/Runtime/PathTracing/Shaders/ProbeIntegrationIndirect.urtshader' with importer (ScriptedImporter : Unity.Rendering.LightTransport.Editor:UnityEditor.Rendering.UnifiedRayTracing:UnifiedRTShaderImporter)

Compiling Ray Tracing Shader "ProbeIntegrationIndirect.urtshader", keywords = <no keywords>
    finished in 0.00 seconds. Local cache hits 1, remote cache hits 0, compiled 0 platform variants
Imported 'GUID: 5ecdabd800f05984696f22ba95284516' -> (Import Result ID: '997e1a083aa05b75e2b7d157ef1b2d89') in 0.014 seconds [static and dynamic dependencies]. Details - ImportResultOutputID=85d2a984eb75bdb3e5fdb7aab0ebc867 DependenciesID=913a10260e24f873aa86e18c68c2291d StaticDependenciesID=e2c127f94ccdcb83ca23463fb1f2a2e5 
Importing 'GUID: 6e0b547bab30a804c8123974120d583f - Path: Packages/com.unity.render-pipelines.core/Tests/Runtime/PathTracing/PathIteratorTest.urtshader' with importer (ScriptedImporter : Unity.Rendering.LightTransport.Editor:UnityEditor.Rendering.UnifiedRayTracing:UnifiedRTShaderImporter)

Compiling Ray Tracing Shader "PathIteratorTest.urtshader", keywords = <no keywords>
    finished in 0.00 seconds. Local cache hits 1, remote cache hits 0, compiled 0 platform variants
Imported 'GUID: 6e0b547bab30a804c8123974120d583f' -> (Import Result ID: 'bf3e67e4fd83e159ffe4580416aee6b1') in 0.014 seconds [static and dynamic dependencies]. Details - ImportResultOutputID=1133bd6c7f591f1dbb12e91a079e804f DependenciesID=a83a66d1cfff914d83a0d2e8bf29ffd7 StaticDependenciesID=109768bf87f2aa9106ce5a61082f1a11 
Importing 'GUID: de3013e16d99f2746ab1735ec06a660b - Path: Packages/com.unity.render-pipelines.core/Runtime/PathTracing/Shaders/ProbeIntegrationOcclusion.urtshader' with importer (ScriptedImporter : Unity.Rendering.LightTransport.Editor:UnityEditor.Rendering.UnifiedRayTracing:UnifiedRTShaderImporter)

Compiling Ray Tracing Shader "ProbeIntegrationOcclusion.urtshader", keywords = <no keywords>
    finished in 0.00 seconds. Local cache hits 1, remote cache hits 0, compiled 0 platform variants
Imported 'GUID: de3013e16d99f2746ab1735ec06a660b' -> (Import Result ID: 'd9d2f1cbae8a72cfe2b3421c83db68f9') in 0.014 seconds [static and dynamic dependencies]. Details - ImportResultOutputID=df1739e5f2b54e51c65943867080e15a DependenciesID=9cbf8b78f0890cd5021357b1ed6a90ee StaticDependenciesID=b27c26bc9001d433eb4742192dec8cdb 
Importing 'GUID: 1f9bfe60b4ad75943a5281839c1a4e5c - Path: Packages/com.unity.render-pipelines.core/Runtime/PathTracing/Shaders/ProbeIntegrationDirect.urtshader' with importer (ScriptedImporter : Unity.Rendering.LightTransport.Editor:UnityEditor.Rendering.UnifiedRayTracing:UnifiedRTShaderImporter)

Compiling Ray Tracing Shader "ProbeIntegrationDirect.urtshader", keywords = <no keywords>
    finished in 0.00 seconds. Local cache hits 1, remote cache hits 0, compiled 0 platform variants
Imported 'GUID: 1f9bfe60b4ad75943a5281839c1a4e5c' -> (Import Result ID: 'f4a73616edd9216bbc44c63ef3a086d7') in 0.013 seconds [static and dynamic dependencies]. Details - ImportResultOutputID=738fdbbe71a2f2ee3456986b74513de9 DependenciesID=fe3e4755a05d808fc83c797f9ad3da9d StaticDependenciesID=9976b23c91526db98b62402ee2637b09 
Importing 'GUID: ff2cbab5da58bf04d82c5f34037ed123 - Path: Packages/com.unity.render-pipelines.core/Editor/Lighting/ProbeVolume/VirtualOffset/TraceVirtualOffset.urtshader' with importer (ScriptedImporter : Unity.Rendering.LightTransport.Editor:UnityEditor.Rendering.UnifiedRayTracing:UnifiedRTShaderImporter)

Compiling Ray Tracing Shader "TraceVirtualOffset.urtshader", keywords = <no keywords>
    finished in 0.00 seconds. Local cache hits 1, remote cache hits 0, compiled 0 platform variants
Imported 'GUID: ff2cbab5da58bf04d82c5f34037ed123' -> (Import Result ID: '2a01eb5de48c20a5d9c5b8f2f79d8c51') in 0.012 seconds [static and dynamic dependencies]. Details - ImportResultOutputID=c668d5d1ed862acb07b707b7fd362ac3 DependenciesID=9532ed0146e84e5699d11b10afcc51bb StaticDependenciesID=bb01cef5f5bbfce7bb5614b4f3a2af7b 
Starting new worker id: 0 with log in C:/Users/myong/NaManMoo/Logs/AssetImportWorkerHW0.log
The following asset(s) located in immutable packages were unexpectedly altered. Making changes to immutable packages isn't recommended because the changes can be lost without any warning during Package Manager operations.
  Packages/com.unity.2d.animation/package.json
  Packages/com.unity.collab-proxy/Editor/Gluon/UpdateProgress.cs
  Packages/com.unity.ugui/Tests/Runtime/UGUI/EventSystem/GraphicRaycasterButtonTests.cs
  Packages/com.unity.shadergraph/Editor/Generation/Enumerations/BlendOp.cs
  Packages/com.unity.collab-proxy/Editor/CodeEditor/Rendering/SingleCharacterElementGenerator.cs
  Packages/com.unity.collab-proxy/Editor/Assets/Images/d_iconoriginalsize@2x.png
  Packages/com.unity.multiplayer.center/Editor/Recommendations/RecommenderSystemDataObject.cs
  Packages/com.unity.2d.psdimporter/Editor/PSDLayer.cs
  Packages/com.unity.render-pipelines.universal/Runtime/2D/Lights/Light2DPoint.cs
  Packages/com.unity.2d.psdimporter/Editor/Assets/Icons/Dark/Layers Collapsed@8x.png
  Packages/com.unity.render-pipelines.universal/Editor/ShaderGraph/Includes/SelectionPickingPass.hlsl
  Packages/com.unity.collab-proxy/Editor/UI/DropDownTextField.cs
  Packages/com.unity.visualscripting/Editor/VisualScripting.Core/Plugin/Acknowledgements/Acknowledgement_DotNetZip.cs
  Packages/com.unity.render-pipelines.universal/Editor/AssetPostProcessors/ModelPostProcessor.cs
  Packages/com.unity.collections/Unity.Collections.Tests/Jobs/FilterJobTests.cs
  Packages/com.unity.visualscripting/Editor/VisualScripting.Core/Utilities/WarningLevel.cs
  Packages/com.unity.test-framework.performance/Editor/TestReportGraph/SampleGroupAdditionalData.cs
  Packages/com.unity.collab-proxy/Editor/Diff/UnityBigFileChecker.cs
  Packages/com.unity.collab-proxy/Editor/Views/BranchExplorer/Drawing/Shapes/ChangesetNumberShape.cs
  Packages/com.unity.render-pipelines.core/Runtime/Common
  Packages/com.unity.render-pipelines.universal/ShaderLibrary/Debug/DebuggingCommon.hlsl
  Packages/com.unity.burst/Runtime/BurstRuntime.cs
  Packages/com.unity.render-pipelines.universal/Editor/VFXGraph/Shaders/Templates/ParticlePlanarPrimitivesLit/PassGBuffer.template
  Packages/com.unity.inputsystem/InputSystem/Editor/Icons/Gamepad@4x.png
  Packages/com.unity.timeline/Runtime/AssetUpgrade
  Packages/com.unity.shadergraph/Editor/Data/Nodes/Artistic/Utility
  Packages/com.unity.visualscripting/Editor/VisualScripting.Flow/Framework/Nesting/GraphInputInspector.cs
  Packages/com.unity.visualscripting/Editor/VisualScripting.Core/Plugin/Changelogs/LegacyLudiqGraphs/Changelog_1_4_0.cs
  Packages/com.unity.shadergraph/Editor/Generation/Attributes
  Packages/com.unity.render-pipelines.core/Editor/CoreEditorDrawers.cs
  Packages/com.unity.render-pipelines.universal/Editor/ShaderGraph/Templates
  Packages/com.unity.searcher/LICENSE.md
  Packages/com.unity.render-pipelines.core/Editor/Lighting/Icons/LightUnitIcons/SoftAreaLight@2x.png
  Packages/com.unity.collab-proxy/Editor/CodeEditor/TextEditorComponent.cs
  Packages/com.unity.collab-proxy/Editor/Assets/Images/d_iconzoomin.png
  Packages/com.unity.collab-proxy/Editor/Assets/Images/icondeletedremote@2x.png
  Packages/com.unity.ide.visualstudio/Editor/KnownAssemblies.cs
  Packages/com.unity.timeline/Editor/treeview/IPropertyKeyDataSource.cs
  Packages/com.unity.render-pipelines.universal/Editor/UniversalAdditionalLightDataEditor.cs
  Packages/com.unity.collab-proxy/Editor/Views/Diff/DiffTreeView.cs
  Packages/com.unity.collab-proxy/Editor/CodeEditor/TextViewPosition.cs
  Packages/com.unity.shadergraph/Tests/Editor/ProviderTests
  Packages/com.unity.shadergraph/Editor/Data/Nodes/Artistic/Adjustment/InvertColorsNode.cs
  Packages/com.unity.shadergraph/Editor/Generation/Descriptors/KeywordDescriptor.cs
  Packages/com.unity.timeline/Editor/Window/TimelineWindow_Manipulators.cs
  Packages/com.unity.render-pipelines.universal/Shaders/Utils/ClusterDeferred.shader
  Packages/com.unity.render-pipelines.universal/Editor/2D/Resources/SceneViewIcons/PointLight.png
  Packages/com.unity.visualscripting/Editor/VisualScripting.Core/Variables/VariableDeclarationsInspector.cs
  Packages/com.unity.render-pipelines.core/Runtime/Utilities/BlitColorAndDepth.hlsl
  Packages/com.unity.visualscripting/Editor/VisualScripting.Flow/Plugin/BoltFlowConfiguration.cs
  Packages/com.unity.2d.spriteshape/Editor/AngleRangeController.cs
  Packages/com.unity.ugui/Runtime/UGUI/UI/Core/AnimationTriggers.cs
  Packages/com.unity.render-pipelines.universal/Tests/Editor/RenderPassCullingTests.cs
  Packages/com.unity.timeline/Editor/StyleSheets/Images/DarkSkin/TimelineMarkerItemCollapsed.png
  Packages/com.unity.searcher/Editor/Searcher/SearcherDatabaseBase.cs
  Packages/com.unity.collab-proxy/Editor/Views/BranchExplorer/Virtualization/CanvasScrollView.cs
  Packages/com.unity.collab-proxy/Editor/Assets/Images/iconzoomtofit@2x.png
  Packages/com.unity.timeline/Editor/StyleSheets/Images/Icons/TrackAvatarButtonDisabled.png
  Packages/com.unity.2d.aseprite/Editor/Utilities/PlatformSettingsUtilities.cs
  Packages/com.unity.render-pipelines.universal/Textures/BlueNoise256/LDR_LLL1_7.png
  Packages/com.unity.2d.spriteshape/Runtime/SpriteShapeGeometryCreator.cs
  Packages/com.unity.visualscripting/Runtime/VisualScripting.Flow/Framework/Events/Physics2D
  Packages/com.unity.modules.unitywebrequesttexture/package.ModuleCompilationTrigger
  Packages/com.unity.visualscripting/Runtime/VisualScripting.Core/Reflection/Optimization/InstanceActionInvoker_2.cs
  Packages/com.unity.collections/Unity.Collections.PerformanceTests/RewindableAllocatorPerformanceTests.cs
  Packages/com.unity.test-framework/UnityEditor.TestRunner/TestRun/Tasks/Scene/RemoveAdditionalUntitledSceneTask.cs
  Packages/com.unity.shadergraph/Editor/Data/Enumerations/Precision.cs
  Packages/com.unity.2d.tilemap/Editor/Icons/Tilemap.FocusGrid@4x.png
  Packages/com.unity.render-pipelines.universal/Runtime/Passes/ScreenSpaceAmbientOcclusionPass.cs
  Packages/com.unity.render-pipelines.universal/Runtime/Decal/Entities/DecalEntityManager.cs
  Packages/com.unity.burst/Unity.Burst.CodeGen/CecilExtensions.cs
  Packages/com.unity.2d.tilemap/Editor/Icons/Tilemap.FocusGrid.png
  Packages/com.unity.render-pipelines.universal/ShaderLibrary/Debug/DebugViewEnums.cs.hlsl
  Packages/com.unity.inputsystem/InputSystem/Devices/Commands/QueryEnabledStateCommand.cs
  Packages/com.unity.visualscripting/Editor/VisualScripting.Flow/Framework/Codebase/LiteralInspector.cs
  Packages/com.unity.shadergraph/Editor/Data/Util/PropertyUtil.cs
  Packages/com.unity.2d.animation/Editor/Assets/ComponentIcons/Animation.SpriteResolver On@256.png
  Packages/com.unity.visualscripting/Editor/VisualScripting.Flow/Plugin/Changelogs/Changelog_1_4_3.cs
  Packages/com.unity.render-pipelines.universal/Runtime/2D/Shadows/Shadow Provider Utility/ShadowShape2D.cs
  Packages/com.unity.shadergraph/GraphTemplates/Subgraphs/Face Normal.shadersubgraph
  Packages/com.unity.2d.spriteshape/Runtime/AssemblyInfo.cs
  Packages/com.unity.shadergraph/Editor/Data/Nodes/UI
  Packages/com.unity.collab-proxy/Editor/Assets/Images/d_iconcheckmark@2x.png
  Packages/com.unity.render-pipelines.core/Editor/PostProcessing/LensFlareResource/CircleFlareThumbnail.png
  Packages/com.unity.2d.tilemap.extras/Editor/Tiles/AutoTile/UI
  Packages/com.unity.shadergraph/Editor/AssetCallbacks/CreateShaderGraph.cs
  Packages/com.unity.2d.common/Path/Editor/EditablePath
  Packages/com.unity.visualscripting/Editor/VisualScripting.Core/Debugging
  Packages/com.unity.visualscripting/Runtime/VisualScripting.Flow/Framework/Collections/Dictionaries/RemoveDictionaryItem.cs
  Packages/com.unity.2d.tilemap/Editor/Icons/Grid.RotateCW.png
  Packages/com.unity.test-framework/UnityEngine.TestRunner/NUnitExtensions/Commands/EnumerableSetUpTearDownCommand.cs
  Packages/com.unity.2d.tilemap/Editor/GridPaletteEditor.cs
  Packages/com.unity.test-framework.performance/Runtime/Measurements/ScopeMeasurement.cs
  Packages/com.unity.2d.tilemap/Editor/Icons/d_Tilemap.BrushPicks.png
  Packages/com.unity.collab-proxy/Editor/Diff/Asset/Content/Search
  Packages/com.unity.2d.sprite
  Packages/com.unity.ext.nunit
  Packages/com.unity.shadergraph/Editor/Serialization/JsonRef.cs
  Packages/com.unity.collab-proxy/Lib/Editor/Localization/mergetool.es.txt
  Packages/com.unity.render-pipelines.universal/Runtime/2D/Shadows/Providers/ShadowShape2DProvider_SpriteShape.cs
  Packages/com.unity.visualscripting/Editor/VisualScripting.Core/Plugins/PluginDependencyAttribute.cs
  Packages/com.unity.2d.tilemap/Editor/TileSet/TileSet.cs
  Packages/com.unity.render-pipelines.core/Runtime/Sampling/Textures/SobolBlueNoise/SobolOwenScrambled256.png
  Packages/com.unity.visualscripting/Runtime/VisualScripting.Core/Collections/AotList.cs
  Packages/com.unity.render-pipelines.universal/Editor/VFXGraph/Shaders/Templates/URPDecal/PassGBuffer.template
  Packages/com.unity.ugui/Editor Resources/Shaders/TMP_SDF Internal Editor.shader
  Packages/com.unity.2d.animation/Editor/Assets/EditorIcons/Dark/d_Visibility_Hidded@4x.png
  Packages/com.unity.test-framework.performance/Runtime/Data/Hardware.cs
  Packages/com.unity.render-pipelines.core/Editor/Settings/PropertyDrawers/DefaultVolumeProfileSettingsPropertyDrawer.cs
  Packages/com.unity.render-pipelines.universal/ShaderLibrary/DecalInput.hlsl
  Packages/com.unity.visualscripting/Runtime/VisualScripting.Flow/Framework/Literal.cs
  Packages/com.unity.collab-proxy/Editor/UI/Avatar
  Packages/com.unity.shadergraph/Editor/Data/Graphs/Matrix4MaterialSlot.cs
  Packages/com.unity.timeline/Editor/Signals/TreeView/SignalListFactory.cs
  Packages/com.unity.collab-proxy/Editor/Views/Labels/LabelsSelection.cs
  Packages/com.unity.timeline/Editor/inspectors/BasicAssetInspector.cs
  Packages/com.unity.collab-proxy/Editor/Diff/Asset/Diff/Search
  Packages/com.unity.render-pipelines.universal/Shaders/FullscreenInvertColors.shadergraph
  Packages/com.unity.2d.aseprite/Editor/AssetGeneration/TextureGeneration.cs
  Packages/com.unity.collab-proxy/Editor/Configuration/CloudEdition/Welcome/SignInWithEmailPanel.cs
  Packages/com.unity.ugui/Runtime/TMP/TMP_TextInfo.cs
  Packages/com.unity.visualscripting/Runtime/VisualScripting.Flow/Framework/Control/Cache.cs
  Packages/com.unity.
[C:\build\output\unity\unity\Modules\LocalizationEditor\LocalizationDatabase.cpp:816]Packages/com.unity.timeline/Editor/Localization/ja.po
Shader Hidden/ChartRasterizerHardware is not supported: GPU does not support conservative rasterization
Worker ready: AssetImportWorkerHW0 0
No restricted APIs configured; Validation skipped.
Checking 23 assemblies for restricted APIs found 0 usage(s) in 17 ms

Asset Pipeline Refresh (id=0cdc1c9bb214f9b4a8f9c0d45972eb03): Total: 46.099 seconds - Initiated by InitialRefreshV2(ForceSynchronousImport)
	(Values over 0.05ms)
	Summary:
		Imports: total=21 (actual=21, local cache=0, cache server=0)
		Asset DB Process Time: managed=7 ms, native=16975 ms
		Asset DB Callback time: managed=9820 ms, native=2507 ms
		Scripting: domain reloads=1, domain reload time=1846 ms, compile time=14903 ms, other=38 ms
		Project Asset Count: scripts=1589, non-scripts=3137
		Asset File Changes: new=11968, changed=11968, moved=0, deleted=0
		Scan Filter Count: 0
	InvokePackagesCallback: 18.032ms
	ApplyChangesToAssetFolders: 0.512ms
	Scan: 12868.085ms
	Collect global state as custom dependencies: 2.493ms
	OnSourceAssetsModified: 50.207ms
	CategorizeScriptCompilationAssets: 39.038ms
	ProcessAssetsWithTransientArtifactChanges: 62.215ms
	CategorizeAssets: 39.929ms
	CompileScripts: 14903.349ms
	ImportOutOfDateAssets: 3800.540ms (2972.951ms without children)
		ImportManagerImport: 767.989ms (1.619ms without children)
			UpdateCategorizedAssets: 0.975ms
		UnloadImportedAssets: 0.833ms
		ReloadImportedAssets: 10.735ms
		EnsureUptoDateAssetsAreRegisteredWithGuidPM: 0.545ms
		ImportSchedulerStart: 58.171ms
	PostProcessAllAssets: 12271.312ms
		ShaderAssetModifiedCallback 615.635ms
		ComputeShaderImportPostprocess 504.130ms
		AssemblyValidation.PostprocessAllAssets 347.995ms
		RaytracingShaderImportPostprocess 140.952ms
		VersionControlSettings.HiddenFilePostprocess 56.787ms
		SpriteAtlasDatabase.OnAssetPostprocessCallback 36.685ms
		PostProcessCallbackCreateDeferredMaterials 36.044ms
		LocalizationDatabase.AssetDatabasePostprocessCallback 14.348ms
		SpeedTreeImporter.PostprocessAllAssets 14.345ms
		BlockShaderImporter.PostprocessAllAssets 5.799ms
		VCAutoAddAssetPostprocess 3.498ms
		XRBuildSystem.XRAssetImported 0.458ms
		MonoPostProcessAllAssets: 9809.618ms
			SpriteSlicePostprocessor.OnPostprocessAllAssets 7444.348ms
			RetainedModeAssetPostprocessor.OnPostprocessAllAssets 909.324ms
			PostProcessor.OnPostprocessAllAssets 349.238ms
			ShaderGraphAssetPostProcessor.OnPostprocessAllAssets 299.496ms
			SyncVS.PostprocessSyncProject 197.789ms
			AssetPostprocessor.OnPostprocessAllAssets 117.365ms
			MaterialPostprocessor.OnPostprocessAllAssets 47.807ms
			InputActionJsonNameModifierAssetProcessor.OnPostprocessAllAssets 47.456ms
			UniversalRenderPipelineGlobalSettingsPostprocessor.OnPostprocessAllAssets 44.999ms
			TextAssetPostProcessor.OnPostprocessAllAssets 41.761ms
			StyleCatalogPostProcessor.OnPostprocessAllAssets 39.574ms
			InputActionAssetPostprocessor.OnPostprocessAllAssets 37.045ms
			AssetChangedListener.OnPostprocessAllAssets 24.811ms
			BuilderAssetPostprocessor.OnPostprocessAllAssets 11.889ms
			RenderPipelineGlobalSettingsPostprocessor.OnPostprocessAllAssets 11.328ms
			SpeedTree9Postprocessor.OnPostprocessAllAssets 7.661ms
			WindowAssetPostprocessingWatcher.OnPostprocessAllAssets 3.513ms
			TMPro_TexturePostProcessor.OnPostprocessAllAssets 3.367ms
			EditModeScopePostprocessor.OnPostprocessAllAssets 1.300ms
			SpeedTreePostProcessor.OnPostprocessAllAssets 0.966ms
			ArtifactBrowserPostProcessor.OnPostprocessAllAssets 0.908ms
			SpriteEditorTexturePostprocessor.OnPostprocessAllAssets 0.731ms
			AssetEvents.OnPostprocessAllAssets 0.493ms
			SpriteShapeAssetPostProcessor.OnPostprocessAllAssets 0.478ms
			SampleDependencyImporterPostProcessor.OnPostprocessAllAssets 0.437ms
			ReferencedClipsPostProcessor.OnPostprocessAllAssets 0.428ms
			AudioMixerPostprocessor.OnPostprocessAllAssets 0.427ms
			UVCSAssetPostprocessor.OnPostprocessAllAssets 0.407ms
			ShaderReflectionAssetPostProcessor.OnPostprocessAllAssets 0.390ms
			ProjectSettingsPostprocessor.OnPostprocessAllAssets 0.336ms
			AssetProcessor.OnPostprocessAllAssets 0.334ms
			SpriteLibraryAssetPostprocessor.OnPostprocessAllAssets 0.251ms
			TerrainToolbarOverlayPostProcessor.OnPostprocessAllAssets 0.236ms
			AssetDatabaseCallbacks.OnPostprocessAllAssets 0.219ms
			SamplePostprocessor.OnPostprocessAllAssets 0.189ms
			ConfigAssetsTracker.OnPostprocessAllAssets 0.179ms
			PSDImportPostProcessor.OnPostprocessAllAssets 0.170ms
			AssetReloadNotifier.OnPostprocessAllAssets 0.154ms
			ScenarioDriftAssetsTracker.OnPostprocessAllAssets 0.135ms
			PSDImporterAssetPostProcessor.OnPostprocessAllAssets 0.102ms
			AudioContainerPostProcessor.OnPostprocessAllAssets 0.096ms
	PostAssetChangesProfiler: 4.002ms
	UnloadStreamsBegin: 2.849ms
	PersistCurrentRevisions: 0.431ms
	GenerateScriptTypeHashes: 1.290ms
	GenerateScriptTypeSerializationHashes: 2.294ms
	Untracked: 2030.461ms

Application.AssetDatabase Initial Refresh End
Shader Hidden/ChartRasterizerHardware is not supported: GPU does not support conservative rasterization
Scanning for USB devices : 7.738ms
Initializing Unity extensions:
[MODES] ModeService[none].Initialize
[MODES] ModeService[none].LoadModes
[MODES] Loading mode Default (0) for mode-current-id-NaManMoo
Unloading 1999 Unused Serialized files (Serialized files now loaded: 0)
Unloading 9446 unused Assets / (21.3 MB). Loaded Objects now: 8311.
Memory consumption went from 0.67 GB to 0.65 GB.
Total: 17.170400 ms (FindLiveObjects: 0.810900 ms CreateObjectMapping: 1.919800 ms MarkObjects: 5.710400 ms  DeleteObjects: 8.726500 ms)

Microsoft Media Foundation video decoding to texture disabled: graphics device is Null, only Direct3D 11 and Direct3D 12 (only on desktop) are supported for hardware-accelerated video decoding.
[Project] Loading completed in 50.741 seconds
	Project init time: 				50.508 seconds
		Template init time: 		0.000 seconds
		Package Manager init time: 		1.456 seconds
		Asset Database init time: 		1.943 seconds
		Global illumination init time: 	0.002 seconds
		Assemblies load time: 			0.606 seconds
		Unity extensions init time: 	0.008 seconds
		Asset Database refresh time: 	46.099 seconds
	Scene opening time: 			0.139 seconds
##utp:{"type":"ProjectInfo","version":2,"phase":"Immediate","time":1785303859368,"processId":24340,"projectLoad":50.740940099999999,"projectInit":50.5077898,"templateInit":0.0,"packageManagerInit":1.4563073,"assetDatabaseInit":1.9431277,"globalIlluminationInit":0.0021697,"assembliesLoad":0.6057461,"unityExtensionsInit":0.0080894,"assetDatabaseRefresh":46.0990998,"sceneOpening":0.1393156}
##utp:{"type":"EditorInfo","version":2,"phase":"Immediate","time":1785303859368,"processId":24340,"editorVersion":"6000.5.5f1 (d16e074b49fd)","branch":"6000.5/staging","buildType":"Release","platform":"Windows"}
[Licensing::Client] Successfully resolved entitlement details
Running tests for ExecutionSettings with details:
targetPlatform = 
playerHeartbeatTimeout = 600
filters[0] = 
   Filter with settings:
   testMode = EditMode
   targetPlatform = 
   testNames = null
   groupNames = null
   categoryNames = null
   assemblyNames = null
ignoreTests = {}
featureFlags = null

UnityEngine.Debug:ExtractStackTraceNoAlloc (byte*,int,string)
UnityEngine.StackTraceUtility:ExtractStackTrace ()
UnityEngine.DebugLogHandler:Internal_Log (UnityEngine.LogType,UnityEngine.LogOption,string,UnityEngine.Object)
UnityEngine.DebugLogHandler:LogFormat (UnityEngine.LogType,UnityEngine.Object,string,object[])
UnityEngine.Logger:Log (UnityEngine.LogType,object)
UnityEngine.Debug:Log (object)
UnityEditor.TestTools.TestRunner.CommandLineTest.Executer:InitializeAndExecuteRun (string[]) (at ./Library/PackageCache/com.unity.test-framework@1405238725ab/UnityEditor.TestRunner/CommandLineTest/Executer.cs:53)
UnityEditor.TestTools.TestRunner.CommandLineTest.TestStarter:InitializeAndExecuteRun () (at ./Library/PackageCache/com.unity.test-framework@1405238725ab/UnityEditor.TestRunner/CommandLineTest/TestStarter.cs:64)
UnityEditor.EditorApplication:Internal_CallUpdateFunctions ()

(Filename: ./Library/PackageCache/com.unity.test-framework@1405238725ab/UnityEditor.TestRunner/CommandLineTest/Executer.cs Line: 53)

Start Indexing on Editor startup
[Indexing] Starting Initial Indexing for Assets
[UnityConnectServicesConfig] config is NOT valid, switching to default
Created GICache directory at C:/Users/myong/AppData/LocalLow/Unity/Caches/GiCache. Took: 0.015s, timestamps: [50.744 - 50.759]
[Licensing::Client] Successfully resolved entitlement details
Unloading 16 Unused Serialized files (Serialized files now loaded: 0)
Unloading 38 unused Assets / (1.9 MB). Loaded Objects now: 8337.
Memory consumption went from 458.8 MB to 457.0 MB.
Total: 7.128100 ms (FindLiveObjects: 0.273400 ms CreateObjectMapping: 0.552000 ms MarkObjects: 6.076700 ms  DeleteObjects: 0.225300 ms)

Executing IPrebuildSetup for: Unity.PerformanceTesting.Editor.TestRunBuilder.
UnityEngine.Debug:ExtractStackTraceNoAlloc (byte*,int,string)
UnityEngine.StackTraceUtility:ExtractStackTrace ()
UnityEngine.DebugLogHandler:Internal_Log (UnityEngine.LogType,UnityEngine.LogOption,string,UnityEngine.Object)
UnityEngine.DebugLogHandler:LogFormat (UnityEngine.LogType,UnityEngine.Object,string,object[])
UnityEngine.Logger:Log (UnityEngine.LogType,object)
UnityEngine.Debug:Log (object)
UnityEditor.TestTools.TestRunner.TestRun.Tasks.BuildActionTaskBase`1/<ExecuteMethods>d__8<UnityEngine.TestTools.IPrebuildSetup>:MoveNext () (at ./Library/PackageCache/com.unity.test-framework@1405238725ab/UnityEditor.TestRunner/TestRun/Tasks/BuildActionTaskBase.cs:48)
UnityEditor.TestTools.TestRunner.TestRun.Tasks.BuildActionTaskBase`1/<Execute>d__7<UnityEngine.TestTools.IPrebuildSetup>:MoveNext () (at ./Library/PackageCache/com.unity.test-framework@1405238725ab/UnityEditor.TestRunner/TestRun/Tasks/BuildActionTaskBase.cs:34)
UnityEditor.TestTools.TestRunner.TestRun.TestJobRunner:ExecuteStep () (at ./Library/PackageCache/com.unity.test-framework@1405238725ab/UnityEditor.TestRunner/TestRun/TestJobRunner.cs:194)
UnityEditor.TestTools.TestRunner.TestRun.TestJobRunner:ExecuteCallback () (at ./Library/PackageCache/com.unity.test-framework@1405238725ab/UnityEditor.TestRunner/TestRun/TestJobRunner.cs:129)
UnityEditor.EditorApplication:Internal_CallUpdateFunctions ()

(Filename: ./Library/PackageCache/com.unity.test-framework@1405238725ab/UnityEditor.TestRunner/TestRun/Tasks/BuildActionTaskBase.cs Line: 48)

SpriteAtlasPacking completed in 0.003402 sec
Entering Playmode with Reload Domain disabled.
If you experience any issues, please disable "Enter Play Mode Options" in Editor Settings
Loaded scene 'Temp/__Backupscenes/0.backup'
	Deserialize:            0.347 ms
	Integration:            288.924 ms
	Integration of assets:  0.004 ms
	Thread Wait Time:       0.008 ms
	Total Operation Time:   289.283 ms
Unloading 0 Unused Serialized files (Serialized files now loaded: 0)
Loaded scene 'Temp/__Backupscenes/0.backup'
	Deserialize:            0.360 ms
	Integration:            258.917 ms
	Integration of assets:  0.002 ms
	Thread Wait Time:       0.012 ms
	Total Operation Time:   259.290 ms
Unloading 0 unused Assets / (0 B). Loaded Objects now: 8340.
Memory consumption went from 454.0 MB to 454.0 MB.
Total: 7.805400 ms (FindLiveObjects: 0.406500 ms CreateObjectMapping: 0.542900 ms MarkObjects: 6.847700 ms  DeleteObjects: 0.007300 ms)

SpriteAtlasPacking completed in 0.003024 sec
Entering Playmode with Reload Domain disabled.
If you experience any issues, please disable "Enter Play Mode Options" in Editor Settings
Loaded scene 'Temp/__Backupscenes/0.backup'
	Deserialize:            0.262 ms
	Integration:            250.686 ms
	Integration of assets:  0.001 ms
	Thread Wait Time:       0.007 ms
	Total Operation Time:   250.957 ms
Unloading 0 Unused Serialized files (Serialized files now loaded: 0)
Loaded scene 'Temp/__Backupscenes/0.backup'
	Deserialize:            0.165 ms
	Integration:            255.838 ms
	Integration of assets:  0.002 ms
	Thread Wait Time:       0.019 ms
	Total Operation Time:   256.024 ms
Unloading 0 unused Assets / (0 B). Loaded Objects now: 8341.
Memory consumption went from 454.6 MB to 454.6 MB.
Total: 7.381200 ms (FindLiveObjects: 0.379300 ms CreateObjectMapping: 0.537600 ms MarkObjects: 6.455500 ms  DeleteObjects: 0.007600 ms)

SpriteAtlasPacking completed in 0.003014 sec
Entering Playmode with Reload Domain disabled.
If you experience any issues, please disable "Enter Play Mode Options" in Editor Settings
Loaded scene 'Temp/__Backupscenes/0.backup'
	Deserialize:            0.185 ms
	Integration:            261.523 ms
	Integration of assets:  0.001 ms
	Thread Wait Time:       0.011 ms
	Total Operation Time:   261.721 ms
Unloading 0 Unused Serialized files (Serialized files now loaded: 0)
Loaded scene 'Temp/__Backupscenes/0.backup'
	Deserialize:            0.205 ms
	Integration:            260.979 ms
	Integration of assets:  0.001 ms
	Thread Wait Time:       0.007 ms
	Total Operation Time:   261.192 ms
Unloading 0 unused Assets / (0 B). Loaded Objects now: 8341.
Memory consumption went from 454.6 MB to 454.6 MB.
Total: 8.038700 ms (FindLiveObjects: 0.383500 ms CreateObjectMapping: 0.525700 ms MarkObjects: 7.120500 ms  DeleteObjects: 0.007700 ms)

SpriteAtlasPacking completed in 0.003077 sec
Entering Playmode with Reload Domain disabled.
If you experience any issues, please disable "Enter Play Mode Options" in Editor Settings
Loaded scene 'Temp/__Backupscenes/0.backup'
	Deserialize:            0.184 ms
	Integration:            265.923 ms
	Integration of assets:  0.001 ms
	Thread Wait Time:       0.007 ms
	Total Operation Time:   266.116 ms
Unloading 0 Unused Serialized files (Serialized files now loaded: 0)
Loaded scene 'Temp/__Backupscenes/0.backup'
	Deserialize:            0.196 ms
	Integration:            247.867 ms
	Integration of assets:  0.001 ms
	Thread Wait Time:       0.006 ms
	Total Operation Time:   248.069 ms
Unloading 0 unused Assets / (0 B). Loaded Objects now: 8341.
Memory consumption went from 454.6 MB to 454.6 MB.
Total: 7.444500 ms (FindLiveObjects: 0.375600 ms CreateObjectMapping: 0.521500 ms MarkObjects: 6.540200 ms  DeleteObjects: 0.006500 ms)

Unloading 2 Unused Serialized files (Serialized files now loaded: 0)
Unloading 5 unused Assets / (6.8 KB). Loaded Objects now: 8337.
Memory consumption went from 463.5 MB to 463.5 MB.
Total: 7.942700 ms (FindLiveObjects: 0.216800 ms CreateObjectMapping: 0.523700 ms MarkObjects: 7.138200 ms  DeleteObjects: 0.062700 ms)

Loading style catalogs (8)
	StyleSheets/Extensions/base/common.uss
	UIPackageResources/StyleSheets/Default/Variables/Public/common.uss
	StyleSheets/Northstar/common.uss
	StyleSheets/Extensions/fonts/inter.uss
	StyleSheets/Extensions/base/dark.uss
	UIPackageResources/StyleSheets/Default/Northstar/Palette/dark.uss
	Packages/com.unity.timeline/Editor/StyleSheets/Extensions/dark.uss
	Packages/com.unity.timeline/Editor/StyleSheets/Extensions/common.uss
Asset Pipeline Refresh (id=542da16187b480e4baf4ec026cce4523): Total: 0.161 seconds - Initiated by StopAssetImportingV2(NoUpdateAssetOptions)
Asset Pipeline Refresh (id=67f5678fdc9d2dc4b8e48468859a7920): Total: 0.065 seconds - Initiated by StopAssetImportingV2(NoUpdateAssetOptions)
Importing 'GUID: 0000000000000000b000000000000000 - Path: ProjectSettings/EditorBuildSettings.asset' with importer (LibraryAssetImporter)
Imported 'GUID: 0000000000000000b000000000000000' -> (Import Result ID: '5c80eeda066968b6bdeb250b5371098f') in 0.002 seconds [static dependencies only]. Details - ImportResultOutputID=4647dd083cfc32cebcd7526e8846440c DependenciesID=e43f6ce19cdd1cb9df812c2055b0afa8 StaticDependenciesID=184cae0d2c047389662377641d76fef0 
Importing 'GUID: d667a029da0331b49ab92eece89065cf - Path: Assets/Stage1/Stage1Floor.mat' with importer (NativeFormatImporter)
Imported 'GUID: d667a029da0331b49ab92eece89065cf' -> (Import Result ID: 'e62cd0ca8c877c88abf8f04f7e3a04b9') in 0.005 seconds [static dependencies only]. Details - ImportResultOutputID=e01cae77c8134cb78dbfe75ce32e4e81 DependenciesID=3c6fbe61855130c7385b3dac905ebaa1 StaticDependenciesID=a95e27b5e593179df9a4b85f046e4d85 
Importing 'GUID: 9e0a6dff254e4b94aa9c01ae00a00cc2 - Path: Assets/Stage1/Stage1Boundary.mat' with importer (NativeFormatImporter)
Imported 'GUID: 9e0a6dff254e4b94aa9c01ae00a00cc2' -> (Import Result ID: 'c515a35aa5c244f0754ee4f3a4b8446a') in 0.005 seconds [static dependencies only]. Details - ImportResultOutputID=a5ffcc6084e58a7041f12d00df1cace9 DependenciesID=eb6577b0991e55cb5636b50836652e23 StaticDependenciesID=0df7a04e28f95711beb07e8ca9f5faa3 
Asset Pipeline Refresh (id=375b5672ae50b044d92b47553d0c24b1): Total: 0.050 seconds - Initiated by StopAssetImportingV2(NoUpdateAssetOptions)
Importing 'GUID: 8fd1271bf7d54e1cbe77401b096aca02 - Path: Assets/Scenes/Stage1.unity' with importer (DefaultImporter)
Imported 'GUID: 8fd1271bf7d54e1cbe77401b096aca02' -> (Import Result ID: '63ec426b31dabaaa84db2e80c41f68f9') in 0.007 seconds [static dependencies only]. Details - ImportResultOutputID=cc877358602f8b7a119121510a8d34ed DependenciesID=18afe2adff5245a44dce23e715315038 StaticDependenciesID=01a5af813907e5df0e9969cc9caa65cf 
Asset Pipeline Refresh (id=9b51eb31e169510428e566175b790f44): Total: 0.062 seconds - Initiated by StopAssetImportingV2(NoUpdateAssetOptions)
Asset Pipeline Refresh (id=e3db9297b5e0ddd4fa50ef2d412def79): Total: 0.008 seconds - Initiated by RefreshV2(NoUpdateAssetOptions)
Opening scene 'Assets/Scenes/Stage1.unity'
Unloading 0 Unused Serialized files (Serialized files now loaded: 0)
Loaded scene 'Assets/Scenes/Stage1.unity'
	Deserialize:            3.154 ms
	Integration:            256.162 ms
	Integration of assets:  0.001 ms
	Thread Wait Time:       0.011 ms
	Total Operation Time:   259.328 ms
Unloading 189 unused Assets / (159.2 KB). Loaded Objects now: 8569.
Memory consumption went from 476.0 MB to 475.9 MB.
Total: 8.299800 ms (FindLiveObjects: 0.397000 ms CreateObjectMapping: 0.544200 ms MarkObjects: 7.121800 ms  DeleteObjects: 0.236000 ms)

Unloading 1 Unused Serialized files (Serialized files now loaded: 0)
Unloading 9 unused Assets / (7.1 MB). Loaded Objects now: 8363.
Memory consumption went from 475.7 MB to 468.6 MB.
Total: 6.543600 ms (FindLiveObjects: 0.189400 ms CreateObjectMapping: 0.609400 ms MarkObjects: 5.683600 ms  DeleteObjects: 0.060600 ms)

Asset Pipeline Refresh (id=c10adfe1209f9834e97ed58189f57c6a): Total: 0.060 seconds - Initiated by StopAssetImportingV2(NoUpdateAssetOptions)
Refreshing native plugins compatible for Editor in 2.09 ms, found 5 plugins.
Asset Pipeline Refresh (id=ba588ad0d48babc46a1ad24b9dcdf0f8): Total: 0.057 seconds - Initiated by StopAssetImportingV2(NoUpdateAssetOptions)
Importing 'GUID: d667a029da0331b49ab92eece89065cf - Path: Assets/Stage1/Stage1Floor.mat' with importer (NativeFormatImporter)
Imported 'GUID: d667a029da0331b49ab92eece89065cf' -> (Import Result ID: 'e62cd0ca8c877c88abf8f04f7e3a04b9') in 0.001 seconds [static dependencies only]. Details - ImportResultOutputID=e01cae77c8134cb78dbfe75ce32e4e81 DependenciesID=3c6fbe61855130c7385b3dac905ebaa1 StaticDependenciesID=a95e27b5e593179df9a4b85f046e4d85 
Importing 'GUID: 9e0a6dff254e4b94aa9c01ae00a00cc2 - Path: Assets/Stage1/Stage1Boundary.mat' with importer (NativeFormatImporter)
Imported 'GUID: 9e0a6dff254e4b94aa9c01ae00a00cc2' -> (Import Result ID: 'c515a35aa5c244f0754ee4f3a4b8446a') in 0.001 seconds [static dependencies only]. Details - ImportResultOutputID=a5ffcc6084e58a7041f12d00df1cace9 DependenciesID=eb6577b0991e55cb5636b50836652e23 StaticDependenciesID=0df7a04e28f95711beb07e8ca9f5faa3 
Asset Pipeline Refresh (id=420d9bf2db44126478af7fa4c24caab1): Total: 0.039 seconds - Initiated by StopAssetImportingV2(NoUpdateAssetOptions)
Importing 'GUID: 8fd1271bf7d54e1cbe77401b096aca02 - Path: Assets/Scenes/Stage1.unity' with importer (DefaultImporter)
Imported 'GUID: 8fd1271bf7d54e1cbe77401b096aca02' -> (Import Result ID: '7e0f2e0d0f2e9bf7eb5f52260ef26a50') in 0.001 seconds [static dependencies only]. Details - ImportResultOutputID=cc877358602f8b7a119121510a8d34ed DependenciesID=1e08e98c6c7a080711d691ebfc9e14b2 StaticDependenciesID=1abeef645a88479aed821a4e4faba5ab 
Asset Pipeline Refresh (id=5e4f11516c8273043bb1f87746ecb9e9): Total: 0.053 seconds - Initiated by StopAssetImportingV2(NoUpdateAssetOptions)
Asset Pipeline Refresh (id=2fda6b441e1ec6b449207faea6e893fd): Total: 0.008 seconds - Initiated by RefreshV2(NoUpdateAssetOptions)
Opening scene 'Assets/Scenes/Stage1.unity'
Unloading 0 Unused Serialized files (Serialized files now loaded: 0)
Loaded scene 'Assets/Scenes/Stage1.unity'
	Deserialize:            2.144 ms
	Integration:            247.774 ms
	Integration of assets:  0.001 ms
	Thread Wait Time:       0.012 ms
	Total Operation Time:   249.932 ms
Unloading 187 unused Assets / (126.3 KB). Loaded Objects now: 8569.
Memory consumption went from 476.1 MB to 476.0 MB.
Total: 7.819500 ms (FindLiveObjects: 0.418700 ms CreateObjectMapping: 0.570500 ms MarkObjects: 6.566100 ms  DeleteObjects: 0.263300 ms)

Unloading 2 Unused Serialized files (Serialized files now loaded: 0)
Unloading 10 unused Assets / (7.1 MB). Loaded Objects now: 8363.
Memory consumption went from 476.4 MB to 469.3 MB.
Total: 12.404000 ms (FindLiveObjects: 0.183300 ms CreateObjectMapping: 0.518800 ms MarkObjects: 11.594900 ms  DeleteObjects: 0.105500 ms)

Asset Pipeline Refresh (id=2a043f876a65b9c44a4ae05d94bb36ac): Total: 0.059 seconds - Initiated by StopAssetImportingV2(NoUpdateAssetOptions)
Asset Pipeline Refresh (id=0d477b441afe24047baf2430c582fe7d): Total: 0.055 seconds - Initiated by StopAssetImportingV2(NoUpdateAssetOptions)
Importing 'GUID: d667a029da0331b49ab92eece89065cf - Path: Assets/Stage1/Stage1Floor.mat' with importer (NativeFormatImporter)
Imported 'GUID: d667a029da0331b49ab92eece89065cf' -> (Import Result ID: 'e62cd0ca8c877c88abf8f04f7e3a04b9') in 0.001 seconds [static dependencies only]. Details - ImportResultOutputID=e01cae77c8134cb78dbfe75ce32e4e81 DependenciesID=3c6fbe61855130c7385b3dac905ebaa1 StaticDependenciesID=a95e27b5e593179df9a4b85f046e4d85 
Importing 'GUID: 9e0a6dff254e4b94aa9c01ae00a00cc2 - Path: Assets/Stage1/Stage1Boundary.mat' with importer (NativeFormatImporter)
Imported 'GUID: 9e0a6dff254e4b94aa9c01ae00a00cc2' -> (Import Result ID: 'c515a35aa5c244f0754ee4f3a4b8446a') in 0.001 seconds [static dependencies only]. Details - ImportResultOutputID=a5ffcc6084e58a7041f12d00df1cace9 DependenciesID=eb6577b0991e55cb5636b50836652e23 StaticDependenciesID=0df7a04e28f95711beb07e8ca9f5faa3 
Asset Pipeline Refresh (id=7f08fd664330bdb4ea74af85211adceb): Total: 0.041 seconds - Initiated by StopAssetImportingV2(NoUpdateAssetOptions)
Importing 'GUID: 8fd1271bf7d54e1cbe77401b096aca02 - Path: Assets/Scenes/Stage1.unity' with importer (DefaultImporter)
Imported 'GUID: 8fd1271bf7d54e1cbe77401b096aca02' -> (Import Result ID: '45b86f7b2fb1320457af4c7c79de3b1a') in 0.001 seconds [static dependencies only]. Details - ImportResultOutputID=cc877358602f8b7a119121510a8d34ed DependenciesID=8447f3becd453b2494eadd7fe9690e60 StaticDependenciesID=d703dfca7d7a4fc02de4b6f424235263 
Asset Pipeline Refresh (id=bf191e25f6e1ea64aa4c6fa76b54afaa): Total: 0.051 seconds - Initiated by StopAssetImportingV2(NoUpdateAssetOptions)
Asset Pipeline Refresh (id=0aaefb67bfa276c488e741d1cb64dde9): Total: 0.008 seconds - Initiated by RefreshV2(NoUpdateAssetOptions)
Opening scene 'Assets/Scenes/Stage1.unity'
Unloading 0 Unused Serialized files (Serialized files now loaded: 0)
Loaded scene 'Assets/Scenes/Stage1.unity'
	Deserialize:            1.943 ms
	Integration:            244.098 ms
	Integration of assets:  0.001 ms
	Thread Wait Time:       0.012 ms
	Total Operation Time:   246.055 ms
Unloading 187 unused Assets / (124.8 KB). Loaded Objects now: 8569.
Memory consumption went from 477.0 MB to 476.9 MB.
Total: 7.562800 ms (FindLiveObjects: 0.403300 ms CreateObjectMapping: 0.549100 ms MarkObjects: 6.399600 ms  DeleteObjects: 0.210200 ms)

Unloading 2 Unused Serialized files (Serialized files now loaded: 0)
Unloading 10 unused Assets / (7.1 MB). Loaded Objects now: 8363.
Memory consumption went from 476.4 MB to 469.3 MB.
Total: 6.389100 ms (FindLiveObjects: 0.174400 ms CreateObjectMapping: 0.557300 ms MarkObjects: 5.597300 ms  DeleteObjects: 0.059400 ms)

Asset Pipeline Refresh (id=3074a221648e85c408c5c90fc1d6177e): Total: 0.060 seconds - Initiated by StopAssetImportingV2(NoUpdateAssetOptions)
Asset Pipeline Refresh (id=d1c937e56d5a2ab49bf5d4ec690ffc8d): Total: 0.055 seconds - Initiated by StopAssetImportingV2(NoUpdateAssetOptions)
Importing 'GUID: d667a029da0331b49ab92eece89065cf - Path: Assets/Stage1/Stage1Floor.mat' with importer (NativeFormatImporter)
Imported 'GUID: d667a029da0331b49ab92eece89065cf' -> (Import Result ID: 'e62cd0ca8c877c88abf8f04f7e3a04b9') in 0.001 seconds [static dependencies only]. Details - ImportResultOutputID=e01cae77c8134cb78dbfe75ce32e4e81 DependenciesID=3c6fbe61855130c7385b3dac905ebaa1 StaticDependenciesID=a95e27b5e593179df9a4b85f046e4d85 
Importing 'GUID: 9e0a6dff254e4b94aa9c01ae00a00cc2 - Path: Assets/Stage1/Stage1Boundary.mat' with importer (NativeFormatImporter)
Imported 'GUID: 9e0a6dff254e4b94aa9c01ae00a00cc2' -> (Import Result ID: 'c515a35aa5c244f0754ee4f3a4b8446a') in 0.001 seconds [static dependencies only]. Details - ImportResultOutputID=a5ffcc6084e58a7041f12d00df1cace9 DependenciesID=eb6577b0991e55cb5636b50836652e23 StaticDependenciesID=0df7a04e28f95711beb07e8ca9f5faa3 
Asset Pipeline Refresh (id=b5a9b4b365309d640a3c99eeaecd6295): Total: 0.041 seconds - Initiated by StopAssetImportingV2(NoUpdateAssetOptions)
Importing 'GUID: 8fd1271bf7d54e1cbe77401b096aca02 - Path: Assets/Scenes/Stage1.unity' with importer (DefaultImporter)
Imported 'GUID: 8fd1271bf7d54e1cbe77401b096aca02' -> (Import Result ID: '212b37d21eb27ab6638da5bacb6536d8') in 0.001 seconds [static dependencies only]. Details - ImportResultOutputID=cc877358602f8b7a119121510a8d34ed DependenciesID=7eaa10a245d5d7a1a2dda20170083583 StaticDependenciesID=c9f8c20b3ad08a6d2231ec80c4b82086 
Asset Pipeline Refresh (id=eb495a61479d88f4086317bf1aa73700): Total: 0.052 seconds - Initiated by StopAssetImportingV2(NoUpdateAssetOptions)
Asset Pipeline Refresh (id=18a67092470bf2d439b1101d8421cef5): Total: 0.008 seconds - Initiated by RefreshV2(NoUpdateAssetOptions)
Opening scene 'Assets/Scenes/Stage1.unity'
Unloading 0 Unused Serialized files (Serialized files now loaded: 0)
Loaded scene 'Assets/Scenes/Stage1.unity'
	Deserialize:            1.970 ms
	Integration:            250.649 ms
	Integration of assets:  0.001 ms
	Thread Wait Time:       0.007 ms
	Total Operation Time:   252.627 ms
Unloading 187 unused Assets / (125.5 KB). Loaded Objects now: 8569.
Memory consumption went from 477.0 MB to 476.9 MB.
Total: 7.956000 ms (FindLiveObjects: 0.456000 ms CreateObjectMapping: 0.580000 ms MarkObjects: 6.710200 ms  DeleteObjects: 0.209000 ms)

SpriteAtlasPacking completed in 0.003345 sec
Entering Playmode with Reload Domain disabled.
If you experience any issues, please disable "Enter Play Mode Options" in Editor Settings
Loaded scene 'Temp/__Backupscenes/0.backup'
	Deserialize:            2.342 ms
	Integration:            262.960 ms
	Integration of assets:  0.027 ms
	Thread Wait Time:       0.006 ms
	Total Operation Time:   265.335 ms
Unloading 4 Unused Serialized files (Serialized files now loaded: 0)
Loaded scene 'Temp/__Backupscenes/0.backup'
	Deserialize:            1.526 ms
	Integration:            251.547 ms
	Integration of assets:  0.002 ms
	Thread Wait Time:       0.014 ms
	Total Operation Time:   253.089 ms
Unloading 9 unused Assets / (2.0 KB). Loaded Objects now: 8560.
Memory consumption went from 469.6 MB to 469.6 MB.
Total: 7.917100 ms (FindLiveObjects: 0.416200 ms CreateObjectMapping: 0.549600 ms MarkObjects: 6.560900 ms  DeleteObjects: 0.389500 ms)

Importing 'GUID: 2bcd2660ca9b64942af0de543d8d7100 - Path: Assets/Settings/InputSystem_Actions.inputactions' with importer (ScriptedImporter : Unity.InputSystem:UnityEngine.InputSystem.Editor:InputActionImporter)
Imported 'GUID: 2bcd2660ca9b64942af0de543d8d7100' -> (Import Result ID: 'd9c33fc6970a6d8e44b3b64d132a9d1d') in 0.020 seconds [static and dynamic dependencies]. Details - ImportResultOutputID=947f2444588e8a7c5fdf1e760cb0c366 DependenciesID=289176e9c1d7c134d1fb83e2064ce7f3 StaticDependenciesID=b30d4990c1574208797a10b17472e127 
Asset Pipeline Refresh (id=b203997a468e481429d034b019b77772): Total: 0.075 seconds - Initiated by StopAssetImportingV2(NoUpdateAssetOptions)
SpriteAtlasPacking completed in 0.003424 sec
Entering Playmode with Reload Domain disabled.
If you experience any issues, please disable "Enter Play Mode Options" in Editor Settings
Loaded scene 'Temp/__Backupscenes/0.backup'
	Deserialize:            1.382 ms
	Integration:            257.750 ms
	Integration of assets:  0.045 ms
	Thread Wait Time:       0.016 ms
	Total Operation Time:   259.194 ms
Unloading 4 Unused Serialized files (Serialized files now loaded: 0)
Loaded scene 'Temp/__Backupscenes/0.backup'
	Deserialize:            1.177 ms
	Integration:            251.967 ms
	Integration of assets:  0.002 ms
	Thread Wait Time:       0.007 ms
	Total Operation Time:   253.153 ms
Unloading 16 unused Assets / (229 B). Loaded Objects now: 8560.
Memory consumption went from 464.7 MB to 464.7 MB.
Total: 8.230900 ms (FindLiveObjects: 0.456100 ms CreateObjectMapping: 0.548700 ms MarkObjects: 7.197700 ms  DeleteObjects: 0.027700 ms)

SpriteAtlasPacking completed in 0.003619 sec
Entering Playmode with Reload Domain disabled.
If you experience any issues, please disable "Enter Play Mode Options" in Editor Settings
Loaded scene 'Temp/__Backupscenes/0.backup'
	Deserialize:            1.440 ms
	Integration:            254.354 ms
	Integration of assets:  0.030 ms
	Thread Wait Time:       0.012 ms
	Total Operation Time:   255.836 ms
Unloading 3 Unused Serialized files (Serialized files now loaded: 0)
Loaded scene 'Temp/__Backupscenes/0.backup'
	Deserialize:            1.079 ms
	Integration:            257.628 ms
	Integration of assets:  0.001 ms
	Thread Wait Time:       0.013 ms
	Total Operation Time:   258.721 ms
Unloading 0 unused Assets / (0 B). Loaded Objects now: 8560.
Memory consumption went from 464.6 MB to 464.6 MB.
Total: 8.235000 ms (FindLiveObjects: 0.400900 ms CreateObjectMapping: 0.539300 ms MarkObjects: 7.287000 ms  DeleteObjects: 0.007000 ms)

Starting new worker id: 1 with log in C:/Users/myong/NaManMoo/Logs/AssetImportWorkerHW1.log
SpriteAtlasPacking completed in 0.003736 sec
Entering Playmode with Reload Domain disabled.
If you experience any issues, please disable "Enter Play Mode Options" in Editor Settings
[Worker0] Imported GUID: 8fd1271bf7d54e1cbe77401b096aca02 - Path: Assets/Scenes/Stage1.unity - Importer: ScriptedImporter/UnityEditor.QuickSearchModule:UnityEditor.Search:ASIAI0B -> (ImportResultId: '02528f0ca49a5bdb1e5dce0ac66948af') in 0.0508004 seconds
Loaded scene 'Temp/__Backupscenes/0.backup'
	Deserialize:            1.440 ms
	Integration:            289.963 ms
	Integration of assets:  0.028 ms
	Thread Wait Time:       0.006 ms
	Total Operation Time:   291.437 ms
Unloading 3 Unused Serialized files (Serialized files now loaded: 0)
Loaded scene 'Temp/__Backupscenes/0.backup'
	Deserialize:            1.075 ms
	Integration:            299.368 ms
	Integration of assets:  0.001 ms
	Thread Wait Time:       0.012 ms
	Total Operation Time:   300.457 ms
Unloading 0 unused Assets / (0 B). Loaded Objects now: 8560.
Memory consumption went from 464.8 MB to 464.8 MB.
Total: 10.226900 ms (FindLiveObjects: 0.686100 ms CreateObjectMapping: 0.784500 ms MarkObjects: 8.746200 ms  DeleteObjects: 0.008600 ms)

SpriteAtlasPacking completed in 0.004304 sec
Entering Playmode with Reload Domain disabled.
If you experience any issues, please disable "Enter Play Mode Options" in Editor Settings
Loaded scene 'Temp/__Backupscenes/0.backup'
	Deserialize:            1.570 ms
	Integration:            348.405 ms
	Integration of assets:  0.038 ms
	Thread Wait Time:       0.012 ms
	Total Operation Time:   350.026 ms
Unloading 3 Unused Serialized files (Serialized files now loaded: 0)
Loaded scene 'Temp/__Backupscenes/0.backup'
	Deserialize:            1.157 ms
	Integration:            302.723 ms
	Integration of assets:  0.001 ms
	Thread Wait Time:       0.014 ms
	Total Operation Time:   303.896 ms
Unloading 0 unused Assets / (0 B). Loaded Objects now: 8560.
Memory consumption went from 465.0 MB to 465.0 MB.
Total: 9.190700 ms (FindLiveObjects: 0.610600 ms CreateObjectMapping: 0.656200 ms MarkObjects: 7.914500 ms  DeleteObjects: 0.008300 ms)

Worker ready: AssetImportWorkerHW1 1
SpriteAtlasPacking completed in 0.004328 sec
Entering Playmode with Reload Domain disabled.
If you experience any issues, please disable "Enter Play Mode Options" in Editor Settings
Loaded scene 'Temp/__Backupscenes/0.backup'
	Deserialize:            1.582 ms
	Integration:            282.519 ms
	Integration of assets:  0.035 ms
	Thread Wait Time:       0.023 ms
	Total Operation Time:   284.160 ms
Unloading 3 Unused Serialized files (Serialized files now loaded: 0)
Loaded scene 'Temp/__Backupscenes/0.backup'
	Deserialize:            1.094 ms
	Integration:            262.964 ms
	Integration of assets:  0.002 ms
	Thread Wait Time:       0.017 ms
	Total Operation Time:   264.077 ms
Unloading 0 unused Assets / (0 B). Loaded Objects now: 8560.
Memory consumption went from 465.0 MB to 465.0 MB.
Total: 7.356500 ms (FindLiveObjects: 0.407200 ms CreateObjectMapping: 0.529900 ms MarkObjects: 6.412800 ms  DeleteObjects: 0.005900 ms)

SpriteAtlasPacking completed in 0.003910 sec
Entering Playmode with Reload Domain disabled.
If you experience any issues, please disable "Enter Play Mode Options" in Editor Settings
Loaded scene 'Temp/__Backupscenes/0.backup'
	Deserialize:            1.456 ms
	Integration:            266.222 ms
	Integration of assets:  0.031 ms
	Thread Wait Time:       0.012 ms
	Total Operation Time:   267.720 ms
Unloading 3 Unused Serialized files (Serialized files now loaded: 0)
Loaded scene 'Temp/__Backupscenes/0.backup'
	Deserialize:            1.044 ms
	Integration:            268.302 ms
	Integration of assets:  0.001 ms
	Thread Wait Time:       0.009 ms
	Total Operation Time:   269.356 ms
Unloading 0 unused Assets / (0 B). Loaded Objects now: 8560.
Memory consumption went from 465.0 MB to 465.0 MB.
Total: 8.340200 ms (FindLiveObjects: 0.627900 ms CreateObjectMapping: 0.637600 ms MarkObjects: 7.066900 ms  DeleteObjects: 0.006600 ms)

Saving results to: C:/Users/myong/AppData/LocalLow/DefaultCompany/NaManMoo\TestResults.xml
Saving results to: C:\Users\myong\NaManMoo\Artifacts\health-baseline-escalated-editmode.xml
Executing IPostBuildCleanup for: Unity.PerformanceTesting.Editor.TestRunBuilder.
UnityEngine.Debug:ExtractStackTraceNoAlloc (byte*,int,string)
UnityEngine.StackTraceUtility:ExtractStackTrace ()
UnityEngine.DebugLogHandler:Internal_Log (UnityEngine.LogType,UnityEngine.LogOption,string,UnityEngine.Object)
UnityEngine.DebugLogHandler:LogFormat (UnityEngine.LogType,UnityEngine.Object,string,object[])
UnityEngine.Logger:Log (UnityEngine.LogType,object)
UnityEngine.Debug:Log (object)
UnityEditor.TestTools.TestRunner.TestRun.Tasks.BuildActionTaskBase`1/<ExecuteMethods>d__8<UnityEngine.TestTools.IPostBuildCleanup>:MoveNext () (at ./Library/PackageCache/com.unity.test-framework@1405238725ab/UnityEditor.TestRunner/TestRun/Tasks/BuildActionTaskBase.cs:48)
UnityEditor.TestTools.TestRunner.TestRun.Tasks.BuildActionTaskBase`1/<Execute>d__7<UnityEngine.TestTools.IPostBuildCleanup>:MoveNext () (at ./Library/PackageCache/com.unity.test-framework@1405238725ab/UnityEditor.TestRunner/TestRun/Tasks/BuildActionTaskBase.cs:34)
UnityEditor.TestTools.TestRunner.TestRun.TestJobRunner:ExecuteStep () (at ./Library/PackageCache/com.unity.test-framework@1405238725ab/UnityEditor.TestRunner/TestRun/TestJobRunner.cs:194)
UnityEditor.TestTools.TestRunner.TestRun.TestJobRunner:ExecuteCallback () (at ./Library/PackageCache/com.unity.test-framework@1405238725ab/UnityEditor.TestRunner/TestRun/TestJobRunner.cs:129)
UnityEditor.EditorApplication:Internal_CallUpdateFunctions ()

(Filename: ./Library/PackageCache/com.unity.test-framework@1405238725ab/UnityEditor.TestRunner/TestRun/Tasks/BuildActionTaskBase.cs Line: 48)

Unloading 0 Unused Serialized files (Serialized files now loaded: 0)
Unloading 9 unused Assets / (13.1 KB). Loaded Objects now: 8357.
Memory consumption went from 468.6 MB to 468.6 MB.
Total: 9.487200 ms (FindLiveObjects: 0.208000 ms CreateObjectMapping: 0.548800 ms MarkObjects: 8.649200 ms  DeleteObjects: 0.080200 ms)

DisplayProgressbar: Undo
Test run completed. Exiting with code 0 (Ok). Run completed.
UnityEngine.Debug:ExtractStackTraceNoAlloc (byte*,int,string)
UnityEngine.StackTraceUtility:ExtractStackTrace ()
UnityEngine.DebugLogHandler:Internal_Log (UnityEngine.LogType,UnityEngine.LogOption,string,UnityEngine.Object)
UnityEngine.DebugLogHandler:LogFormat (UnityEngine.LogType,UnityEngine.Object,string,object[])
UnityEngine.Logger:Log (UnityEngine.LogType,object)
UnityEngine.Debug:Log (object)
UnityEditor.TestTools.TestRunner.CommandLineTest.Executer:ExitApplication (UnityEditor.TestTools.TestRunner.CommandLineTest.Executer/ReturnCodes,string) (at ./Library/PackageCache/com.unity.test-framework@1405238725ab/UnityEditor.TestRunner/CommandLineTest/Executer.cs:81)
UnityEditor.TestTools.TestRunner.CommandLineTest.Executer:ExitIfRunIsCompleted () (at ./Library/PackageCache/com.unity.test-framework@1405238725ab/UnityEditor.TestRunner/CommandLineTest/Executer.cs:74)
UnityEditor.EditorApplication:Internal_CallUpdateFunctions ()

(Filename: ./Library/PackageCache/com.unity.test-framework@1405238725ab/UnityEditor.TestRunner/CommandLineTest/Executer.cs Line: 81)

MonoPathRemapper: Attempts to remap: 55181; Successful remaps: 24166
Serialized file version minimum: 22, current 23
[Physics::Module] Cleanup current backend.
[Physics::Module] Id: 0xf2b8ea05
Input System module state changed to: ShutdownInProgress.
Input Polling Thread exited.
Input System module state changed to: Shutdown.
[Licensing::IpcConnector] LicenseClient-myong-6000.5.5-notifications channel disconnected successfully.
[Licensing::IpcConnector] LicenseClient-myong-6000.5.5 channel disconnected successfully.
AcceleratorClientConnectionCallback - disconnected - :0
Cleanup mono
CodeReloadManager destroyed
Checking for leaked weakptr:
  Found no leaked weakptrs.
[Package Manager] Server process was shutdown
##utp:{"type":"MemoryLeaks","version":2,"phase":"Immediate","time":1785303870654,"processId":24340,"allocatedMemory":17370065,"memoryLabels":[{"Default":194461},{"Permanent":15516},{"NewDelete":72499},{"Thread":4197560},{"Manager":34245},{"VertexData":8},{"Geometry":816},{"Texture":24},{"Shader":866517},{"Material":26832},{"GfxDevice":55328},{"Animation":952},{"FreeType":8},{"FontEngine":736},{"Physics":2146},{"Physics2D":16},{"Serialization":7408},{"Input":42840},{"JobScheduler":256},{"TextLib":280},{"Mono":48},{"MonoCode":1472},{"ScriptingNativeRuntime":1831628},{"BaseObject":1625080},{"Resource":1208},{"Renderer":3080},{"Transform":4685},{"File":21847},{"WebCam":616},{"Culling":32},{"Terrain":11442},{"Wind":24},{"STL":40},{"String":13114},{"StaticString":3808},{"Utility":2673782},{"Curl":2559},{"PoolAlloc":2264},{"AI":80},{"TypeTree":17165},{"CodeReload":448},{"RuntimeInitializeOnLoadManager":64},{"Sprites":102},{"SpriteAtlas":120},{"GI":7816},{"Director":8296},{"CloudService":288},{"WebRequest":552},{"VR":47114},{"SceneManager":608},{"Video":64},{"LazyScriptCache":32},{"Camera":17},{"Secure":2377},{"SerializationCache":1576},{"APIUpdating":10320},{"Subsystems":336},{"VirtualTexturing":57888},{"StaticSafetyDebugInfo":278528},{"Analytics":424},{"Hierarchy":1176},{"UIElements":72},{"CoreStats":13688},{"Identifiers":6768},{"Gui":128},{"EditorUtility":118724},{"VersionControl":8},{"Undo":931},{"AssetDatabase":5023746},{"AssetImporter":40},{"EditorGi":328},{"UnityConnect":38929},{"Upm":1912},{"UpmDiagnostics":8},{"AssetCompliance":64},{"DrivenProperties":72},{"LocalIPC":211},{"ProfilerEditor":9746},{"CoreBusinessMetrics":3226},{"Windowing":456},{"Licensing":664},{"AssetReference":32},{"IPCStream":32}]}
