[Licensing::Module] Trying to connect to existing licensing client channel...
Built from '6000.5/staging' branch; Version is '6000.5.5f1 (d16e074b49fd) revision 13725191'; Using compiler version '194234433'; Build Type 'Release'
OS: 'Windows 11  (10.0.26200) Professional' Language: 'ko' Physical Memory: 32372 MB
[Licensing::IpcConnector] Successfully connected to: "LicenseClient-myong" at "2026-08-05T09:20:50.9812868Z"
BatchMode: 1, IsHumanControllingUs: 0, StartBugReporterOnCrash: 0, Is64bit: 1
System  architecture: x64
Process architecture: x64
Date: 2026-08-05T09:20:50Z

COMMAND LINE ARGUMENTS:
C:\Program Files\Unity\Hub\Editor\6000.5.5f1\Editor\Unity.exe
-batchmode
-nographics
-projectPath
C:\Users\myong\NaManMoo\Namanmoo_client
-runTests
-testPlatform
EditMode
-testResults
Artifacts/sultan-dungeon-wiring-editmode.xml
-logFile
Artifacts/sultan-dungeon-wiring-editmode.log
Successfully changed project path to: C:\Users\myong\NaManMoo\Namanmoo_client
C:/Users/myong/NaManMoo/Namanmoo_client
[UnityMemory] Configuration Parameters - Can be set up in boot.config
    "memorysetup-temp-allocator-size-gi-baking-worker=262144"
    "memorysetup-temp-allocator-size-gi-baking-worker=262144"
    "memorysetup-temp-allocator-size-gi-baking-worker=262144"
    "memorysetup-temp-allocator-size-gi-baking-worker=262144"
    "memorysetup-temp-allocator-size-gi-baking-worker=262144"
    "memorysetup-temp-allocator-size-nav-mesh-worker=65536"
    "memorysetup-temp-allocator-size-audio-worker=65536"
    "memorysetup-temp-allocator-size-cloud-worker=32768"
    "memorysetup-temp-allocator-size-gfx=262144"
    "memorysetup-temp-allocator-size-preload-manager=33554432"
    "memorysetup-allocator-temp-initial-block-size-main=262144"
    "memorysetup-allocator-temp-initial-block-size-worker=262144"
    "memorysetup-temp-allocator-size-job-worker=262144"
    "memorysetup-temp-allocator-size-background-worker=32768"
    "memorysetup-bucket-allocator-granularity=16"
    "memorysetup-bucket-allocator-bucket-count=8"
    "memorysetup-bucket-allocator-block-size=33554432"
    "memorysetup-bucket-allocator-block-count=8"
    "memorysetup-main-allocator-block-size=16777216"
    "memorysetup-thread-allocator-block-size=16777216"
    "memorysetup-main-allocator-mimalloc-enabled=0"
    "memorysetup-gfx-main-allocator-block-size=16777216"
    "memorysetup-gfx-thread-allocator-block-size=16777216"
    "memorysetup-cache-allocator-block-size=4194304"
    "memorysetup-typetree-allocator-block-size=2097152"
    "memorysetup-profiler-bucket-allocator-granularity=16"
    "memorysetup-profiler-bucket-allocator-bucket-count=8"
    "memorysetup-profiler-bucket-allocator-block-size=33554432"
    "memorysetup-profiler-bucket-allocator-block-count=8"
    "memorysetup-profiler-allocator-block-size=16777216"
    "memorysetup-profiler-editor-allocator-block-size=1048576"
    "memorysetup-temp-allocator-size-main=16777216"
    "memorysetup-job-temp-allocator-block-size=2097152"
    "memorysetup-job-temp-allocator-block-size-background=1048576"
    "memorysetup-job-temp-allocator-reduction-small-platforms=262144"
Logging is directed to a specific file, skipping project log.Player connection [12320]  Target information:

Player connection [12320]  * "[IP] 172.29.160.1 [Port] 55504 [Flags] 2 [Guid] 909857977 [EditorId] 909857977 [Version] 1048832 [Id] WindowsEditor(7,명석메인PC) [Debug] 1 [PackageName] WindowsEditor [ProjectName] Editor" 

Player connection [12320]  * "[IP] 192.168.0.18 [Port] 55504 [Flags] 2 [Guid] 909857977 [EditorId] 909857977 [Version] 1048832 [Id] WindowsEditor(7,명석메인PC) [Debug] 1 [PackageName] WindowsEditor [ProjectName] Editor" 

Player connection [12320] Host joined multi-casting on [225.0.0.222:54997]...
Player connection [12320] Host joined alternative multi-casting on [225.0.0.222:34997]...
Input System module state changed to: Initialized.
[Physics::Module] Initialized fallback backend.
[Physics::Module] Id: 0xdecafbad
[Package Manager] Connected to IPC stream "Upm-28480" after 0.2 seconds.
[Licensing::Module] Licensing is not yet initialized.
[Licensing::Client] Error: HandshakeResponse reported an error:
	ResponseCode: 505
	ResponseStatus: Unsupported protocol version '1.18.1'.
[Licensing::Module] Error: Failed to handshake to channel: "LicenseClient-myong"
[Licensing::IpcConnector] LicenseClient-myong channel disconnected successfully.
[Licensing::IpcConnector] Channel LicenseClient-myong-6000.5.5 doesn't exist
[Licensing::Module] Successfully launched the LicensingClient (PId: 20260)
[Licensing::IpcConnector] Successfully connected to: "LicenseClient-myong-6000.5.5" at "2026-08-05T09:20:52.0178197Z"
[Licensing::Client] Code 10 while verifying Licensing Client signature (process Id: 20260, path: "C:/Program Files/Unity/Hub/Editor/6000.5.5f1/Editor/Data/Resources/Licensing/Client/Unity.Licensing.Client.exe")
[Licensing::Module] LicensingClient has failed validation; ignoring
[Licensing::Client] Handshaking with LicensingClient:
  Version:                 1.18.1+9fbee8e
  Session Id:              0718965019d14265b0317f96dbc32180
  Correlation Id:          4ee6860c9efcc587aeb06c164fa46856
  External correlation Id: 4019972206738488506
  Machine Id:              v+a+ouGR4+W8BTN/Qdz04mSEDRQ=
[Licensing::Module] Successfully connected to LicensingClient on channel: "LicenseClient-myong-6000.5.5" (connect: 0.37s, validation: 0.05s, handshake: 0.01s)
[Licensing::IpcConnector] Successfully connected to: "LicenseClient-myong-6000.5.5-notifications" at "2026-08-05T09:20:52.0701836Z"
[Licensing::Module] Connected to LicensingClient (PId: 20260, launch time: 0.01, total connection time: 0.43s)
[Licensing::Module] Error: Access token is unavailable; failed to update
[Licensing::Client] Successfully resolved entitlement details
[Licensing::Module] License group:
  Id: 14568940247218-UnityPersXXXX
  Product: Unity Personal
  Type: Assigned
  Expiration: Unlimited
[Licensing::Client] Successfully updated license, isAsync: True, time: 0.01
[Licensing::Module] Licensing Background thread has ended after 1.11s
[Licensing::Module] Licensing is initialized (took 0.78s).
[Licensing::Client] Successfully resolved entitlement details
Library Redirect Path: Library/
[Physics::Module] Selected backend.
[Physics::Module] Name: PhysX
[Physics::Module] Id: 0xf2b8ea05
[Physics::Module] SDK Version: 4.1.2
[Physics::Module] Integration Version: 1.0.0
[Physics::Module] Threading Mode: Multi-Threaded
Active build profile path: `Assets/Settings/Build Profiles/Windows.asset`
Artifact Garbage Collection - Removed 1 unused hashed content files
Got setting from build profile YAML, name `m_BuildTarget`, value `19`
Got setting from build profile YAML, name `m_Subtarget`, value `2`
Initialize engine version: 6000.5.5f1 (d16e074b49fd)
[Subsystems] Discovering subsystems at path C:/Program Files/Unity/Hub/Editor/6000.5.5f1/Editor/Data/Resources/UnitySubsystems
[Subsystems] Discovering subsystems at path C:/Users/myong/NaManMoo/Namanmoo_client/Assets
Forcing GfxDevice: Null
GfxDevice: creating device client; kGfxThreadingModeNonThreaded
NullGfxDevice:
    Version:  NULL 1.0 [1.0]
    Renderer: Null Device
    Vendor:   Unity Technologies
Initialize mono
Mono path[0] = 'C:/Program Files/Unity/Hub/Editor/6000.5.5f1/Editor/Data/Managed'
Mono path[1] = 'C:/Program Files/Unity/Hub/Editor/6000.5.5f1/Editor/Data/BCLExtensions/runtime/netstandard2.1'
Mono path[2] = 'C:/Program Files/Unity/Hub/Editor/6000.5.5f1/Editor/Data/MonoBleedingEdge/lib/mono/unityjit-win32'
Mono config path = 'C:/Program Files/Unity/Hub/Editor/6000.5.5f1/Editor/Data/MonoBleedingEdge/etc'
Using monoOptions --debugger-agent=transport=dt_socket,embedding=1,server=y,suspend=n,address=127.0.0.1:56480
CodeReloadManager initialized
ImportWorker Server TCP listen port: 0
AcceleratorClientConnectionCallback - disconnected - :0
Begin MonoManager ReloadAssembly
Registering precompiled unity dll's ...
Register platform support module: C:/Program Files/Unity/Hub/Editor/6000.5.5f1/Editor/Data/PlaybackEngines/WebGLSupport/UnityEditor.WebGL.Extensions.dll
Register platform support module: C:/Program Files/Unity/Hub/Editor/6000.5.5f1/Editor/Data/PlaybackEngines/WindowsStandaloneSupport/UnityEditor.WindowsStandalone.Extensions.dll
Registered in 0.001830 seconds.
Native extension for WindowsStandalone target not found
Native extension for WebGL target not found
Package Manager log level set to [2]
ScheduleIndexationOnStartup MainProcess:False IndexOnStartup:True
Mono: successfully reloaded assembly
- Finished resetting the current domain, in  0.251 seconds
Domain Reload Profiling: 596ms
	BeginReloadAssembly (88ms)
		CreateAndSetChildDomain (5ms)
	RebuildCommonClasses (4ms)
	RebuildNativeTypeToScriptingClass (12ms)
	initialDomainReloadingComplete (45ms)
	LoadAllAssembliesAndSetupDomain (196ms)
		LoadAssemblies (81ms)
		AnalyzeDomain (143ms)
			TypeCache.Refresh (141ms)
				TypeCache.ScanAssembly (131ms)
	FinalizeReload (254ms)
		SetupLoadedEditorAssemblies (0ms)
			BeforeProcessingInitializeOnLoad (59ms)
			ProcessInitializeOnLoadAttributes (65ms)
			ProcessInitializeOnLoadMethodAttributes (75ms)
[Licensing::Client] Successfully resolved entitlement details
Application.AssetDatabase Initial Refresh Start
[Package Manager] Restoring resolved packages state from cache
[Licensing::Client] Successfully resolved entitlement details
[Package Manager] Registered 65 packages:
  Packages from [https://packages.unity.com]:
    com.unity.2d.animation@15.1.0 (location: C:\Users\myong\NaManMoo\Namanmoo_client\Library\PackageCache\com.unity.2d.animation@6d5a363ae647)
    com.unity.2d.aseprite@5.0.3 (location: C:\Users\myong\NaManMoo\Namanmoo_client\Library\PackageCache\com.unity.2d.aseprite@d13865913efa)
    com.unity.2d.psdimporter@14.0.3 (location: C:\Users\myong\NaManMoo\Namanmoo_client\Library\PackageCache\com.unity.2d.psdimporter@5d82044f9e43)
    com.unity.2d.spriteshape@15.0.3 (location: C:\Users\myong\NaManMoo\Namanmoo_client\Library\PackageCache\com.unity.2d.spriteshape@fcb7ec61a58b)
    com.unity.2d.tilemap.extras@8.0.3 (location: C:\Users\myong\NaManMoo\Namanmoo_client\Library\PackageCache\com.unity.2d.tilemap.extras@a80140457adc)
    com.unity.2d.tooling@3.0.1 (location: C:\Users\myong\NaManMoo\Namanmoo_client\Library\PackageCache\com.unity.2d.tooling@6f06ffb033c0)
    com.unity.collab-proxy@2.13.3 (location: C:\Users\myong\NaManMoo\Namanmoo_client\Library\PackageCache\com.unity.collab-proxy@4f3be89e8675)
    com.unity.ide.rider@3.0.38 (location: C:\Users\myong\NaManMoo\Namanmoo_client\Library\PackageCache\com.unity.ide.rider@1f60b3138684)
    com.unity.ide.visualstudio@2.0.26 (location: C:\Users\myong\NaManMoo\Namanmoo_client\Library\PackageCache\com.unity.ide.visualstudio@a99d56dec63f)
    com.unity.inputsystem@1.19.0 (location: C:\Users\myong\NaManMoo\Namanmoo_client\Library\PackageCache\com.unity.inputsystem@21a28c3a6c83)
    com.unity.timeline@1.8.12 (location: C:\Users\myong\NaManMoo\Namanmoo_client\Library\PackageCache\com.unity.timeline@8cd8509afae5)
    com.unity.visualscripting@1.9.11 (location: C:\Users\myong\NaManMoo\Namanmoo_client\Library\PackageCache\com.unity.visualscripting@8bed5ad90189)
    com.unity.2d.common@14.0.1 (location: C:\Users\myong\NaManMoo\Namanmoo_client\Library\PackageCache\com.unity.2d.common@73badf92ba8b)
    com.unity.searcher@4.9.4 (location: C:\Users\myong\NaManMoo\Namanmoo_client\Library\PackageCache\com.unity.searcher@d45a78918735)
    com.unity.burst@1.8.29 (location: C:\Users\myong\NaManMoo\Namanmoo_client\Library\PackageCache\com.unity.burst@6bb9aca3ef38)
    com.unity.nuget.mono-cecil@1.11.6 (location: C:\Users\myong\NaManMoo\Namanmoo_client\Library\PackageCache\com.unity.nuget.mono-cecil@ecb9724e46ff)
    com.unity.test-framework.performance@3.5.0 (location: C:\Users\myong\NaManMoo\Namanmoo_client\Library\PackageCache\com.unity.test-framework.performance@8b56083ec0f0)
  Built-in packages:
    com.unity.2d.sprite@1.0.0 (location: C:\Users\myong\NaManMoo\Namanmoo_client\Library\PackageCache\com.unity.2d.sprite@053a968eab56)
    com.unity.2d.tilemap@1.0.0 (location: C:\Users\myong\NaManMoo\Namanmoo_client\Library\PackageCache\com.unity.2d.tilemap@b959501fd678)
    com.unity.multiplayer.center@1.0.1 (location: C:\Users\myong\NaManMoo\Namanmoo_client\Library\PackageCache\com.unity.multiplayer.center@b860850997d0)
    com.unity.render-pipelines.universal@17.5.0 (location: C:\Users\myong\NaManMoo\Namanmoo_client\Library\PackageCache\com.unity.render-pipelines.universal@040461d037aa)
    com.unity.test-framework@1.7.0 (location: C:\Users\myong\NaManMoo\Namanmoo_client\Library\PackageCache\com.unity.test-framework@1405238725ab)
    com.unity.ugui@2.5.0 (location: C:\Users\myong\NaManMoo\Namanmoo_client\Library\PackageCache\com.unity.ugui@f2d87ebaaa32)
    com.unity.modules.accessibility@1.0.0 (location: C:\Users\myong\NaManMoo\Namanmoo_client\Library\PackageCache\com.unity.modules.accessibility)
    com.unity.modules.adaptiveperformance@1.0.0 (location: C:\Users\myong\NaManMoo\Namanmoo_client\Library\PackageCache\com.unity.modules.adaptiveperformance)
    com.unity.modules.ai@1.0.0 (location: C:\Users\myong\NaManMoo\Namanmoo_client\Library\PackageCache\com.unity.modules.ai)
    com.unity.modules.androidjni@1.0.0 (location: C:\Users\myong\NaManMoo\Namanmoo_client\Library\PackageCache\com.unity.modules.androidjni)
    com.unity.modules.animation@1.0.0 (location: C:\Users\myong\NaManMoo\Namanmoo_client\Library\PackageCache\com.unity.modules.animation)
    com.unity.modules.assetbundle@1.0.0 (location: C:\Users\myong\NaManMoo\Namanmoo_client\Library\PackageCache\com.unity.modules.assetbundle)
    com.unity.modules.audio@1.0.0 (location: C:\Users\myong\NaManMoo\Namanmoo_client\Library\PackageCache\com.unity.modules.audio)
    com.unity.modules.cloth@1.0.0 (location: C:\Users\myong\NaManMoo\Namanmoo_client\Library\PackageCache\com.unity.modules.cloth)
    com.unity.modules.director@1.0.0 (location: C:\Users\myong\NaManMoo\Namanmoo_client\Library\PackageCache\com.unity.modules.director)
    com.unity.modules.imageconversion@1.0.0 (location: C:\Users\myong\NaManMoo\Namanmoo_client\Library\PackageCache\com.unity.modules.imageconversion)
    com.unity.modules.imgui@1.0.0 (location: C:\Users\myong\NaManMoo\Namanmoo_client\Library\PackageCache\com.unity.modules.imgui)
    com.unity.modules.jsonserialize@1.0.0 (location: C:\Users\myong\NaManMoo\Namanmoo_client\Library\PackageCache\com.unity.modules.jsonserialize)
    com.unity.modules.particlesystem@1.0.0 (location: C:\Users\myong\NaManMoo\Namanmoo_client\Library\PackageCache\com.unity.modules.particlesystem)
    com.unity.modules.physics@1.0.0 (location: C:\Users\myong\NaManMoo\Namanmoo_client\Library\PackageCache\com.unity.modules.physics)
    com.unity.modules.physics2d@1.0.0 (location: C:\Users\myong\NaManMoo\Namanmoo_client\Library\PackageCache\com.unity.modules.physics2d)
    com.unity.modules.physicscore2d@1.0.0 (location: C:\Users\myong\NaManMoo\Namanmoo_client\Library\PackageCache\com.unity.modules.physicscore2d)
    com.unity.modules.screencapture@1.0.0 (location: C:\Users\myong\NaManMoo\Namanmoo_client\Library\PackageCache\com.unity.modules.screencapture)
    com.unity.modules.terrain@1.0.0 (location: C:\Users\myong\NaManMoo\Namanmoo_client\Library\PackageCache\com.unity.modules.terrain)
    com.unity.modules.terrainphysics@1.0.0 (location: C:\Users\myong\NaManMoo\Namanmoo_client\Library\PackageCache\com.unity.modules.terrainphysics)
    com.unity.modules.tilemap@1.0.0 (location: C:\Users\myong\NaManMoo\Namanmoo_client\Library\PackageCache\com.unity.modules.tilemap)
    com.unity.modules.ui@1.0.0 (location: C:\Users\myong\NaManMoo\Namanmoo_client\Library\PackageCache\com.unity.modules.ui)
    com.unity.modules.uielements@1.0.0 (location: C:\Users\myong\NaManMoo\Namanmoo_client\Library\PackageCache\com.unity.modules.uielements)
    com.unity.modules.umbra@1.0.0 (location: C:\Users\myong\NaManMoo\Namanmoo_client\Library\PackageCache\com.unity.modules.umbra)
    com.unity.modules.unityanalytics@1.0.0 (location: C:\Users\myong\NaManMoo\Namanmoo_client\Library\PackageCache\com.unity.modules.unityanalytics)
    com.unity.modules.unitywebrequest@1.0.0 (location: C:\Users\myong\NaManMoo\Namanmoo_client\Library\PackageCache\com.unity.modules.unitywebrequest)
    com.unity.modules.unitywebrequestassetbundle@1.0.0 (location: C:\Users\myong\NaManMoo\Namanmoo_client\Library\PackageCache\com.unity.modules.unitywebrequestassetbundle)
    com.unity.modules.unitywebrequestaudio@1.0.0 (location: C:\Users\myong\NaManMoo\Namanmoo_client\Library\PackageCache\com.unity.modules.unitywebrequestaudio)
    com.unity.modules.unitywebrequesttexture@1.0.0 (location: C:\Users\myong\NaManMoo\Namanmoo_client\Library\PackageCache\com.unity.modules.unitywebrequesttexture)
    com.unity.modules.unitywebrequestwww@1.0.0 (location: C:\Users\myong\NaManMoo\Namanmoo_client\Library\PackageCache\com.unity.modules.unitywebrequestwww)
    com.unity.modules.vectorgraphics@1.0.0 (location: C:\Users\myong\NaManMoo\Namanmoo_client\Library\PackageCache\com.unity.modules.vectorgraphics)
    com.unity.modules.vehicles@1.0.0 (location: C:\Users\myong\NaManMoo\Namanmoo_client\Library\PackageCache\com.unity.modules.vehicles)
    com.unity.modules.video@1.0.0 (location: C:\Users\myong\NaManMoo\Namanmoo_client\Library\PackageCache\com.unity.modules.video)
    com.unity.modules.wind@1.0.0 (location: C:\Users\myong\NaManMoo\Namanmoo_client\Library\PackageCache\com.unity.modules.wind)
    com.unity.modules.xr@1.0.0 (location: C:\Users\myong\NaManMoo\Namanmoo_client\Library\PackageCache\com.unity.modules.xr)
    com.unity.modules.subsystems@1.0.0 (location: C:\Users\myong\NaManMoo\Namanmoo_client\Library\PackageCache\com.unity.modules.subsystems)
    com.unity.modules.hierarchycore@1.0.0 (location: C:\Users\myong\NaManMoo\Namanmoo_client\Library\PackageCache\com.unity.modules.hierarchycore)
    com.unity.ext.nunit@2.1.0 (location: C:\Users\myong\NaManMoo\Namanmoo_client\Library\PackageCache\com.unity.ext.nunit@44f7d31723bd)
    com.unity.render-pipelines.core@17.5.0 (location: C:\Users\myong\NaManMoo\Namanmoo_client\Library\PackageCache\com.unity.render-pipelines.core@b19a46951e65)
    com.unity.shadergraph@17.5.0 (location: C:\Users\myong\NaManMoo\Namanmoo_client\Library\PackageCache\com.unity.shadergraph@8d7376ec43ee)
    com.unity.render-pipelines.universal-config@17.5.0 (location: C:\Users\myong\NaManMoo\Namanmoo_client\Library\PackageCache\com.unity.render-pipelines.universal-config@fdda01c80fe3)
    com.unity.collections@6.5.0 (location: C:\Users\myong\NaManMoo\Namanmoo_client\Library\PackageCache\com.unity.collections@a43cabe808ca)
    com.unity.mathematics@1.4.0 (location: C:\Users\myong\NaManMoo\Namanmoo_client\Library\PackageCache\com.unity.mathematics@981956d94fb6)
[Subsystems] No new subsystems found in resolved package list.
[Package Manager] Done registering packages in 0.02 seconds
Starting: C:\Program Files\Unity\Hub\Editor\6000.5.5f1\Editor\Data\Tools\BuildPipeline\bee_backend.exe --ipc --defer-dag-verification --dagfile="Library/Bee/1900b0aE.dag" --continue-on-failure --profile="Library/Bee/backend1.traceevents" ScriptAssemblies
WorkingDir: C:/Users/myong/NaManMoo/Namanmoo_client
DisplayProgressbar: Compiling Scripts
ExitCode: 0 Duration: 0s303ms
[ 864/1120  0s] ILPP-Configuration Library/ilpp-configuration.nevergeneratedoutput
*** Tundra build success (0.24 seconds), 1 items updated, 1120 evaluated
AssetDatabase: script compilation time: 0.639223s
Begin MonoManager ReloadAssembly
Total cache size 100108140
Total cache size after purge 100108140, took 00:00:00.0837924
Native extension for WindowsStandalone target not found
Native extension for WebGL target not found
ScheduleIndexationOnStartup MainProcess:True IndexOnStartup:True
Mono: successfully reloaded assembly
- Finished resetting the current domain, in  2.287 seconds
Domain Reload Profiling: 2944ms
	BeginReloadAssembly (164ms)
		DisableScriptedObjects (19ms)
		CreateAndSetChildDomain (46ms)
	RebuildCommonClasses (7ms)
	RebuildNativeTypeToScriptingClass (11ms)
	initialDomainReloadingComplete (42ms)
	LoadAllAssembliesAndSetupDomain (434ms)
		LoadAssemblies (229ms)
		AnalyzeDomain (184ms)
			TypeCache.Refresh (124ms)
				TypeCache.ScanAssembly (116ms)
			BuildScriptInfoCaches (53ms)
			ResolveRequiredComponents (5ms)
	FinalizeReload (2288ms)
		SetupLoadedEditorAssemblies (0ms)
			BeforeProcessingInitializeOnLoad (55ms)
			ProcessInitializeOnLoadAttributes (1837ms)
			ProcessInitializeOnLoadMethodAttributes (213ms)
			AfterProcessingInitializeOnLoad (9ms)
		AwakeInstancesAfterBackupRestoration (17ms)
Starting new worker id: 0 with log in C:/Users/myong/NaManMoo/Namanmoo_client/Logs/AssetImportWorkerHW0.log

Asset Pipeline Refresh (id=f3dbb1ed052428844940d1ab4a26baf4): Total: 4.112 seconds - Initiated by InitialRefreshV2(ForceSynchronousImport)
	(Values over 0.05ms)
	Summary:
		Imports: total=0 (actual=0, local cache=0, cache server=0)
		Asset DB Process Time: managed=0 ms, native=2683 ms
		Asset DB Callback time: managed=23 ms, native=17 ms
		Scripting: domain reloads=1, domain reload time=700 ms, compile time=640 ms, other=47 ms
		Project Asset Count: scripts=1618, non-scripts=3177
		Asset File Changes: new=0, changed=0, moved=0, deleted=0
		Scan Filter Count: 0
	InvokePackagesCallback: 19.099ms
	ApplyChangesToAssetFolders: 0.937ms
	Scan: 74.278ms
	Collect global state as custom dependencies: 2.691ms
	CategorizeScriptCompilationAssets: 37.394ms
	ProcessAssetsWithTransientArtifactChanges: 65.444ms
	CategorizeAssets: 41.152ms
	CompileScripts: 640.309ms
	ImportOutOfDateAssets: 2353.440ms (2303.779ms without children)
		UnloadImportedAssets: 0.722ms
		EnsureUptoDateAssetsAreRegisteredWithGuidPM: 0.455ms
		ImportSchedulerStart: 48.448ms
	PostProcessAllAssets: 23.380ms
		MonoPostProcessAllAssets: 23.319ms
			UniversalRenderPipelineGlobalSettingsPostprocessor.OnPostprocessAllAssets 7.886ms
			SyncVS.PostprocessSyncProject 2.408ms
			WindowAssetPostprocessingWatcher.OnPostprocessAllAssets 1.529ms
			SpeedTree9Postprocessor.OnPostprocessAllAssets 1.248ms
			EditModeScopePostprocessor.OnPostprocessAllAssets 0.769ms
			RenderPipelineGlobalSettingsPostprocessor.OnPostprocessAllAssets 0.630ms
			ReferencedClipsPostProcessor.OnPostprocessAllAssets 0.317ms
			ShaderReflectionAssetPostProcessor.OnPostprocessAllAssets 0.262ms
			InputActionAssetPostprocessor.OnPostprocessAllAssets 0.161ms
			TerrainToolbarOverlayPostProcessor.OnPostprocessAllAssets 0.131ms
			AssetDatabaseCallbacks.OnPostprocessAllAssets 0.125ms
			ProjectSettingsPostprocessor.OnPostprocessAllAssets 0.103ms
	UnloadStreamsBegin: 2.828ms
	PersistCurrentRevisions: 0.113ms
	GenerateScriptTypeHashes: 1.292ms
	GenerateScriptTypeSerializationHashes: 2.245ms
	Untracked: 845.794ms

Application.AssetDatabase Initial Refresh End
Shader Hidden/ChartRasterizerHardware is not supported: GPU does not support conservative rasterization
Shader Hidden/ChartRasterizerHardware is not supported: GPU does not support conservative rasterization
Scanning for USB devices : 21.122ms
Initializing Unity extensions:
[MODES] ModeService[none].Initialize
[MODES] ModeService[none].LoadModes
[MODES] Loading mode Default (0) for mode-current-id-NaManMoo
Unloading 26 Unused Serialized files (Serialized files now loaded: 0)
Unloading 7552 unused Assets / (3.0 MB). Loaded Objects now: 8455.
Memory consumption went from 412.6 MB to 409.6 MB.
Total: 8.991200 ms (FindLiveObjects: 0.719700 ms CreateObjectMapping: 1.336700 ms MarkObjects: 5.110400 ms  DeleteObjects: 1.822200 ms)

Microsoft Media Foundation video decoding to texture disabled: graphics device is Null, only Direct3D 11 and Direct3D 12 (only on desktop) are supported for hardware-accelerated video decoding.
[Project] Loading completed in 6.741 seconds
	Project init time: 				6.306 seconds
		Template init time: 		0.000 seconds
		Package Manager init time: 		0.984 seconds
		Asset Database init time: 		0.161 seconds
		Global illumination init time: 	0.002 seconds
		Assemblies load time: 			0.629 seconds
		Unity extensions init time: 	0.031 seconds
		Asset Database refresh time: 	4.113 seconds
	Scene opening time: 			0.330 seconds
##utp:{"type":"ProjectInfo","version":2,"phase":"Immediate","time":1785921657715,"processId":28480,"projectLoad":6.7413235,"projectInit":6.3056063,"templateInit":0.0,"packageManagerInit":0.9835982,"assetDatabaseInit":0.1610219,"globalIlluminationInit":0.0017217,"assembliesLoad":0.6286302,"unityExtensionsInit":0.0313737,"assetDatabaseRefresh":4.1125584,"sceneOpening":0.3303876}
##utp:{"type":"EditorInfo","version":2,"phase":"Immediate","time":1785921657715,"processId":28480,"editorVersion":"6000.5.5f1 (d16e074b49fd)","branch":"6000.5/staging","buildType":"Release","platform":"Windows"}
[Licensing::Client] Successfully resolved entitlement details
Running tests for ExecutionSettings with details:
targetPlatform = 
playerHeartbeatTimeout = 600
filters[0] = 
   Filter with settings:
   testMode = EditMode
   targetPlatform = 
   testNames = null
   groupNames = null
   categoryNames = null
   assemblyNames = null
ignoreTests = {}
featureFlags = null

UnityEngine.Debug:ExtractStackTraceNoAlloc (byte*,int,string)
UnityEngine.StackTraceUtility:ExtractStackTrace ()
UnityEngine.DebugLogHandler:Internal_Log (UnityEngine.LogType,UnityEngine.LogOption,string,UnityEngine.Object)
UnityEngine.DebugLogHandler:LogFormat (UnityEngine.LogType,UnityEngine.Object,string,object[])
UnityEngine.Logger:Log (UnityEngine.LogType,object)
UnityEngine.Debug:Log (object)
UnityEditor.TestTools.TestRunner.CommandLineTest.Executer:InitializeAndExecuteRun (string[]) (at ./Library/PackageCache/com.unity.test-framework@1405238725ab/UnityEditor.TestRunner/CommandLineTest/Executer.cs:53)
UnityEditor.TestTools.TestRunner.CommandLineTest.TestStarter:InitializeAndExecuteRun () (at ./Library/PackageCache/com.unity.test-framework@1405238725ab/UnityEditor.TestRunner/CommandLineTest/TestStarter.cs:64)
UnityEditor.EditorApplication:Internal_CallUpdateFunctions ()

(Filename: ./Library/PackageCache/com.unity.test-framework@1405238725ab/UnityEditor.TestRunner/CommandLineTest/Executer.cs Line: 53)

Start Indexing on Editor startup
[Indexing] Starting Initial Indexing for Assets
[UnityConnectServicesConfig] config is NOT valid, switching to default
Created GICache directory at C:/Users/myong/AppData/LocalLow/Unity/Caches/GiCache. Took: 0.010s, timestamps: [6.744 - 6.754]
[Licensing::Client] Successfully resolved entitlement details
Worker ready: AssetImportWorkerHW0 0
Unloading 3 Unused Serialized files (Serialized files now loaded: 0)
Unloading 1 unused Assets / (61.3 KB). Loaded Objects now: 8481.
Memory consumption went from 424.4 MB to 424.3 MB.
Total: 8.468900 ms (FindLiveObjects: 0.252600 ms CreateObjectMapping: 0.560600 ms MarkObjects: 7.632100 ms  DeleteObjects: 0.022600 ms)

Executing IPrebuildSetup for: Unity.PerformanceTesting.Editor.TestRunBuilder.
UnityEngine.Debug:ExtractStackTraceNoAlloc (byte*,int,string)
UnityEngine.StackTraceUtility:ExtractStackTrace ()
UnityEngine.DebugLogHandler:Internal_Log (UnityEngine.LogType,UnityEngine.LogOption,string,UnityEngine.Object)
UnityEngine.DebugLogHandler:LogFormat (UnityEngine.LogType,UnityEngine.Object,string,object[])
UnityEngine.Logger:Log (UnityEngine.LogType,object)
UnityEngine.Debug:Log (object)
UnityEditor.TestTools.TestRunner.TestRun.Tasks.BuildActionTaskBase`1/<ExecuteMethods>d__8<UnityEngine.TestTools.IPrebuildSetup>:MoveNext () (at ./Library/PackageCache/com.unity.test-framework@1405238725ab/UnityEditor.TestRunner/TestRun/Tasks/BuildActionTaskBase.cs:48)
UnityEditor.TestTools.TestRunner.TestRun.Tasks.BuildActionTaskBase`1/<Execute>d__7<UnityEngine.TestTools.IPrebuildSetup>:MoveNext () (at ./Library/PackageCache/com.unity.test-framework@1405238725ab/UnityEditor.TestRunner/TestRun/Tasks/BuildActionTaskBase.cs:34)
UnityEditor.TestTools.TestRunner.TestRun.TestJobRunner:ExecuteStep () (at ./Library/PackageCache/com.unity.test-framework@1405238725ab/UnityEditor.TestRunner/TestRun/TestJobRunner.cs:194)
UnityEditor.TestTools.TestRunner.TestRun.TestJobRunner:ExecuteCallback () (at ./Library/PackageCache/com.unity.test-framework@1405238725ab/UnityEditor.TestRunner/TestRun/TestJobRunner.cs:129)
UnityEditor.EditorApplication:Internal_CallUpdateFunctions ()

(Filename: ./Library/PackageCache/com.unity.test-framework@1405238725ab/UnityEditor.TestRunner/TestRun/Tasks/BuildActionTaskBase.cs Line: 48)

SpriteAtlasPacking completed in 0.003518 sec
Entering Playmode with Reload Domain disabled.
If you experience any issues, please disable "Enter Play Mode Options" in Editor Settings
Loaded scene 'Temp/__Backupscenes/0.backup'
	Deserialize:            0.429 ms
	Integration:            313.528 ms
	Integration of assets:  0.005 ms
	Thread Wait Time:       0.013 ms
	Total Operation Time:   313.975 ms
Unloading 0 Unused Serialized files (Serialized files now loaded: 0)
Loaded scene 'Temp/__Backupscenes/0.backup'
	Deserialize:            0.398 ms
	Integration:            286.625 ms
	Integration of assets:  0.002 ms
	Thread Wait Time:       0.016 ms
	Total Operation Time:   287.041 ms
Unloading 0 unused Assets / (0 B). Loaded Objects now: 8486.
Memory consumption went from 425.7 MB to 425.7 MB.
Total: 8.628300 ms (FindLiveObjects: 0.416700 ms CreateObjectMapping: 0.592400 ms MarkObjects: 7.610500 ms  DeleteObjects: 0.007700 ms)

SpriteAtlasPacking completed in 0.003766 sec
Entering Playmode with Reload Domain disabled.
If you experience any issues, please disable "Enter Play Mode Options" in Editor Settings
Loaded scene 'Temp/__Backupscenes/0.backup'
	Deserialize:            0.200 ms
	Integration:            272.519 ms
	Integration of assets:  0.001 ms
	Thread Wait Time:       0.008 ms
	Total Operation Time:   272.728 ms
Unloading 0 Unused Serialized files (Serialized files now loaded: 0)
Loaded scene 'Temp/__Backupscenes/0.backup'
	Deserialize:            0.189 ms
	Integration:            242.049 ms
	Integration of assets:  0.001 ms
	Thread Wait Time:       0.007 ms
	Total Operation Time:   242.247 ms
Unloading 0 unused Assets / (0 B). Loaded Objects now: 8487.
Memory consumption went from 426.7 MB to 426.7 MB.
Total: 7.475500 ms (FindLiveObjects: 0.426700 ms CreateObjectMapping: 0.559000 ms MarkObjects: 6.482700 ms  DeleteObjects: 0.006300 ms)

SpriteAtlasPacking completed in 0.003132 sec
Entering Playmode with Reload Domain disabled.
If you experience any issues, please disable "Enter Play Mode Options" in Editor Settings
Loaded scene 'Temp/__Backupscenes/0.backup'
	Deserialize:            0.182 ms
	Integration:            242.454 ms
	Integration of assets:  0.001 ms
	Thread Wait Time:       0.007 ms
	Total Operation Time:   242.644 ms
Unloading 0 Unused Serialized files (Serialized files now loaded: 0)
Loaded scene 'Temp/__Backupscenes/0.backup'
	Deserialize:            0.192 ms
	Integration:            236.166 ms
	Integration of assets:  0.001 ms
	Thread Wait Time:       0.008 ms
	Total Operation Time:   236.367 ms
Unloading 0 unused Assets / (0 B). Loaded Objects now: 8487.
Memory consumption went from 426.7 MB to 426.7 MB.
Total: 7.389100 ms (FindLiveObjects: 0.378600 ms CreateObjectMapping: 0.539900 ms MarkObjects: 6.451100 ms  DeleteObjects: 0.018300 ms)

SpriteAtlasPacking completed in 0.003299 sec
Entering Playmode with Reload Domain disabled.
If you experience any issues, please disable "Enter Play Mode Options" in Editor Settings
Loaded scene 'Temp/__Backupscenes/0.backup'
	Deserialize:            0.184 ms
	Integration:            242.956 ms
	Integration of assets:  0.001 ms
	Thread Wait Time:       0.011 ms
	Total Operation Time:   243.153 ms
Unloading 0 Unused Serialized files (Serialized files now loaded: 0)
Loaded scene 'Temp/__Backupscenes/0.backup'
	Deserialize:            0.196 ms
	Integration:            231.212 ms
	Integration of assets:  0.001 ms
	Thread Wait Time:       0.009 ms
	Total Operation Time:   231.418 ms
Unloading 0 unused Assets / (0 B). Loaded Objects now: 8487.
Memory consumption went from 426.8 MB to 426.8 MB.
Total: 7.998200 ms (FindLiveObjects: 0.376200 ms CreateObjectMapping: 0.538900 ms MarkObjects: 7.074700 ms  DeleteObjects: 0.007500 ms)

SpriteAtlasPacking completed in 0.003468 sec
Entering Playmode with Reload Domain disabled.
If you experience any issues, please disable "Enter Play Mode Options" in Editor Settings
Loaded scene 'Temp/__Backupscenes/0.backup'
	Deserialize:            0.189 ms
	Integration:            236.305 ms
	Integration of assets:  0.001 ms
	Thread Wait Time:       0.010 ms
	Total Operation Time:   236.506 ms
Unloading 0 Unused Serialized files (Serialized files now loaded: 0)
Loaded scene 'Temp/__Backupscenes/0.backup'
	Deserialize:            0.186 ms
	Integration:            233.371 ms
	Integration of assets:  0.001 ms
	Thread Wait Time:       0.010 ms
	Total Operation Time:   233.568 ms
Unloading 0 unused Assets / (0 B). Loaded Objects now: 8487.
Memory consumption went from 426.8 MB to 426.8 MB.
Total: 8.084600 ms (FindLiveObjects: 0.405900 ms CreateObjectMapping: 0.565800 ms MarkObjects: 7.105400 ms  DeleteObjects: 0.006900 ms)

SpriteAtlasPacking completed in 0.003044 sec
Entering Playmode with Reload Domain disabled.
If you experience any issues, please disable "Enter Play Mode Options" in Editor Settings
Loaded scene 'Temp/__Backupscenes/0.backup'
	Deserialize:            0.308 ms
	Integration:            234.692 ms
	Integration of assets:  0.001 ms
	Thread Wait Time:       0.012 ms
	Total Operation Time:   235.014 ms
Unloading 0 Unused Serialized files (Serialized files now loaded: 0)
Loaded scene 'Temp/__Backupscenes/0.backup'
	Deserialize:            0.174 ms
	Integration:            246.939 ms
	Integration of assets:  0.001 ms
	Thread Wait Time:       0.006 ms
	Total Operation Time:   247.120 ms
Unloading 0 unused Assets / (16.6 KB). Loaded Objects now: 8487.
Memory consumption went from 427.1 MB to 427.1 MB.
Total: 7.882300 ms (FindLiveObjects: 0.416100 ms CreateObjectMapping: 0.562800 ms MarkObjects: 6.895400 ms  DeleteObjects: 0.007000 ms)

SpriteAtlasPacking completed in 0.003367 sec
Entering Playmode with Reload Domain disabled.
If you experience any issues, please disable "Enter Play Mode Options" in Editor Settings
Loaded scene 'Temp/__Backupscenes/0.backup'
	Deserialize:            0.191 ms
	Integration:            237.552 ms
	Integration of assets:  0.001 ms
	Thread Wait Time:       0.007 ms
	Total Operation Time:   237.751 ms
Unloading 0 Unused Serialized files (Serialized files now loaded: 0)
Loaded scene 'Temp/__Backupscenes/0.backup'
	Deserialize:            0.179 ms
	Integration:            233.975 ms
	Integration of assets:  0.001 ms
	Thread Wait Time:       0.007 ms
	Total Operation Time:   234.163 ms
Unloading 0 unused Assets / (0 B). Loaded Objects now: 8487.
Memory consumption went from 427.2 MB to 427.2 MB.
Total: 7.905500 ms (FindLiveObjects: 0.412500 ms CreateObjectMapping: 0.553300 ms MarkObjects: 6.932000 ms  DeleteObjects: 0.007000 ms)

SpriteAtlasPacking completed in 0.003097 sec
Entering Playmode with Reload Domain disabled.
If you experience any issues, please disable "Enter Play Mode Options" in Editor Settings
Loaded scene 'Temp/__Backupscenes/0.backup'
	Deserialize:            0.189 ms
	Integration:            240.241 ms
	Integration of assets:  0.001 ms
	Thread Wait Time:       0.010 ms
	Total Operation Time:   240.441 ms
Unloading 0 Unused Serialized files (Serialized files now loaded: 0)
Loaded scene 'Temp/__Backupscenes/0.backup'
	Deserialize:            0.174 ms
	Integration:            246.657 ms
	Integration of assets:  0.001 ms
	Thread Wait Time:       0.007 ms
	Total Operation Time:   246.839 ms
Unloading 0 unused Assets / (0 B). Loaded Objects now: 8487.
Memory consumption went from 427.4 MB to 427.4 MB.
Total: 8.167000 ms (FindLiveObjects: 0.376900 ms CreateObjectMapping: 0.546200 ms MarkObjects: 7.236500 ms  DeleteObjects: 0.006700 ms)

Importing 'GUID: efcd27d40245a1f48ba6ac1b1d773c11 - Path: Assets/Enemies/DungeonWoodTower.asset' with importer (NativeFormatImporter)
Imported 'GUID: efcd27d40245a1f48ba6ac1b1d773c11' -> (Import Result ID: 'fe27dad8493fbc5307ed75dea0dcde08') in 0.005 seconds [static dependencies only]. Details - ImportResultOutputID=559f20b014c52f9586fd098d04738cde DependenciesID=640ddc5c5deb8797cb168aa8dcc8b176 StaticDependenciesID=262ffcc8538a6fc2702e5e7ec6acff03 
Asset Pipeline Refresh (id=ced447a79708a8f459f63a64562a40a9): Total: 0.160 seconds - Initiated by StopAssetImportingV2(NoUpdateAssetOptions)
Importing 'GUID: efcd27d40245a1f48ba6ac1b1d773c11 - Path: Assets/Enemies/DungeonWoodTower.asset' with importer (NativeFormatImporter)
Imported 'GUID: efcd27d40245a1f48ba6ac1b1d773c11' -> (Import Result ID: '913dcdc91facbe42f31ed25c742408cb') in 0.001 seconds [static dependencies only]. Details - ImportResultOutputID=559f20b014c52f9586fd098d04738cde DependenciesID=09e940263033c865fd37c07deec37a31 StaticDependenciesID=733ce4cf1604d2c1faad3b045da216cf 
Asset Pipeline Refresh (id=22362252e3ae9f443b89c06a39e399c6): Total: 0.054 seconds - Initiated by StopAssetImportingV2(NoUpdateAssetOptions)
Opening scene 'Assets/Scenes/Dungeon.unity'
Unloading 10 Unused Serialized files (Serialized files now loaded: 0)
Loaded scene 'Assets/Scenes/Dungeon.unity'
	Deserialize:            11.477 ms
	Integration:            276.994 ms
	Integration of assets:  0.232 ms
	Thread Wait Time:       -0.016 ms
	Total Operation Time:   288.686 ms
Unloading 19 unused Assets / (8.8 MB). Loaded Objects now: 8837.
Memory consumption went from 460.7 MB to 451.9 MB.
Total: 7.876000 ms (FindLiveObjects: 0.424200 ms CreateObjectMapping: 0.549500 ms MarkObjects: 6.847000 ms  DeleteObjects: 0.054500 ms)

Opening scene 'Assets/Scenes/Dungeon.unity'
Unloading 4 Unused Serialized files (Serialized files now loaded: 0)
Loaded scene 'Assets/Scenes/Dungeon.unity'
	Deserialize:            3.276 ms
	Integration:            246.951 ms
	Integration of assets:  0.128 ms
	Thread Wait Time:       0.021 ms
	Total Operation Time:   250.376 ms
Unloading 1 unused Assets / (8.3 KB). Loaded Objects now: 8837.
Memory consumption went from 451.3 MB to 451.3 MB.
Total: 8.045900 ms (FindLiveObjects: 0.441800 ms CreateObjectMapping: 0.563500 ms MarkObjects: 7.019500 ms  DeleteObjects: 0.020100 ms)

Opening scene 'Assets/Scenes/Dungeon.unity'
Unloading 1 Unused Serialized files (Serialized files now loaded: 0)
Loaded scene 'Assets/Scenes/Dungeon.unity'
	Deserialize:            2.987 ms
	Integration:            244.986 ms
	Integration of assets:  0.086 ms
	Thread Wait Time:       0.012 ms
	Total Operation Time:   248.072 ms
Unloading 1 unused Assets / (1.0 KB). Loaded Objects now: 8837.
Memory consumption went from 451.5 MB to 451.5 MB.
Total: 8.796800 ms (FindLiveObjects: 0.425000 ms CreateObjectMapping: 0.543300 ms MarkObjects: 7.807900 ms  DeleteObjects: 0.019800 ms)

SpriteAtlasPacking completed in 0.003950 sec
Entering Playmode with Reload Domain disabled.
If you experience any issues, please disable "Enter Play Mode Options" in Editor Settings
Loaded scene 'Temp/__Backupscenes/0.backup'
	Deserialize:            3.828 ms
	Integration:            273.135 ms
	Integration of assets:  0.072 ms
	Thread Wait Time:       -0.004 ms
	Total Operation Time:   277.030 ms
Unloading 9 Unused Serialized files (Serialized files now loaded: 0)
Loaded scene 'Temp/__Backupscenes/0.backup'
	Deserialize:            2.148 ms
	Integration:            256.709 ms
	Integration of assets:  0.208 ms
	Thread Wait Time:       0.006 ms
	Total Operation Time:   259.072 ms
Unloading 7 unused Assets / (9.2 KB). Loaded Objects now: 8830.
Memory consumption went from 457.7 MB to 457.7 MB.
Total: 8.031800 ms (FindLiveObjects: 0.541100 ms CreateObjectMapping: 0.566100 ms MarkObjects: 6.871000 ms  DeleteObjects: 0.052700 ms)

SpriteAtlasPacking completed in 0.003824 sec
Entering Playmode with Reload Domain disabled.
If you experience any issues, please disable "Enter Play Mode Options" in Editor Settings
Loaded scene 'Temp/__Backupscenes/0.backup'
	Deserialize:            2.440 ms
	Integration:            249.281 ms
	Integration of assets:  0.127 ms
	Thread Wait Time:       -0.012 ms
	Total Operation Time:   251.835 ms
Unloading 8 Unused Serialized files (Serialized files now loaded: 0)
Loaded scene 'Temp/__Backupscenes/0.backup'
	Deserialize:            1.504 ms
	Integration:            242.605 ms
	Integration of assets:  0.198 ms
	Thread Wait Time:       0.008 ms
	Total Operation Time:   244.315 ms
Unloading 6 unused Assets / (7.7 KB). Loaded Objects now: 8830.
Memory consumption went from 450.7 MB to 450.7 MB.
Total: 8.021600 ms (FindLiveObjects: 0.436600 ms CreateObjectMapping: 0.560100 ms MarkObjects: 6.973000 ms  DeleteObjects: 0.051200 ms)

SpriteAtlasPacking completed in 0.003454 sec
Entering Playmode with Reload Domain disabled.
If you experience any issues, please disable "Enter Play Mode Options" in Editor Settings
Loaded scene 'Temp/__Backupscenes/0.backup'
	Deserialize:            2.155 ms
	Integration:            245.395 ms
	Integration of assets:  0.055 ms
	Thread Wait Time:       -0.008 ms
	Total Operation Time:   247.597 ms
Unloading 7 Unused Serialized files (Serialized files now loaded: 0)
Loaded scene 'Temp/__Backupscenes/0.backup'
	Deserialize:            1.489 ms
	Integration:            238.647 ms
	Integration of assets:  0.204 ms
	Thread Wait Time:       0.016 ms
	Total Operation Time:   240.356 ms
Unloading 4 unused Assets / (3.4 KB). Loaded Objects now: 8830.
Memory consumption went from 450.4 MB to 450.4 MB.
Total: 8.068800 ms (FindLiveObjects: 0.444900 ms CreateObjectMapping: 0.579800 ms MarkObjects: 6.997700 ms  DeleteObjects: 0.045600 ms)

SpriteAtlasPacking completed in 0.004095 sec
Entering Playmode with Reload Domain disabled.
If you experience any issues, please disable "Enter Play Mode Options" in Editor Settings
Loaded scene 'Temp/__Backupscenes/0.backup'
	Deserialize:            2.454 ms
	Integration:            242.001 ms
	Integration of assets:  0.060 ms
	Thread Wait Time:       -0.010 ms
	Total Operation Time:   244.505 ms
Unloading 7 Unused Serialized files (Serialized files now loaded: 0)
Loaded scene 'Temp/__Backupscenes/0.backup'
	Deserialize:            1.739 ms
	Integration:            238.627 ms
	Integration of assets:  0.199 ms
	Thread Wait Time:       0.012 ms
	Total Operation Time:   240.577 ms
Unloading 4 unused Assets / (5.9 KB). Loaded Objects now: 8830.
Memory consumption went from 450.4 MB to 450.4 MB.
Total: 7.896600 ms (FindLiveObjects: 0.446800 ms CreateObjectMapping: 0.550800 ms MarkObjects: 6.852600 ms  DeleteObjects: 0.045700 ms)

SpriteAtlasPacking completed in 0.003642 sec
Entering Playmode with Reload Domain disabled.
If you experience any issues, please disable "Enter Play Mode Options" in Editor Settings
Loaded scene 'Temp/__Backupscenes/0.backup'
	Deserialize:            2.239 ms
	Integration:            244.161 ms
	Integration of assets:  0.057 ms
	Thread Wait Time:       0.012 ms
	Total Operation Time:   246.470 ms
Unloading 8 Unused Serialized files (Serialized files now loaded: 0)
Loaded scene 'Temp/__Backupscenes/0.backup'
	Deserialize:            1.800 ms
	Integration:            246.866 ms
	Integration of assets:  0.228 ms
	Thread Wait Time:       -0.008 ms
	Total Operation Time:   248.885 ms
Unloading 6 unused Assets / (7.7 KB). Loaded Objects now: 8830.
Memory consumption went from 450.7 MB to 450.7 MB.
Total: 9.091200 ms (FindLiveObjects: 0.512000 ms CreateObjectMapping: 0.583900 ms MarkObjects: 7.933600 ms  DeleteObjects: 0.060000 ms)

SpriteAtlasPacking completed in 0.003617 sec
Entering Playmode with Reload Domain disabled.
If you experience any issues, please disable "Enter Play Mode Options" in Editor Settings
Loaded scene 'Temp/__Backupscenes/0.backup'
	Deserialize:            2.370 ms
	Integration:            254.037 ms
	Integration of assets:  0.060 ms
	Thread Wait Time:       -0.012 ms
	Total Operation Time:   256.456 ms
Unloading 7 Unused Serialized files (Serialized files now loaded: 0)
Loaded scene 'Temp/__Backupscenes/0.backup'
	Deserialize:            1.564 ms
	Integration:            243.051 ms
	Integration of assets:  0.205 ms
	Thread Wait Time:       -0.007 ms
	Total Operation Time:   244.814 ms
Unloading 4 unused Assets / (6.0 KB). Loaded Objects now: 8830.
Memory consumption went from 450.4 MB to 450.4 MB.
Total: 9.593600 ms (FindLiveObjects: 0.453300 ms CreateObjectMapping: 0.578800 ms MarkObjects: 8.511500 ms  DeleteObjects: 0.049100 ms)

SpriteAtlasPacking completed in 0.003865 sec
Entering Playmode with Reload Domain disabled.
If you experience any issues, please disable "Enter Play Mode Options" in Editor Settings
Loaded scene 'Temp/__Backupscenes/0.backup'
	Deserialize:            2.830 ms
	Integration:            244.253 ms
	Integration of assets:  0.254 ms
	Thread Wait Time:       -0.206 ms
	Total Operation Time:   247.132 ms
Unloading 8 Unused Serialized files (Serialized files now loaded: 0)
Loaded scene 'Temp/__Backupscenes/0.backup'
	Deserialize:            2.063 ms
	Integration:            237.913 ms
	Integration of assets:  0.252 ms
	Thread Wait Time:       -0.017 ms
	Total Operation Time:   240.211 ms
Unloading 6 unused Assets / (7.7 KB). Loaded Objects now: 8830.
Memory consumption went from 450.8 MB to 450.8 MB.
Total: 7.540100 ms (FindLiveObjects: 0.414400 ms CreateObjectMapping: 0.550900 ms MarkObjects: 6.515000 ms  DeleteObjects: 0.059000 ms)

SpriteAtlasPacking completed in 0.003627 sec
Entering Playmode with Reload Domain disabled.
If you experience any issues, please disable "Enter Play Mode Options" in Editor Settings
Loaded scene 'Temp/__Backupscenes/0.backup'
	Deserialize:            2.065 ms
	Integration:            241.881 ms
	Integration of assets:  0.049 ms
	Thread Wait Time:       0.010 ms
	Total Operation Time:   244.006 ms
Unloading 8 Unused Serialized files (Serialized files now loaded: 0)
Loaded scene 'Temp/__Backupscenes/0.backup'
	Deserialize:            1.594 ms
	Integration:            236.089 ms
	Integration of assets:  0.175 ms
	Thread Wait Time:       0.013 ms
	Total Operation Time:   237.871 ms
Unloading 6 unused Assets / (7.7 KB). Loaded Objects now: 8830.
Memory consumption went from 450.8 MB to 450.8 MB.
Total: 8.740500 ms (FindLiveObjects: 0.417200 ms CreateObjectMapping: 0.543700 ms MarkObjects: 7.721300 ms  DeleteObjects: 0.057500 ms)

Asset Pipeline Refresh (id=67c36046e44b12e4292faca6321dc648): Total: 0.005 seconds - Initiated by StopAssetImportingV2(NoUpdateAssetOptions)
Importing 'GUID: b000c2abb665dab4f9bac9a7e4bff05a - Path: Assets/__EnemyVisualControllerTests.controller' with importer (NativeFormatImporter)
Imported 'GUID: b000c2abb665dab4f9bac9a7e4bff05a' -> (Import Result ID: '0d39543a9f281c06c0fe3f769b9c69f2') in 0.001 seconds [static dependencies only]. Details - ImportResultOutputID=911d21aa884520556e0c28ed73ca3664 DependenciesID=d2e581ade891214490ce9b01e186b24c StaticDependenciesID=33c1eea9da741dcab501ca9c1ca78ae0 
Refreshing native plugins compatible for Editor in 2.17 ms, found 5 plugins.
Asset Pipeline Refresh (id=f75aeac2beb8c0e4395cf1d16d50c7dc): Total: 0.061 seconds - Initiated by StopAssetImportingV2(NoUpdateAssetOptions)
Asset Pipeline Refresh (id=4ca11790992e94b42bec5c238f041be0): Total: 0.050 seconds - Initiated by StopAssetImportingV2(NoUpdateAssetOptions)
SpriteAtlasPacking completed in 0.003440 sec
Entering Playmode with Reload Domain disabled.
If you experience any issues, please disable "Enter Play Mode Options" in Editor Settings
Loaded scene 'Temp/__Backupscenes/0.backup'
	Deserialize:            2.225 ms
	Integration:            240.527 ms
	Integration of assets:  0.144 ms
	Thread Wait Time:       -0.098 ms
	Total Operation Time:   242.798 ms
Unloading 8 Unused Serialized files (Serialized files now loaded: 0)
Loaded scene 'Temp/__Backupscenes/0.backup'
	Deserialize:            1.567 ms
	Integration:            243.639 ms
	Integration of assets:  0.212 ms
	Thread Wait Time:       -0.008 ms
	Total Operation Time:   245.409 ms
Unloading 21 unused Assets / (6.9 KB). Loaded Objects now: 8829.
Memory consumption went from 450.6 MB to 450.6 MB.
Total: 8.597200 ms (FindLiveObjects: 0.430500 ms CreateObjectMapping: 0.567600 ms MarkObjects: 7.548200 ms  DeleteObjects: 0.050300 ms)

Importing 'GUID: 2bcd2660ca9b64942af0de543d8d7100 - Path: Assets/Settings/InputSystem_Actions.inputactions' with importer (ScriptedImporter : Unity.InputSystem:UnityEngine.InputSystem.Editor:InputActionImporter)
Imported 'GUID: 2bcd2660ca9b64942af0de543d8d7100' -> (Import Result ID: 'd9c33fc6970a6d8e44b3b64d132a9d1d') in 0.027 seconds [static and dynamic dependencies]. Details - ImportResultOutputID=947f2444588e8a7c5fdf1e760cb0c366 DependenciesID=289176e9c1d7c134d1fb83e2064ce7f3 StaticDependenciesID=b30d4990c1574208797a10b17472e127 
Asset Pipeline Refresh (id=c24442b61766a9f4cbf589c82736d438): Total: 0.091 seconds - Initiated by StopAssetImportingV2(NoUpdateAssetOptions)
SpriteAtlasPacking completed in 0.003501 sec
Entering Playmode with Reload Domain disabled.
If you experience any issues, please disable "Enter Play Mode Options" in Editor Settings
Loaded scene 'Temp/__Backupscenes/0.backup'
	Deserialize:            2.285 ms
	Integration:            242.803 ms
	Integration of assets:  0.056 ms
	Thread Wait Time:       -0.008 ms
	Total Operation Time:   245.135 ms
Unloading 8 Unused Serialized files (Serialized files now loaded: 0)
Loaded scene 'Temp/__Backupscenes/0.backup'
	Deserialize:            1.583 ms
	Integration:            239.980 ms
	Integration of assets:  0.121 ms
	Thread Wait Time:       0.011 ms
	Total Operation Time:   241.696 ms
Unloading 21 unused Assets / (6.2 KB). Loaded Objects now: 8829.
Memory consumption went from 445.9 MB to 445.9 MB.
Total: 8.156900 ms (FindLiveObjects: 0.432500 ms CreateObjectMapping: 0.557500 ms MarkObjects: 7.105600 ms  DeleteObjects: 0.060600 ms)

SpriteAtlasPacking completed in 0.003889 sec
Entering Playmode with Reload Domain disabled.
If you experience any issues, please disable "Enter Play Mode Options" in Editor Settings
Loaded scene 'Temp/__Backupscenes/0.backup'
	Deserialize:            2.116 ms
	Integration:            242.064 ms
	Integration of assets:  0.057 ms
	Thread Wait Time:       -0.009 ms
	Total Operation Time:   244.228 ms
Unloading 7 Unused Serialized files (Serialized files now loaded: 0)
Loaded scene 'Temp/__Backupscenes/0.backup'
	Deserialize:            1.528 ms
	Integration:            251.309 ms
	Integration of assets:  0.190 ms
	Thread Wait Time:       0.010 ms
	Total Operation Time:   253.036 ms
Unloading 4 unused Assets / (5.9 KB). Loaded Objects now: 8829.
Memory consumption went from 446.0 MB to 446.0 MB.
Total: 7.672600 ms (FindLiveObjects: 0.483300 ms CreateObjectMapping: 0.550900 ms MarkObjects: 6.595100 ms  DeleteObjects: 0.042800 ms)

Importing 'GUID: 2bcd2660ca9b64942af0de543d8d7100 - Path: Assets/Settings/InputSystem_Actions.inputactions' with importer (ScriptedImporter : Unity.InputSystem:UnityEngine.InputSystem.Editor:InputActionImporter)
Imported 'GUID: 2bcd2660ca9b64942af0de543d8d7100' -> (Import Result ID: 'd9c33fc6970a6d8e44b3b64d132a9d1d') in 0.005 seconds [static and dynamic dependencies]. Details - ImportResultOutputID=947f2444588e8a7c5fdf1e760cb0c366 DependenciesID=289176e9c1d7c134d1fb83e2064ce7f3 StaticDependenciesID=b30d4990c1574208797a10b17472e127 
Asset Pipeline Refresh (id=327dab3eeae22ea4296b979fe381ab0c): Total: 0.065 seconds - Initiated by StopAssetImportingV2(NoUpdateAssetOptions)
SpriteAtlasPacking completed in 0.003648 sec
Entering Playmode with Reload Domain disabled.
If you experience any issues, please disable "Enter Play Mode Options" in Editor Settings
Loaded scene 'Temp/__Backupscenes/0.backup'
	Deserialize:            2.249 ms
	Integration:            257.074 ms
	Integration of assets:  0.052 ms
	Thread Wait Time:       -0.008 ms
	Total Operation Time:   259.368 ms
Unloading 9 Unused Serialized files (Serialized files now loaded: 0)
Loaded scene 'Temp/__Backupscenes/0.backup'
	Deserialize:            1.633 ms
	Integration:            235.650 ms
	Integration of assets:  0.136 ms
	Thread Wait Time:       -0.008 ms
	Total Operation Time:   237.411 ms
Unloading 23 unused Assets / (7.4 KB). Loaded Objects now: 8829.
Memory consumption went from 446.5 MB to 446.5 MB.
Total: 8.255200 ms (FindLiveObjects: 0.418300 ms CreateObjectMapping: 0.550300 ms MarkObjects: 7.218200 ms  DeleteObjects: 0.067600 ms)

SpriteAtlasPacking completed in 0.003936 sec
Entering Playmode with Reload Domain disabled.
If you experience any issues, please disable "Enter Play Mode Options" in Editor Settings
Loaded scene 'Temp/__Backupscenes/0.backup'
	Deserialize:            2.226 ms
	Integration:            248.594 ms
	Integration of assets:  0.056 ms
	Thread Wait Time:       0.011 ms
	Total Operation Time:   250.887 ms
Unloading 8 Unused Serialized files (Serialized files now loaded: 0)
Loaded scene 'Temp/__Backupscenes/0.backup'
	Deserialize:            1.530 ms
	Integration:            237.348 ms
	Integration of assets:  0.218 ms
	Thread Wait Time:       0.007 ms
	Total Operation Time:   239.104 ms
Unloading 6 unused Assets / (7.7 KB). Loaded Objects now: 8829.
Memory consumption went from 446.4 MB to 446.4 MB.
Total: 8.451800 ms (FindLiveObjects: 0.431900 ms CreateObjectMapping: 0.550600 ms MarkObjects: 7.418400 ms  DeleteObjects: 0.050200 ms)

Opening scene 'Assets/Scenes/SampleStage.unity'
Unloading 1 Unused Serialized files (Serialized files now loaded: 0)
More than one global light on layer Default for light blend style index 0
UnityEngine.Debug:ExtractStackTraceNoAlloc (byte*,int,string)
UnityEngine.StackTraceUtility:ExtractStackTrace ()
UnityEngine.DebugLogHandler:Internal_Log (UnityEngine.LogType,UnityEngine.LogOption,string,UnityEngine.Object)
UnityEngine.DebugLogHandler:LogFormat (UnityEngine.LogType,UnityEngine.Object,string,object[])
UnityEngine.Logger:Log (UnityEngine.LogType,object)
UnityEngine.Debug:LogError (object)
UnityEngine.Rendering.Universal.Light2DManager:ErrorIfDuplicateGlobalLight (UnityEngine.Rendering.Universal.Light2D) (at ./Library/PackageCache/com.unity.render-pipelines.universal@040461d037aa/Runtime/2D/Lights/Light2DManager.cs:143)
UnityEngine.Rendering.Universal.Light2DManager:RegisterLight (UnityEngine.Rendering.Universal.Light2D) (at ./Library/PackageCache/com.unity.render-pipelines.universal@040461d037aa/Runtime/2D/Lights/Light2DManager.cs:125)
UnityEngine.Rendering.Universal.Light2D:OnEnable () (at ./Library/PackageCache/com.unity.render-pipelines.universal@040461d037aa/Runtime/2D/Lights/Light2D.cs:641)
UnityEditor.SceneManagement.EditorSceneManager:OpenScene (string,UnityEditor.SceneManagement.OpenSceneMode)
UnityEditor.SceneManagement.EditorSceneManager:OpenScene (string)
PlayerDeathExistingSceneRegressionTests/<ExistingScene_PlayerDeathShowsGameOver>d__2:MoveNext () (at Assets/Tests/Editor/PlayerDeathExistingSceneRegressionTests.cs:47)
UnityEngine.TestTools.TestEnumerator/<Execute>d__7:MoveNext () (at ./Library/PackageCache/com.unity.test-framework@1405238725ab/UnityEngine.TestRunner/NUnitExtensions/Attributes/TestEnumerator.cs:44)
UnityEngine.TestTools.EnumerableTestMethodCommand/<ExecuteEnumerableAndRecordExceptions>d__4:MoveNext () (at ./Library/PackageCache/com.unity.test-framework@1405238725ab/UnityEngine.TestRunner/NUnitExtensions/Commands/EnumerableTestMethodCommand.cs:85)
UnityEngine.TestTools.EnumerableTestMethodCommand:AdvanceEnumerator (System.Collections.IEnumerator) (at ./Library/PackageCache/com.unity.test-framework@1405238725ab/UnityEngine.TestRunner/NUnitExtensions/Commands/EnumerableTestMethodCommand.cs:64)
UnityEngine.TestTools.EnumerableTestMethodCommand/<ExecuteEnumerable>d__2:MoveNext () (at ./Library/PackageCache/com.unity.test-framework@1405238725ab/UnityEngine.TestRunner/NUnitExtensions/Commands/EnumerableTestMethodCommand.cs:47)
UnityEngine.TestRunner.NUnitExtensions.Runner.UnityLogCheckDelegatingCommand/<ExecuteEnumerable>d__3:MoveNext () (at ./Library/PackageCache/com.unity.test-framework@1405238725ab/UnityEngine.TestRunner/NUnitExtensions/Runner/UnityLogCheckDelegatingCommand.cs:48)
UnityEngine.TestTools.BeforeAfterTestCommandBase`1/<ExecuteEnumerable>d__16<NUnit.Framework.ITestAction>:MoveNext () (at ./Library/PackageCache/com.unity.test-framework@1405238725ab/UnityEngine.TestRunner/NUnitExtensions/Commands/BeforeAfterTestCommandBase.cs:212)
UnityEngine.TestTools.BeforeAfterTestCommandBase`1/<ExecuteEnumerable>d__16<System.Reflection.MethodInfo>:MoveNext () (at ./Library/PackageCache/com.unity.test-framework@1405238725ab/UnityEngine.TestRunner/NUnitExtensions/Commands/BeforeAfterTestCommandBase.cs:212)
UnityEngine.TestTools.BeforeAfterTestCommandBase`1/<ExecuteEnumerable>d__16<System.Reflection.MethodInfo>:MoveNext () (at ./Library/PackageCache/com.unity.test-framework@1405238725ab/UnityEngine.TestRunner/NUnitExtensions/Commands/BeforeAfterTestCommandBase.cs:212)
UnityEngine.TestTools.BeforeAfterTestCommandBase`1/<ExecuteEnumerable>d__16<UnityEngine.TestTools.IOuterUnityTestAction>:MoveNext () (at ./Library/PackageCache/com.unity.test-framework@1405238725ab/UnityEngine.TestRunner/NUnitExtensions/Commands/BeforeAfterTestCommandBase.cs:212)
UnityEngine.TestTools.RetryCommand/<ExecuteEnumerable>d__2:MoveNext () (at ./Library/PackageCache/com.unity.test-framework@1405238725ab/UnityEngine.TestRunner/NUnitExtensions/Commands/RetryCommand.cs:37)
UnityEngine.TestTools.RepeatCommand/<ExecuteEnumerable>d__2:MoveNext () (at ./Library/PackageCache/com.unity.test-framework@1405238725ab/UnityEngine.TestRunner/NUnitExtensions/Commands/RepeatCommand.cs:36)
UnityEngine.TestTools.IgnoreTestCommand/<ExecuteEnumerable>d__3:MoveNext () (at ./Library/PackageCache/com.unity.test-framework@1405238725ab/UnityEngine.TestRunner/NUnitExtensions/Commands/IgnoreTestCommand.cs:42)
UnityEngine.TestTools.StrictCheckCommand/<ExecuteEnumerable>d__2:MoveNext () (at ./Library/PackageCache/com.unity.test-framework@1405238725ab/UnityEngine.TestRunner/NUnitExtensions/Commands/StrictCheckCommand.cs:29)
UnityEditor.TestTools.TestRunner.EditorEnumeratorTestWorkItem/<PerformWork>d__3:MoveNext () (at ./Library/PackageCache/com.unity.test-framework@1405238725ab/UnityEditor.TestRunner/TestRunner/EditorEnumeratorTestWorkItem.cs:97)
UnityEngine.TestRunner.NUnitExtensions.Runner.CompositeWorkItem/<RunChildren>d__17:MoveNext () (at ./Library/PackageCache/com.unity.test-framework@1405238725ab/UnityEngine.TestRunner/NUnitExtensions/Runner/CompositeWorkItem.cs:207)
UnityEngine.TestRunner.NUnitExtensions.Runner.CompositeWorkItem/<PerformWork>d__13:MoveNext () (at ./Library/PackageCache/com.unity.test-framework@1405238725ab/UnityEngine.TestRunner/NUnitExtensions/Runner/CompositeWorkItem.cs:82)
UnityEngine.TestRunner.NUnitExtensions.Runner.CompositeWorkItem/<RunChildren>d__17:MoveNext () (at ./Library/PackageCache/com.unity.test-framework@1405238725ab/UnityEngine.TestRunner/NUnitExtensions/Runner/CompositeWorkItem.cs:207)
UnityEngine.TestRunner.NUnitExtensions.Runner.CompositeWorkItem/<PerformWork>d__13:MoveNext () (at ./Library/PackageCache/com.unity.test-framework@1405238725ab/UnityEngine.TestRunner/NUnitExtensions/Runner/CompositeWorkItem.cs:82)
UnityEngine.TestRunner.NUnitExtensions.Runner.CompositeWorkItem/<RunChildren>d__17:MoveNext () (at ./Library/PackageCache/com.unity.test-framework@1405238725ab/UnityEngine.TestRunner/NUnitExtensions/Runner/CompositeWorkItem.cs:207)
UnityEngine.TestRunner.NUnitExtensions.Runner.CompositeWorkItem/<PerformWork>d__13:MoveNext () (at ./Library/PackageCache/com.unity.test-framework@1405238725ab/UnityEngine.TestRunner/NUnitExtensions/Runner/CompositeWorkItem.cs:82)
UnityEditor.TestTools.TestRunner.EditModeRunner:MoveNextAndUpdateYieldObject () (at ./Library/PackageCache/com.unity.test-framework@1405238725ab/UnityEditor.TestRunner/TestRunner/EditModeRunner.cs:166)
UnityEditor.TestTools.TestRunner.EditModeRunner:TestConsumer (UnityEditor.TestTools.TestRunner.TestRunnerStateSerializer) (at ./Library/PackageCache/com.unity.test-framework@1405238725ab/UnityEditor.TestRunner/TestRunner/EditModeRunner.cs:199)
UnityEditor.TestTools.TestRunner.TestRun.Tasks.EditModeRunTask/<Execute>d__1:MoveNext () (at ./Library/PackageCache/com.unity.test-framework@1405238725ab/UnityEditor.TestRunner/TestRun/Tasks/EditModeRunTask.cs:48)
UnityEditor.TestTools.TestRunner.TestRun.TestJobRunner:ExecuteStep () (at ./Library/PackageCache/com.unity.test-framework@1405238725ab/UnityEditor.TestRunner/TestRun/TestJobRunner.cs:194)
UnityEditor.TestTools.TestRunner.TestRun.TestJobRunner:ExecuteCallback () (at ./Library/PackageCache/com.unity.test-framework@1405238725ab/UnityEditor.TestRunner/TestRun/TestJobRunner.cs:129)
UnityEditor.EditorApplication:Internal_CallUpdateFunctions ()

(Filename: ./Library/PackageCache/com.unity.render-pipelines.universal@040461d037aa/Runtime/2D/Lights/Light2DManager.cs Line: 143)

Loaded scene 'Assets/Scenes/SampleStage.unity'
	Deserialize:            7.867 ms
	Integration:            241.085 ms
	Integration of assets:  0.171 ms
	Thread Wait Time:       -0.052 ms
	Total Operation Time:   249.071 ms
Unloading 5 unused Assets / (5.1 KB). Loaded Objects now: 9292.
Memory consumption went from 453.7 MB to 453.7 MB.
Total: 9.831900 ms (FindLiveObjects: 0.452500 ms CreateObjectMapping: 0.554400 ms MarkObjects: 8.794600 ms  DeleteObjects: 0.029700 ms)

SpriteAtlasPacking completed in 0.003985 sec
Entering Playmode with Reload Domain disabled.
If you experience any issues, please disable "Enter Play Mode Options" in Editor Settings
More than one global light on layer Default for light blend style index 0
UnityEngine.Debug:ExtractStackTraceNoAlloc (byte*,int,string)
UnityEngine.StackTraceUtility:ExtractStackTrace ()
UnityEngine.DebugLogHandler:Internal_Log (UnityEngine.LogType,UnityEngine.LogOption,string,UnityEngine.Object)
UnityEngine.DebugLogHandler:LogFormat (UnityEngine.LogType,UnityEngine.Object,string,object[])
UnityEngine.Logger:Log (UnityEngine.LogType,object)
UnityEngine.Debug:LogError (object)
UnityEngine.Rendering.Universal.Light2DManager:ErrorIfDuplicateGlobalLight (UnityEngine.Rendering.Universal.Light2D) (at ./Library/PackageCache/com.unity.render-pipelines.universal@040461d037aa/Runtime/2D/Lights/Light2DManager.cs:143)
UnityEngine.Rendering.Universal.Light2DManager:RegisterLight (UnityEngine.Rendering.Universal.Light2D) (at ./Library/PackageCache/com.unity.render-pipelines.universal@040461d037aa/Runtime/2D/Lights/Light2DManager.cs:125)
UnityEngine.Rendering.Universal.Light2D:OnEnable () (at ./Library/PackageCache/com.unity.render-pipelines.universal@040461d037aa/Runtime/2D/Lights/Light2D.cs:641)

(Filename: ./Library/PackageCache/com.unity.render-pipelines.universal@040461d037aa/Runtime/2D/Lights/Light2DManager.cs Line: 143)

Loaded scene 'Temp/__Backupscenes/0.backup'
	Deserialize:            5.854 ms
	Integration:            245.794 ms
	Integration of assets:  0.123 ms
	Thread Wait Time:       -0.050 ms
	Total Operation Time:   251.721 ms
There are 2 audio listeners in the scene. Please ensure there is always exactly one audio listener in the scene.
There are 2 event systems in the scene. Please ensure there is always exactly one event system in the scene
UnityEngine.Debug:ExtractStackTraceNoAlloc (byte*,int,string)
UnityEngine.StackTraceUtility:ExtractStackTrace ()
UnityEngine.DebugLogHandler:Internal_Log (UnityEngine.LogType,UnityEngine.LogOption,string,UnityEngine.Object)
UnityEngine.DebugLogHandler:LogFormat (UnityEngine.LogType,UnityEngine.Object,string,object[])
UnityEngine.Logger:Log (UnityEngine.LogType,object)
UnityEngine.Debug:LogWarning (object)
UnityEngine.EventSystems.EventSystem:Update () (at ./Library/PackageCache/com.unity.ugui@f2d87ebaaa32/Runtime/UGUI/EventSystem/EventSystem.cs:529)

(Filename: ./Library/PackageCache/com.unity.ugui@f2d87ebaaa32/Runtime/UGUI/EventSystem/EventSystem.cs Line: 529)

There are 2 audio listeners in the scene. Please ensure there is always exactly one audio listener in the scene.
There are 2 audio listeners in the scene. Please ensure there is always exactly one audio listener in the scene.
There are 2 event systems in the scene. Please ensure there is always exactly one event system in the scene
UnityEngine.Debug:ExtractStackTraceNoAlloc (byte*,int,string)
UnityEngine.StackTraceUtility:ExtractStackTrace ()
UnityEngine.DebugLogHandler:Internal_Log (UnityEngine.LogType,UnityEngine.LogOption,string,UnityEngine.Object)
UnityEngine.DebugLogHandler:LogFormat (UnityEngine.LogType,UnityEngine.Object,string,object[])
UnityEngine.Logger:Log (UnityEngine.LogType,object)
UnityEngine.Debug:LogWarning (object)
UnityEngine.EventSystems.EventSystem:Update () (at ./Library/PackageCache/com.unity.ugui@f2d87ebaaa32/Runtime/UGUI/EventSystem/EventSystem.cs:529)

(Filename: ./Library/PackageCache/com.unity.ugui@f2d87ebaaa32/Runtime/UGUI/EventSystem/EventSystem.cs Line: 529)

There are 2 audio listeners in the scene. Please ensure there is always exactly one audio listener in the scene.
Unloading 13 Unused Serialized files (Serialized files now loaded: 0)
More than one global light on layer Default for light blend style index 0
UnityEngine.Debug:ExtractStackTraceNoAlloc (byte*,int,string)
UnityEngine.StackTraceUtility:ExtractStackTrace ()
UnityEngine.DebugLogHandler:Internal_Log (UnityEngine.LogType,UnityEngine.LogOption,string,UnityEngine.Object)
UnityEngine.DebugLogHandler:LogFormat (UnityEngine.LogType,UnityEngine.Object,string,object[])
UnityEngine.Logger:Log (UnityEngine.LogType,object)
UnityEngine.Debug:LogError (object)
UnityEngine.Rendering.Universal.Light2DManager:ErrorIfDuplicateGlobalLight (UnityEngine.Rendering.Universal.Light2D) (at ./Library/PackageCache/com.unity.render-pipelines.universal@040461d037aa/Runtime/2D/Lights/Light2DManager.cs:143)
UnityEngine.Rendering.Universal.Light2DManager:RegisterLight (UnityEngine.Rendering.Universal.Light2D) (at ./Library/PackageCache/com.unity.render-pipelines.universal@040461d037aa/Runtime/2D/Lights/Light2DManager.cs:125)
UnityEngine.Rendering.Universal.Light2D:OnEnable () (at ./Library/PackageCache/com.unity.render-pipelines.universal@040461d037aa/Runtime/2D/Lights/Light2D.cs:641)

(Filename: ./Library/PackageCache/com.unity.render-pipelines.universal@040461d037aa/Runtime/2D/Lights/Light2DManager.cs Line: 143)

Loaded scene 'Temp/__Backupscenes/0.backup'
	Deserialize:            3.197 ms
	Integration:            236.452 ms
	Integration of assets:  0.213 ms
	Thread Wait Time:       -0.013 ms
	Total Operation Time:   239.849 ms
Unloading 0 unused Assets / (5.0 KB). Loaded Objects now: 9297.
Memory consumption went from 457.2 MB to 457.1 MB.
Total: 10.369000 ms (FindLiveObjects: 0.492000 ms CreateObjectMapping: 0.571100 ms MarkObjects: 9.297000 ms  DeleteObjects: 0.007900 ms)

SpriteAtlasPacking completed in 0.004112 sec
Entering Playmode with Reload Domain disabled.
If you experience any issues, please disable "Enter Play Mode Options" in Editor Settings
More than one global light on layer Default for light blend style index 0
UnityEngine.Debug:ExtractStackTraceNoAlloc (byte*,int,string)
UnityEngine.StackTraceUtility:ExtractStackTrace ()
UnityEngine.DebugLogHandler:Internal_Log (UnityEngine.LogType,UnityEngine.LogOption,string,UnityEngine.Object)
UnityEngine.DebugLogHandler:LogFormat (UnityEngine.LogType,UnityEngine.Object,string,object[])
UnityEngine.Logger:Log (UnityEngine.LogType,object)
UnityEngine.Debug:LogError (object)
UnityEngine.Rendering.Universal.Light2DManager:ErrorIfDuplicateGlobalLight (UnityEngine.Rendering.Universal.Light2D) (at ./Library/PackageCache/com.unity.render-pipelines.universal@040461d037aa/Runtime/2D/Lights/Light2DManager.cs:143)
UnityEngine.Rendering.Universal.Light2DManager:RegisterLight (UnityEngine.Rendering.Universal.Light2D) (at ./Library/PackageCache/com.unity.render-pipelines.universal@040461d037aa/Runtime/2D/Lights/Light2DManager.cs:125)
UnityEngine.Rendering.Universal.Light2D:OnEnable () (at ./Library/PackageCache/com.unity.render-pipelines.universal@040461d037aa/Runtime/2D/Lights/Light2D.cs:641)

(Filename: ./Library/PackageCache/com.unity.render-pipelines.universal@040461d037aa/Runtime/2D/Lights/Light2DManager.cs Line: 143)

Loaded scene 'Temp/__Backupscenes/0.backup'
	Deserialize:            3.587 ms
	Integration:            239.797 ms
	Integration of assets:  0.058 ms
	Thread Wait Time:       -0.007 ms
	Total Operation Time:   243.434 ms
There are 2 audio listeners in the scene. Please ensure there is always exactly one audio listener in the scene.
There are 2 audio listeners in the scene. Please ensure there is always exactly one audio listener in the scene.
There are 2 audio listeners in the scene. Please ensure there is always exactly one audio listener in the scene.
There are 2 audio listeners in the scene. Please ensure there is always exactly one audio listener in the scene.
Unloading 7 Unused Serialized files (Serialized files now loaded: 0)
More than one global light on layer Default for light blend style index 0
UnityEngine.Debug:ExtractStackTraceNoAlloc (byte*,int,string)
UnityEngine.StackTraceUtility:ExtractStackTrace ()
UnityEngine.DebugLogHandler:Internal_Log (UnityEngine.LogType,UnityEngine.LogOption,string,UnityEngine.Object)
UnityEngine.DebugLogHandler:LogFormat (UnityEngine.LogType,UnityEngine.Object,string,object[])
UnityEngine.Logger:Log (UnityEngine.LogType,object)
UnityEngine.Debug:LogError (object)
UnityEngine.Rendering.Universal.Light2DManager:ErrorIfDuplicateGlobalLight (UnityEngine.Rendering.Universal.Light2D) (at ./Library/PackageCache/com.unity.render-pipelines.universal@040461d037aa/Runtime/2D/Lights/Light2DManager.cs:143)
UnityEngine.Rendering.Universal.Light2DManager:RegisterLight (UnityEngine.Rendering.Universal.Light2D) (at ./Library/PackageCache/com.unity.render-pipelines.universal@040461d037aa/Runtime/2D/Lights/Light2DManager.cs:125)
UnityEngine.Rendering.Universal.Light2D:OnEnable () (at ./Library/PackageCache/com.unity.render-pipelines.universal@040461d037aa/Runtime/2D/Lights/Light2D.cs:641)

(Filename: ./Library/PackageCache/com.unity.render-pipelines.universal@040461d037aa/Runtime/2D/Lights/Light2DManager.cs Line: 143)

Loaded scene 'Temp/__Backupscenes/0.backup'
	Deserialize:            2.916 ms
	Integration:            234.920 ms
	Integration of assets:  0.214 ms
	Thread Wait Time:       -0.103 ms
	Total Operation Time:   237.947 ms
Unloading 0 unused Assets / (7.5 KB). Loaded Objects now: 9293.
Memory consumption went from 457.3 MB to 457.3 MB.
Total: 9.321200 ms (FindLiveObjects: 0.463000 ms CreateObjectMapping: 0.544700 ms MarkObjects: 8.305100 ms  DeleteObjects: 0.007800 ms)

SpriteAtlasPacking completed in 0.003976 sec
Entering Playmode with Reload Domain disabled.
If you experience any issues, please disable "Enter Play Mode Options" in Editor Settings
More than one global light on layer Default for light blend style index 0
UnityEngine.Debug:ExtractStackTraceNoAlloc (byte*,int,string)
UnityEngine.StackTraceUtility:ExtractStackTrace ()
UnityEngine.DebugLogHandler:Internal_Log (UnityEngine.LogType,UnityEngine.LogOption,string,UnityEngine.Object)
UnityEngine.DebugLogHandler:LogFormat (UnityEngine.LogType,UnityEngine.Object,string,object[])
UnityEngine.Logger:Log (UnityEngine.LogType,object)
UnityEngine.Debug:LogError (object)
UnityEngine.Rendering.Universal.Light2DManager:ErrorIfDuplicateGlobalLight (UnityEngine.Rendering.Universal.Light2D) (at ./Library/PackageCache/com.unity.render-pipelines.universal@040461d037aa/Runtime/2D/Lights/Light2DManager.cs:143)
UnityEngine.Rendering.Universal.Light2DManager:RegisterLight (UnityEngine.Rendering.Universal.Light2D) (at ./Library/PackageCache/com.unity.render-pipelines.universal@040461d037aa/Runtime/2D/Lights/Light2DManager.cs:125)
UnityEngine.Rendering.Universal.Light2D:OnEnable () (at ./Library/PackageCache/com.unity.render-pipelines.universal@040461d037aa/Runtime/2D/Lights/Light2D.cs:641)

(Filename: ./Library/PackageCache/com.unity.render-pipelines.universal@040461d037aa/Runtime/2D/Lights/Light2DManager.cs Line: 143)

Loaded scene 'Temp/__Backupscenes/0.backup'
	Deserialize:            3.748 ms
	Integration:            251.692 ms
	Integration of assets:  0.078 ms
	Thread Wait Time:       -0.027 ms
	Total Operation Time:   255.491 ms
There are 2 audio listeners in the scene. Please ensure there is always exactly one audio listener in the scene.
There are 2 audio listeners in the scene. Please ensure there is always exactly one audio listener in the scene.
There are 2 audio listeners in the scene. Please ensure there is always exactly one audio listener in the scene.
There are 2 audio listeners in the scene. Please ensure there is always exactly one audio listener in the scene.
Unloading 7 Unused Serialized files (Serialized files now loaded: 0)
More than one global light on layer Default for light blend style index 0
UnityEngine.Debug:ExtractStackTraceNoAlloc (byte*,int,string)
UnityEngine.StackTraceUtility:ExtractStackTrace ()
UnityEngine.DebugLogHandler:Internal_Log (UnityEngine.LogType,UnityEngine.LogOption,string,UnityEngine.Object)
UnityEngine.DebugLogHandler:LogFormat (UnityEngine.LogType,UnityEngine.Object,string,object[])
UnityEngine.Logger:Log (UnityEngine.LogType,object)
UnityEngine.Debug:LogError (object)
UnityEngine.Rendering.Universal.Light2DManager:ErrorIfDuplicateGlobalLight (UnityEngine.Rendering.Universal.Light2D) (at ./Library/PackageCache/com.unity.render-pipelines.universal@040461d037aa/Runtime/2D/Lights/Light2DManager.cs:143)
UnityEngine.Rendering.Universal.Light2DManager:RegisterLight (UnityEngine.Rendering.Universal.Light2D) (at ./Library/PackageCache/com.unity.render-pipelines.universal@040461d037aa/Runtime/2D/Lights/Light2DManager.cs:125)
UnityEngine.Rendering.Universal.Light2D:OnEnable () (at ./Library/PackageCache/com.unity.render-pipelines.universal@040461d037aa/Runtime/2D/Lights/Light2D.cs:641)

(Filename: ./Library/PackageCache/com.unity.render-pipelines.universal@040461d037aa/Runtime/2D/Lights/Light2DManager.cs Line: 143)

Loaded scene 'Temp/__Backupscenes/0.backup'
	Deserialize:            3.268 ms
	Integration:            238.421 ms
	Integration of assets:  0.209 ms
	Thread Wait Time:       -0.029 ms
	Total Operation Time:   241.869 ms
Unloading 0 unused Assets / (5.0 KB). Loaded Objects now: 9293.
Memory consumption went from 457.3 MB to 457.3 MB.
Total: 9.820900 ms (FindLiveObjects: 0.465000 ms CreateObjectMapping: 0.546700 ms MarkObjects: 8.799400 ms  DeleteObjects: 0.009200 ms)

SpriteAtlasPacking completed in 0.003829 sec
Entering Playmode with Reload Domain disabled.
If you experience any issues, please disable "Enter Play Mode Options" in Editor Settings
More than one global light on layer Default for light blend style index 0
UnityEngine.Debug:ExtractStackTraceNoAlloc (byte*,int,string)
UnityEngine.StackTraceUtility:ExtractStackTrace ()
UnityEngine.DebugLogHandler:Internal_Log (UnityEngine.LogType,UnityEngine.LogOption,string,UnityEngine.Object)
UnityEngine.DebugLogHandler:LogFormat (UnityEngine.LogType,UnityEngine.Object,string,object[])
UnityEngine.Logger:Log (UnityEngine.LogType,object)
UnityEngine.Debug:LogError (object)
UnityEngine.Rendering.Universal.Light2DManager:ErrorIfDuplicateGlobalLight (UnityEngine.Rendering.Universal.Light2D) (at ./Library/PackageCache/com.unity.render-pipelines.universal@040461d037aa/Runtime/2D/Lights/Light2DManager.cs:143)
UnityEngine.Rendering.Universal.Light2DManager:RegisterLight (UnityEngine.Rendering.Universal.Light2D) (at ./Library/PackageCache/com.unity.render-pipelines.universal@040461d037aa/Runtime/2D/Lights/Light2DManager.cs:125)
UnityEngine.Rendering.Universal.Light2D:OnEnable () (at ./Library/PackageCache/com.unity.render-pipelines.universal@040461d037aa/Runtime/2D/Lights/Light2D.cs:641)

(Filename: ./Library/PackageCache/com.unity.render-pipelines.universal@040461d037aa/Runtime/2D/Lights/Light2DManager.cs Line: 143)

Loaded scene 'Temp/__Backupscenes/0.backup'
	Deserialize:            4.317 ms
	Integration:            243.329 ms
	Integration of assets:  0.089 ms
	Thread Wait Time:       -0.025 ms
	Total Operation Time:   247.709 ms
There are 2 audio listeners in the scene. Please ensure there is always exactly one audio listener in the scene.
There are 2 audio listeners in the scene. Please ensure there is always exactly one audio listener in the scene.
There are 2 audio listeners in the scene. Please ensure there is always exactly one audio listener in the scene.
There are 2 audio listeners in the scene. Please ensure there is always exactly one audio listener in the scene.
Unloading 7 Unused Serialized files (Serialized files now loaded: 0)
More than one global light on layer Default for light blend style index 0
UnityEngine.Debug:ExtractStackTraceNoAlloc (byte*,int,string)
UnityEngine.StackTraceUtility:ExtractStackTrace ()
UnityEngine.DebugLogHandler:Internal_Log (UnityEngine.LogType,UnityEngine.LogOption,string,UnityEngine.Object)
UnityEngine.DebugLogHandler:LogFormat (UnityEngine.LogType,UnityEngine.Object,string,object[])
UnityEngine.Logger:Log (UnityEngine.LogType,object)
UnityEngine.Debug:LogError (object)
UnityEngine.Rendering.Universal.Light2DManager:ErrorIfDuplicateGlobalLight (UnityEngine.Rendering.Universal.Light2D) (at ./Library/PackageCache/com.unity.render-pipelines.universal@040461d037aa/Runtime/2D/Lights/Light2DManager.cs:143)
UnityEngine.Rendering.Universal.Light2DManager:RegisterLight (UnityEngine.Rendering.Universal.Light2D) (at ./Library/PackageCache/com.unity.render-pipelines.universal@040461d037aa/Runtime/2D/Lights/Light2DManager.cs:125)
UnityEngine.Rendering.Universal.Light2D:OnEnable () (at ./Library/PackageCache/com.unity.render-pipelines.universal@040461d037aa/Runtime/2D/Lights/Light2D.cs:641)

(Filename: ./Library/PackageCache/com.unity.render-pipelines.universal@040461d037aa/Runtime/2D/Lights/Light2DManager.cs Line: 143)

Loaded scene 'Temp/__Backupscenes/0.backup'
	Deserialize:            3.340 ms
	Integration:            237.799 ms
	Integration of assets:  0.136 ms
	Thread Wait Time:       -0.001 ms
	Total Operation Time:   241.274 ms
Unloading 0 unused Assets / (5.0 KB). Loaded Objects now: 9293.
Memory consumption went from 457.3 MB to 457.3 MB.
Total: 9.161000 ms (FindLiveObjects: 0.458800 ms CreateObjectMapping: 0.565900 ms MarkObjects: 8.128100 ms  DeleteObjects: 0.007300 ms)

Importing 'GUID: 2bcd2660ca9b64942af0de543d8d7100 - Path: Assets/Settings/InputSystem_Actions.inputactions' with importer (ScriptedImporter : Unity.InputSystem:UnityEngine.InputSystem.Editor:InputActionImporter)
Imported 'GUID: 2bcd2660ca9b64942af0de543d8d7100' -> (Import Result ID: 'd9c33fc6970a6d8e44b3b64d132a9d1d') in 0.005 seconds [static and dynamic dependencies]. Details - ImportResultOutputID=947f2444588e8a7c5fdf1e760cb0c366 DependenciesID=289176e9c1d7c134d1fb83e2064ce7f3 StaticDependenciesID=b30d4990c1574208797a10b17472e127 
Asset Pipeline Refresh (id=107b689508f31d84ab2c9686ed29e3c5): Total: 0.069 seconds - Initiated by StopAssetImportingV2(NoUpdateAssetOptions)
SpriteAtlasPacking completed in 0.004703 sec
Entering Playmode with Reload Domain disabled.
If you experience any issues, please disable "Enter Play Mode Options" in Editor Settings
More than one global light on layer Default for light blend style index 0
UnityEngine.Debug:ExtractStackTraceNoAlloc (byte*,int,string)
UnityEngine.StackTraceUtility:ExtractStackTrace ()
UnityEngine.DebugLogHandler:Internal_Log (UnityEngine.LogType,UnityEngine.LogOption,string,UnityEngine.Object)
UnityEngine.DebugLogHandler:LogFormat (UnityEngine.LogType,UnityEngine.Object,string,object[])
UnityEngine.Logger:Log (UnityEngine.LogType,object)
UnityEngine.Debug:LogError (object)
UnityEngine.Rendering.Universal.Light2DManager:ErrorIfDuplicateGlobalLight (UnityEngine.Rendering.Universal.Light2D) (at ./Library/PackageCache/com.unity.render-pipelines.universal@040461d037aa/Runtime/2D/Lights/Light2DManager.cs:143)
UnityEngine.Rendering.Universal.Light2DManager:RegisterLight (UnityEngine.Rendering.Universal.Light2D) (at ./Library/PackageCache/com.unity.render-pipelines.universal@040461d037aa/Runtime/2D/Lights/Light2DManager.cs:125)
UnityEngine.Rendering.Universal.Light2D:OnEnable () (at ./Library/PackageCache/com.unity.render-pipelines.universal@040461d037aa/Runtime/2D/Lights/Light2D.cs:641)

(Filename: ./Library/PackageCache/com.unity.render-pipelines.universal@040461d037aa/Runtime/2D/Lights/Light2DManager.cs Line: 143)

Loaded scene 'Temp/__Backupscenes/0.backup'
	Deserialize:            4.499 ms
	Integration:            248.075 ms
	Integration of assets:  0.059 ms
	Thread Wait Time:       -0.008 ms
	Total Operation Time:   252.625 ms
There are 2 audio listeners in the scene. Please ensure there is always exactly one audio listener in the scene.
There are 2 audio listeners in the scene. Please ensure there is always exactly one audio listener in the scene.
There are 2 audio listeners in the scene. Please ensure there is always exactly one audio listener in the scene.
There are 2 audio listeners in the scene. Please ensure there is always exactly one audio listener in the scene.
Unloading 8 Unused Serialized files (Serialized files now loaded: 0)
More than one global light on layer Default for light blend style index 0
UnityEngine.Debug:ExtractStackTraceNoAlloc (byte*,int,string)
UnityEngine.StackTraceUtility:ExtractStackTrace ()
UnityEngine.DebugLogHandler:Internal_Log (UnityEngine.LogType,UnityEngine.LogOption,string,UnityEngine.Object)
UnityEngine.DebugLogHandler:LogFormat (UnityEngine.LogType,UnityEngine.Object,string,object[])
UnityEngine.Logger:Log (UnityEngine.LogType,object)
UnityEngine.Debug:LogError (object)
UnityEngine.Rendering.Universal.Light2DManager:ErrorIfDuplicateGlobalLight (UnityEngine.Rendering.Universal.Light2D) (at ./Library/PackageCache/com.unity.render-pipelines.universal@040461d037aa/Runtime/2D/Lights/Light2DManager.cs:143)
UnityEngine.Rendering.Universal.Light2DManager:RegisterLight (UnityEngine.Rendering.Universal.Light2D) (at ./Library/PackageCache/com.unity.render-pipelines.universal@040461d037aa/Runtime/2D/Lights/Light2DManager.cs:125)
UnityEngine.Rendering.Universal.Light2D:OnEnable () (at ./Library/PackageCache/com.unity.render-pipelines.universal@040461d037aa/Runtime/2D/Lights/Light2D.cs:641)

(Filename: ./Library/PackageCache/com.unity.render-pipelines.universal@040461d037aa/Runtime/2D/Lights/Light2DManager.cs Line: 143)

Loaded scene 'Temp/__Backupscenes/0.backup'
	Deserialize:            3.248 ms
	Integration:            237.110 ms
	Integration of assets:  0.290 ms
	Thread Wait Time:       -0.005 ms
	Total Operation Time:   240.643 ms
Unloading 17 unused Assets / (5.2 KB). Loaded Objects now: 9293.
Memory consumption went from 457.4 MB to 457.4 MB.
Total: 9.789900 ms (FindLiveObjects: 0.462000 ms CreateObjectMapping: 0.551900 ms MarkObjects: 8.746100 ms  DeleteObjects: 0.029300 ms)

SpriteAtlasPacking completed in 0.003836 sec
Entering Playmode with Reload Domain disabled.
If you experience any issues, please disable "Enter Play Mode Options" in Editor Settings
More than one global light on layer Default for light blend style index 0
UnityEngine.Debug:ExtractStackTraceNoAlloc (byte*,int,string)
UnityEngine.StackTraceUtility:ExtractStackTrace ()
UnityEngine.DebugLogHandler:Internal_Log (UnityEngine.LogType,UnityEngine.LogOption,string,UnityEngine.Object)
UnityEngine.DebugLogHandler:LogFormat (UnityEngine.LogType,UnityEngine.Object,string,object[])
UnityEngine.Logger:Log (UnityEngine.LogType,object)
UnityEngine.Debug:LogError (object)
UnityEngine.Rendering.Universal.Light2DManager:ErrorIfDuplicateGlobalLight (UnityEngine.Rendering.Universal.Light2D) (at ./Library/PackageCache/com.unity.render-pipelines.universal@040461d037aa/Runtime/2D/Lights/Light2DManager.cs:143)
UnityEngine.Rendering.Universal.Light2DManager:RegisterLight (UnityEngine.Rendering.Universal.Light2D) (at ./Library/PackageCache/com.unity.render-pipelines.universal@040461d037aa/Runtime/2D/Lights/Light2DManager.cs:125)
UnityEngine.Rendering.Universal.Light2D:OnEnable () (at ./Library/PackageCache/com.unity.render-pipelines.universal@040461d037aa/Runtime/2D/Lights/Light2D.cs:641)

(Filename: ./Library/PackageCache/com.unity.render-pipelines.universal@040461d037aa/Runtime/2D/Lights/Light2DManager.cs Line: 143)

Loaded scene 'Temp/__Backupscenes/0.backup'
	Deserialize:            3.516 ms
	Integration:            241.058 ms
	Integration of assets:  0.054 ms
	Thread Wait Time:       -0.010 ms
	Total Operation Time:   244.619 ms
There are 2 audio listeners in the scene. Please ensure there is always exactly one audio listener in the scene.
There are 2 audio listeners in the scene. Please ensure there is always exactly one audio listener in the scene.
There are 2 audio listeners in the scene. Please ensure there is always exactly one audio listener in the scene.
There are 2 audio listeners in the scene. Please ensure there is always exactly one audio listener in the scene.
Unloading 7 Unused Serialized files (Serialized files now loaded: 0)
More than one global light on layer Default for light blend style index 0
UnityEngine.Debug:ExtractStackTraceNoAlloc (byte*,int,string)
UnityEngine.StackTraceUtility:ExtractStackTrace ()
UnityEngine.DebugLogHandler:Internal_Log (UnityEngine.LogType,UnityEngine.LogOption,string,UnityEngine.Object)
UnityEngine.DebugLogHandler:LogFormat (UnityEngine.LogType,UnityEngine.Object,string,object[])
UnityEngine.Logger:Log (UnityEngine.LogType,object)
UnityEngine.Debug:LogError (object)
UnityEngine.Rendering.Universal.Light2DManager:ErrorIfDuplicateGlobalLight (UnityEngine.Rendering.Universal.Light2D) (at ./Library/PackageCache/com.unity.render-pipelines.universal@040461d037aa/Runtime/2D/Lights/Light2DManager.cs:143)
UnityEngine.Rendering.Universal.Light2DManager:RegisterLight (UnityEngine.Rendering.Universal.Light2D) (at ./Library/PackageCache/com.unity.render-pipelines.universal@040461d037aa/Runtime/2D/Lights/Light2DManager.cs:125)
UnityEngine.Rendering.Universal.Light2D:OnEnable () (at ./Library/PackageCache/com.unity.render-pipelines.universal@040461d037aa/Runtime/2D/Lights/Light2D.cs:641)

(Filename: ./Library/PackageCache/com.unity.render-pipelines.universal@040461d037aa/Runtime/2D/Lights/Light2DManager.cs Line: 143)

Loaded scene 'Temp/__Backupscenes/0.backup'
	Deserialize:            3.195 ms
	Integration:            245.352 ms
	Integration of assets:  0.157 ms
	Thread Wait Time:       -0.043 ms
	Total Operation Time:   248.661 ms
Unloading 0 unused Assets / (5.0 KB). Loaded Objects now: 9293.
Memory consumption went from 457.3 MB to 457.3 MB.
Total: 9.210500 ms (FindLiveObjects: 0.448700 ms CreateObjectMapping: 0.548900 ms MarkObjects: 8.204700 ms  DeleteObjects: 0.007500 ms)

SpriteAtlasPacking completed in 0.004196 sec
Entering Playmode with Reload Domain disabled.
If you experience any issues, please disable "Enter Play Mode Options" in Editor Settings
More than one global light on layer Default for light blend style index 0
UnityEngine.Debug:ExtractStackTraceNoAlloc (byte*,int,string)
UnityEngine.StackTraceUtility:ExtractStackTrace ()
UnityEngine.DebugLogHandler:Internal_Log (UnityEngine.LogType,UnityEngine.LogOption,string,UnityEngine.Object)
UnityEngine.DebugLogHandler:LogFormat (UnityEngine.LogType,UnityEngine.Object,string,object[])
UnityEngine.Logger:Log (UnityEngine.LogType,object)
UnityEngine.Debug:LogError (object)
UnityEngine.Rendering.Universal.Light2DManager:ErrorIfDuplicateGlobalLight (UnityEngine.Rendering.Universal.Light2D) (at ./Library/PackageCache/com.unity.render-pipelines.universal@040461d037aa/Runtime/2D/Lights/Light2DManager.cs:143)
UnityEngine.Rendering.Universal.Light2DManager:RegisterLight (UnityEngine.Rendering.Universal.Light2D) (at ./Library/PackageCache/com.unity.render-pipelines.universal@040461d037aa/Runtime/2D/Lights/Light2DManager.cs:125)
UnityEngine.Rendering.Universal.Light2D:OnEnable () (at ./Library/PackageCache/com.unity.render-pipelines.universal@040461d037aa/Runtime/2D/Lights/Light2D.cs:641)

(Filename: ./Library/PackageCache/com.unity.render-pipelines.universal@040461d037aa/Runtime/2D/Lights/Light2DManager.cs Line: 143)

Loaded scene 'Temp/__Backupscenes/0.backup'
	Deserialize:            4.249 ms
	Integration:            241.035 ms
	Integration of assets:  0.294 ms
	Thread Wait Time:       -0.247 ms
	Total Operation Time:   245.331 ms
There are 2 audio listeners in the scene. Please ensure there is always exactly one audio listener in the scene.
There are 2 audio listeners in the scene. Please ensure there is always exactly one audio listener in the scene.
There are 2 audio listeners in the scene. Please ensure there is always exactly one audio listener in the scene.
There are 2 audio listeners in the scene. Please ensure there is always exactly one audio listener in the scene.
Unloading 7 Unused Serialized files (Serialized files now loaded: 0)
More than one global light on layer Default for light blend style index 0
UnityEngine.Debug:ExtractStackTraceNoAlloc (byte*,int,string)
UnityEngine.StackTraceUtility:ExtractStackTrace ()
UnityEngine.DebugLogHandler:Internal_Log (UnityEngine.LogType,UnityEngine.LogOption,string,UnityEngine.Object)
UnityEngine.DebugLogHandler:LogFormat (UnityEngine.LogType,UnityEngine.Object,string,object[])
UnityEngine.Logger:Log (UnityEngine.LogType,object)
UnityEngine.Debug:LogError (object)
UnityEngine.Rendering.Universal.Light2DManager:ErrorIfDuplicateGlobalLight (UnityEngine.Rendering.Universal.Light2D) (at ./Library/PackageCache/com.unity.render-pipelines.universal@040461d037aa/Runtime/2D/Lights/Light2DManager.cs:143)
UnityEngine.Rendering.Universal.Light2DManager:RegisterLight (UnityEngine.Rendering.Universal.Light2D) (at ./Library/PackageCache/com.unity.render-pipelines.universal@040461d037aa/Runtime/2D/Lights/Light2DManager.cs:125)
UnityEngine.Rendering.Universal.Light2D:OnEnable () (at ./Library/PackageCache/com.unity.render-pipelines.universal@040461d037aa/Runtime/2D/Lights/Light2D.cs:641)

(Filename: ./Library/PackageCache/com.unity.render-pipelines.universal@040461d037aa/Runtime/2D/Lights/Light2DManager.cs Line: 143)

Loaded scene 'Temp/__Backupscenes/0.backup'
	Deserialize:            2.861 ms
	Integration:            236.018 ms
	Integration of assets:  0.190 ms
	Thread Wait Time:       0.007 ms
	Total Operation Time:   239.075 ms
Unloading 0 unused Assets / (5.0 KB). Loaded Objects now: 9293.
Memory consumption went from 457.3 MB to 457.3 MB.
Total: 9.243900 ms (FindLiveObjects: 0.467800 ms CreateObjectMapping: 0.698400 ms MarkObjects: 8.068500 ms  DeleteObjects: 0.008600 ms)

SpriteAtlasPacking completed in 0.003938 sec
Entering Playmode with Reload Domain disabled.
If you experience any issues, please disable "Enter Play Mode Options" in Editor Settings
More than one global light on layer Default for light blend style index 0
UnityEngine.Debug:ExtractStackTraceNoAlloc (byte*,int,string)
UnityEngine.StackTraceUtility:ExtractStackTrace ()
UnityEngine.DebugLogHandler:Internal_Log (UnityEngine.LogType,UnityEngine.LogOption,string,UnityEngine.Object)
UnityEngine.DebugLogHandler:LogFormat (UnityEngine.LogType,UnityEngine.Object,string,object[])
UnityEngine.Logger:Log (UnityEngine.LogType,object)
UnityEngine.Debug:LogError (object)
UnityEngine.Rendering.Universal.Light2DManager:ErrorIfDuplicateGlobalLight (UnityEngine.Rendering.Universal.Light2D) (at ./Library/PackageCache/com.unity.render-pipelines.universal@040461d037aa/Runtime/2D/Lights/Light2DManager.cs:143)
UnityEngine.Rendering.Universal.Light2DManager:RegisterLight (UnityEngine.Rendering.Universal.Light2D) (at ./Library/PackageCache/com.unity.render-pipelines.universal@040461d037aa/Runtime/2D/Lights/Light2DManager.cs:125)
UnityEngine.Rendering.Universal.Light2D:OnEnable () (at ./Library/PackageCache/com.unity.render-pipelines.universal@040461d037aa/Runtime/2D/Lights/Light2D.cs:641)

(Filename: ./Library/PackageCache/com.unity.render-pipelines.universal@040461d037aa/Runtime/2D/Lights/Light2DManager.cs Line: 143)

Loaded scene 'Temp/__Backupscenes/0.backup'
	Deserialize:            3.595 ms
	Integration:            239.123 ms
	Integration of assets:  0.081 ms
	Thread Wait Time:       -0.038 ms
	Total Operation Time:   242.761 ms
There are 2 audio listeners in the scene. Please ensure there is always exactly one audio listener in the scene.
There are 2 audio listeners in the scene. Please ensure there is always exactly one audio listener in the scene.
There are 2 audio listeners in the scene. Please ensure there is always exactly one audio listener in the scene.
There are 2 audio listeners in the scene. Please ensure there is always exactly one audio listener in the scene.
Unloading 7 Unused Serialized files (Serialized files now loaded: 0)
More than one global light on layer Default for light blend style index 0
UnityEngine.Debug:ExtractStackTraceNoAlloc (byte*,int,string)
UnityEngine.StackTraceUtility:ExtractStackTrace ()
UnityEngine.DebugLogHandler:Internal_Log (UnityEngine.LogType,UnityEngine.LogOption,string,UnityEngine.Object)
UnityEngine.DebugLogHandler:LogFormat (UnityEngine.LogType,UnityEngine.Object,string,object[])
UnityEngine.Logger:Log (UnityEngine.LogType,object)
UnityEngine.Debug:LogError (object)
UnityEngine.Rendering.Universal.Light2DManager:ErrorIfDuplicateGlobalLight (UnityEngine.Rendering.Universal.Light2D) (at ./Library/PackageCache/com.unity.render-pipelines.universal@040461d037aa/Runtime/2D/Lights/Light2DManager.cs:143)
UnityEngine.Rendering.Universal.Light2DManager:RegisterLight (UnityEngine.Rendering.Universal.Light2D) (at ./Library/PackageCache/com.unity.render-pipelines.universal@040461d037aa/Runtime/2D/Lights/Light2DManager.cs:125)
UnityEngine.Rendering.Universal.Light2D:OnEnable () (at ./Library/PackageCache/com.unity.render-pipelines.universal@040461d037aa/Runtime/2D/Lights/Light2D.cs:641)

(Filename: ./Library/PackageCache/com.unity.render-pipelines.universal@040461d037aa/Runtime/2D/Lights/Light2DManager.cs Line: 143)

Loaded scene 'Temp/__Backupscenes/0.backup'
	Deserialize:            3.313 ms
	Integration:            235.185 ms
	Integration of assets:  0.144 ms
	Thread Wait Time:       -0.015 ms
	Total Operation Time:   238.626 ms
Unloading 0 unused Assets / (0 B). Loaded Objects now: 9293.
Memory consumption went from 457.3 MB to 457.3 MB.
Total: 9.927700 ms (FindLiveObjects: 0.457200 ms CreateObjectMapping: 0.543400 ms MarkObjects: 8.917900 ms  DeleteObjects: 0.007900 ms)

SpriteAtlasPacking completed in 0.004302 sec
Entering Playmode with Reload Domain disabled.
If you experience any issues, please disable "Enter Play Mode Options" in Editor Settings
More than one global light on layer Default for light blend style index 0
UnityEngine.Debug:ExtractStackTraceNoAlloc (byte*,int,string)
UnityEngine.StackTraceUtility:ExtractStackTrace ()
UnityEngine.DebugLogHandler:Internal_Log (UnityEngine.LogType,UnityEngine.LogOption,string,UnityEngine.Object)
UnityEngine.DebugLogHandler:LogFormat (UnityEngine.LogType,UnityEngine.Object,string,object[])
UnityEngine.Logger:Log (UnityEngine.LogType,object)
UnityEngine.Debug:LogError (object)
UnityEngine.Rendering.Universal.Light2DManager:ErrorIfDuplicateGlobalLight (UnityEngine.Rendering.Universal.Light2D) (at ./Library/PackageCache/com.unity.render-pipelines.universal@040461d037aa/Runtime/2D/Lights/Light2DManager.cs:143)
UnityEngine.Rendering.Universal.Light2DManager:RegisterLight (UnityEngine.Rendering.Universal.Light2D) (at ./Library/PackageCache/com.unity.render-pipelines.universal@040461d037aa/Runtime/2D/Lights/Light2DManager.cs:125)
UnityEngine.Rendering.Universal.Light2D:OnEnable () (at ./Library/PackageCache/com.unity.render-pipelines.universal@040461d037aa/Runtime/2D/Lights/Light2D.cs:641)

(Filename: ./Library/PackageCache/com.unity.render-pipelines.universal@040461d037aa/Runtime/2D/Lights/Light2DManager.cs Line: 143)

Loaded scene 'Temp/__Backupscenes/0.backup'
	Deserialize:            3.556 ms
	Integration:            242.212 ms
	Integration of assets:  0.103 ms
	Thread Wait Time:       -0.026 ms
	Total Operation Time:   245.845 ms
There are 2 audio listeners in the scene. Please ensure there is always exactly one audio listener in the scene.
There are 2 audio listeners in the scene. Please ensure there is always exactly one audio listener in the scene.
There are 2 audio listeners in the scene. Please ensure there is always exactly one audio listener in the scene.
There are 2 audio listeners in the scene. Please ensure there is always exactly one audio listener in the scene.
Unloading 7 Unused Serialized files (Serialized files now loaded: 0)
More than one global light on layer Default for light blend style index 0
UnityEngine.Debug:ExtractStackTraceNoAlloc (byte*,int,string)
UnityEngine.StackTraceUtility:ExtractStackTrace ()
UnityEngine.DebugLogHandler:Internal_Log (UnityEngine.LogType,UnityEngine.LogOption,string,UnityEngine.Object)
UnityEngine.DebugLogHandler:LogFormat (UnityEngine.LogType,UnityEngine.Object,string,object[])
UnityEngine.Logger:Log (UnityEngine.LogType,object)
UnityEngine.Debug:LogError (object)
UnityEngine.Rendering.Universal.Light2DManager:ErrorIfDuplicateGlobalLight (UnityEngine.Rendering.Universal.Light2D) (at ./Library/PackageCache/com.unity.render-pipelines.universal@040461d037aa/Runtime/2D/Lights/Light2DManager.cs:143)
UnityEngine.Rendering.Universal.Light2DManager:RegisterLight (UnityEngine.Rendering.Universal.Light2D) (at ./Library/PackageCache/com.unity.render-pipelines.universal@040461d037aa/Runtime/2D/Lights/Light2DManager.cs:125)
UnityEngine.Rendering.Universal.Light2D:OnEnable () (at ./Library/PackageCache/com.unity.render-pipelines.universal@040461d037aa/Runtime/2D/Lights/Light2D.cs:641)

(Filename: ./Library/PackageCache/com.unity.render-pipelines.universal@040461d037aa/Runtime/2D/Lights/Light2DManager.cs Line: 143)

Loaded scene 'Temp/__Backupscenes/0.backup'
	Deserialize:            2.853 ms
	Integration:            238.939 ms
	Integration of assets:  0.207 ms
	Thread Wait Time:       -0.022 ms
	Total Operation Time:   241.977 ms
Unloading 0 unused Assets / (5.0 KB). Loaded Objects now: 9293.
Memory consumption went from 457.3 MB to 457.3 MB.
Total: 9.816400 ms (FindLiveObjects: 0.803300 ms CreateObjectMapping: 0.842400 ms MarkObjects: 8.156600 ms  DeleteObjects: 0.012500 ms)

SpriteAtlasPacking completed in 0.004142 sec
Entering Playmode with Reload Domain disabled.
If you experience any issues, please disable "Enter Play Mode Options" in Editor Settings
More than one global light on layer Default for light blend style index 0
UnityEngine.Debug:ExtractStackTraceNoAlloc (byte*,int,string)
UnityEngine.StackTraceUtility:ExtractStackTrace ()
UnityEngine.DebugLogHandler:Internal_Log (UnityEngine.LogType,UnityEngine.LogOption,string,UnityEngine.Object)
UnityEngine.DebugLogHandler:LogFormat (UnityEngine.LogType,UnityEngine.Object,string,object[])
UnityEngine.Logger:Log (UnityEngine.LogType,object)
UnityEngine.Debug:LogError (object)
UnityEngine.Rendering.Universal.Light2DManager:ErrorIfDuplicateGlobalLight (UnityEngine.Rendering.Universal.Light2D) (at ./Library/PackageCache/com.unity.render-pipelines.universal@040461d037aa/Runtime/2D/Lights/Light2DManager.cs:143)
UnityEngine.Rendering.Universal.Light2DManager:RegisterLight (UnityEngine.Rendering.Universal.Light2D) (at ./Library/PackageCache/com.unity.render-pipelines.universal@040461d037aa/Runtime/2D/Lights/Light2DManager.cs:125)
UnityEngine.Rendering.Universal.Light2D:OnEnable () (at ./Library/PackageCache/com.unity.render-pipelines.universal@040461d037aa/Runtime/2D/Lights/Light2D.cs:641)

(Filename: ./Library/PackageCache/com.unity.render-pipelines.universal@040461d037aa/Runtime/2D/Lights/Light2DManager.cs Line: 143)

Loaded scene 'Temp/__Backupscenes/0.backup'
	Deserialize:            3.446 ms
	Integration:            240.068 ms
	Integration of assets:  0.096 ms
	Thread Wait Time:       -0.014 ms
	Total Operation Time:   243.595 ms
There are 2 audio listeners in the scene. Please ensure there is always exactly one audio listener in the scene.
There are 2 audio listeners in the scene. Please ensure there is always exactly one audio listener in the scene.
There are 2 audio listeners in the scene. Please ensure there is always exactly one audio listener in the scene.
There are 2 audio listeners in the scene. Please ensure there is always exactly one audio listener in the scene.
Unloading 7 Unused Serialized files (Serialized files now loaded: 0)
More than one global light on layer Default for light blend style index 0
UnityEngine.Debug:ExtractStackTraceNoAlloc (byte*,int,string)
UnityEngine.StackTraceUtility:ExtractStackTrace ()
UnityEngine.DebugLogHandler:Internal_Log (UnityEngine.LogType,UnityEngine.LogOption,string,UnityEngine.Object)
UnityEngine.DebugLogHandler:LogFormat (UnityEngine.LogType,UnityEngine.Object,string,object[])
UnityEngine.Logger:Log (UnityEngine.LogType,object)
UnityEngine.Debug:LogError (object)
UnityEngine.Rendering.Universal.Light2DManager:ErrorIfDuplicateGlobalLight (UnityEngine.Rendering.Universal.Light2D) (at ./Library/PackageCache/com.unity.render-pipelines.universal@040461d037aa/Runtime/2D/Lights/Light2DManager.cs:143)
UnityEngine.Rendering.Universal.Light2DManager:RegisterLight (UnityEngine.Rendering.Universal.Light2D) (at ./Library/PackageCache/com.unity.render-pipelines.universal@040461d037aa/Runtime/2D/Lights/Light2DManager.cs:125)
UnityEngine.Rendering.Universal.Light2D:OnEnable () (at ./Library/PackageCache/com.unity.render-pipelines.universal@040461d037aa/Runtime/2D/Lights/Light2D.cs:641)

(Filename: ./Library/PackageCache/com.unity.render-pipelines.universal@040461d037aa/Runtime/2D/Lights/Light2DManager.cs Line: 143)

Loaded scene 'Temp/__Backupscenes/0.backup'
	Deserialize:            3.445 ms
	Integration:            234.484 ms
	Integration of assets:  0.146 ms
	Thread Wait Time:       -0.015 ms
	Total Operation Time:   238.060 ms
Unloading 0 unused Assets / (5.0 KB). Loaded Objects now: 9293.
Memory consumption went from 457.3 MB to 457.3 MB.
Total: 8.968900 ms (FindLiveObjects: 0.463300 ms CreateObjectMapping: 0.576900 ms MarkObjects: 7.920400 ms  DeleteObjects: 0.007700 ms)

SpriteAtlasPacking completed in 0.004265 sec
Entering Playmode with Reload Domain disabled.
If you experience any issues, please disable "Enter Play Mode Options" in Editor Settings
More than one global light on layer Default for light blend style index 0
UnityEngine.Debug:ExtractStackTraceNoAlloc (byte*,int,string)
UnityEngine.StackTraceUtility:ExtractStackTrace ()
UnityEngine.DebugLogHandler:Internal_Log (UnityEngine.LogType,UnityEngine.LogOption,string,UnityEngine.Object)
UnityEngine.DebugLogHandler:LogFormat (UnityEngine.LogType,UnityEngine.Object,string,object[])
UnityEngine.Logger:Log (UnityEngine.LogType,object)
UnityEngine.Debug:LogError (object)
UnityEngine.Rendering.Universal.Light2DManager:ErrorIfDuplicateGlobalLight (UnityEngine.Rendering.Universal.Light2D) (at ./Library/PackageCache/com.unity.render-pipelines.universal@040461d037aa/Runtime/2D/Lights/Light2DManager.cs:143)
UnityEngine.Rendering.Universal.Light2DManager:RegisterLight (UnityEngine.Rendering.Universal.Light2D) (at ./Library/PackageCache/com.unity.render-pipelines.universal@040461d037aa/Runtime/2D/Lights/Light2DManager.cs:125)
UnityEngine.Rendering.Universal.Light2D:OnEnable () (at ./Library/PackageCache/com.unity.render-pipelines.universal@040461d037aa/Runtime/2D/Lights/Light2D.cs:641)

(Filename: ./Library/PackageCache/com.unity.render-pipelines.universal@040461d037aa/Runtime/2D/Lights/Light2DManager.cs Line: 143)

Loaded scene 'Temp/__Backupscenes/0.backup'
	Deserialize:            3.891 ms
	Integration:            240.277 ms
	Integration of assets:  0.074 ms
	Thread Wait Time:       -0.021 ms
	Total Operation Time:   244.221 ms
There are 2 audio listeners in the scene. Please ensure there is always exactly one audio listener in the scene.
There are 2 audio listeners in the scene. Please ensure there is always exactly one audio listener in the scene.
There are 2 audio listeners in the scene. Please ensure there is always exactly one audio listener in the scene.
There are 2 audio listeners in the scene. Please ensure there is always exactly one audio listener in the scene.
Unloading 7 Unused Serialized files (Serialized files now loaded: 0)
More than one global light on layer Default for light blend style index 0
UnityEngine.Debug:ExtractStackTraceNoAlloc (byte*,int,string)
UnityEngine.StackTraceUtility:ExtractStackTrace ()
UnityEngine.DebugLogHandler:Internal_Log (UnityEngine.LogType,UnityEngine.LogOption,string,UnityEngine.Object)
UnityEngine.DebugLogHandler:LogFormat (UnityEngine.LogType,UnityEngine.Object,string,object[])
UnityEngine.Logger:Log (UnityEngine.LogType,object)
UnityEngine.Debug:LogError (object)
UnityEngine.Rendering.Universal.Light2DManager:ErrorIfDuplicateGlobalLight (UnityEngine.Rendering.Universal.Light2D) (at ./Library/PackageCache/com.unity.render-pipelines.universal@040461d037aa/Runtime/2D/Lights/Light2DManager.cs:143)
UnityEngine.Rendering.Universal.Light2DManager:RegisterLight (UnityEngine.Rendering.Universal.Light2D) (at ./Library/PackageCache/com.unity.render-pipelines.universal@040461d037aa/Runtime/2D/Lights/Light2DManager.cs:125)
UnityEngine.Rendering.Universal.Light2D:OnEnable () (at ./Library/PackageCache/com.unity.render-pipelines.universal@040461d037aa/Runtime/2D/Lights/Light2D.cs:641)

(Filename: ./Library/PackageCache/com.unity.render-pipelines.universal@040461d037aa/Runtime/2D/Lights/Light2DManager.cs Line: 143)

Loaded scene 'Temp/__Backupscenes/0.backup'
	Deserialize:            3.129 ms
	Integration:            234.216 ms
	Integration of assets:  0.213 ms
	Thread Wait Time:       -0.027 ms
	Total Operation Time:   237.531 ms
Unloading 0 unused Assets / (5.0 KB). Loaded Objects now: 9293.
Memory consumption went from 457.3 MB to 457.3 MB.
Total: 9.607700 ms (FindLiveObjects: 0.463000 ms CreateObjectMapping: 0.544900 ms MarkObjects: 8.586400 ms  DeleteObjects: 0.012300 ms)

SpriteAtlasPacking completed in 0.003990 sec
Entering Playmode with Reload Domain disabled.
If you experience any issues, please disable "Enter Play Mode Options" in Editor Settings
More than one global light on layer Default for light blend style index 0
UnityEngine.Debug:ExtractStackTraceNoAlloc (byte*,int,string)
UnityEngine.StackTraceUtility:ExtractStackTrace ()
UnityEngine.DebugLogHandler:Internal_Log (UnityEngine.LogType,UnityEngine.LogOption,string,UnityEngine.Object)
UnityEngine.DebugLogHandler:LogFormat (UnityEngine.LogType,UnityEngine.Object,string,object[])
UnityEngine.Logger:Log (UnityEngine.LogType,object)
UnityEngine.Debug:LogError (object)
UnityEngine.Rendering.Universal.Light2DManager:ErrorIfDuplicateGlobalLight (UnityEngine.Rendering.Universal.Light2D) (at ./Library/PackageCache/com.unity.render-pipelines.universal@040461d037aa/Runtime/2D/Lights/Light2DManager.cs:143)
UnityEngine.Rendering.Universal.Light2DManager:RegisterLight (UnityEngine.Rendering.Universal.Light2D) (at ./Library/PackageCache/com.unity.render-pipelines.universal@040461d037aa/Runtime/2D/Lights/Light2DManager.cs:125)
UnityEngine.Rendering.Universal.Light2D:OnEnable () (at ./Library/PackageCache/com.unity.render-pipelines.universal@040461d037aa/Runtime/2D/Lights/Light2D.cs:641)

(Filename: ./Library/PackageCache/com.unity.render-pipelines.universal@040461d037aa/Runtime/2D/Lights/Light2DManager.cs Line: 143)

Loaded scene 'Temp/__Backupscenes/0.backup'
	Deserialize:            3.602 ms
	Integration:            240.396 ms
	Integration of assets:  0.053 ms
	Thread Wait Time:       0.011 ms
	Total Operation Time:   244.062 ms
There are 2 audio listeners in the scene. Please ensure there is always exactly one audio listener in the scene.
There are 2 audio listeners in the scene. Please ensure there is always exactly one audio listener in the scene.
There are 2 audio listeners in the scene. Please ensure there is always exactly one audio listener in the scene.
There are 2 audio listeners in the scene. Please ensure there is always exactly one audio listener in the scene.
Unloading 7 Unused Serialized files (Serialized files now loaded: 0)
More than one global light on layer Default for light blend style index 0
UnityEngine.Debug:ExtractStackTraceNoAlloc (byte*,int,string)
UnityEngine.StackTraceUtility:ExtractStackTrace ()
UnityEngine.DebugLogHandler:Internal_Log (UnityEngine.LogType,UnityEngine.LogOption,string,UnityEngine.Object)
UnityEngine.DebugLogHandler:LogFormat (UnityEngine.LogType,UnityEngine.Object,string,object[])
UnityEngine.Logger:Log (UnityEngine.LogType,object)
UnityEngine.Debug:LogError (object)
UnityEngine.Rendering.Universal.Light2DManager:ErrorIfDuplicateGlobalLight (UnityEngine.Rendering.Universal.Light2D) (at ./Library/PackageCache/com.unity.render-pipelines.universal@040461d037aa/Runtime/2D/Lights/Light2DManager.cs:143)
UnityEngine.Rendering.Universal.Light2DManager:RegisterLight (UnityEngine.Rendering.Universal.Light2D) (at ./Library/PackageCache/com.unity.render-pipelines.universal@040461d037aa/Runtime/2D/Lights/Light2DManager.cs:125)
UnityEngine.Rendering.Universal.Light2D:OnEnable () (at ./Library/PackageCache/com.unity.render-pipelines.universal@040461d037aa/Runtime/2D/Lights/Light2D.cs:641)

(Filename: ./Library/PackageCache/com.unity.render-pipelines.universal@040461d037aa/Runtime/2D/Lights/Light2DManager.cs Line: 143)

Loaded scene 'Temp/__Backupscenes/0.backup'
	Deserialize:            2.915 ms
	Integration:            228.623 ms
	Integration of assets:  0.135 ms
	Thread Wait Time:       -0.030 ms
	Total Operation Time:   231.644 ms
Unloading 0 unused Assets / (5.0 KB). Loaded Objects now: 9293.
Memory consumption went from 457.3 MB to 457.3 MB.
Total: 9.279300 ms (FindLiveObjects: 0.524300 ms CreateObjectMapping: 0.576700 ms MarkObjects: 8.164700 ms  DeleteObjects: 0.012700 ms)

Opening scene 'Assets/Scenes/SampleStage.unity'
Unloading 4 Unused Serialized files (Serialized files now loaded: 0)
More than one global light on layer Default for light blend style index 0
UnityEngine.Debug:ExtractStackTraceNoAlloc (byte*,int,string)
UnityEngine.StackTraceUtility:ExtractStackTrace ()
UnityEngine.DebugLogHandler:Internal_Log (UnityEngine.LogType,UnityEngine.LogOption,string,UnityEngine.Object)
UnityEngine.DebugLogHandler:LogFormat (UnityEngine.LogType,UnityEngine.Object,string,object[])
UnityEngine.Logger:Log (UnityEngine.LogType,object)
UnityEngine.Debug:LogError (object)
UnityEngine.Rendering.Universal.Light2DManager:ErrorIfDuplicateGlobalLight (UnityEngine.Rendering.Universal.Light2D) (at ./Library/PackageCache/com.unity.render-pipelines.universal@040461d037aa/Runtime/2D/Lights/Light2DManager.cs:143)
UnityEngine.Rendering.Universal.Light2DManager:RegisterLight (UnityEngine.Rendering.Universal.Light2D) (at ./Library/PackageCache/com.unity.render-pipelines.universal@040461d037aa/Runtime/2D/Lights/Light2DManager.cs:125)
UnityEngine.Rendering.Universal.Light2D:OnEnable () (at ./Library/PackageCache/com.unity.render-pipelines.universal@040461d037aa/Runtime/2D/Lights/Light2D.cs:641)
UnityEditor.SceneManagement.EditorSceneManager:OpenScene (string,UnityEditor.SceneManagement.OpenSceneMode)
UnityEditor.SceneManagement.EditorSceneManager:OpenScene (string)
SampleStageSceneTests:SampleStageCamera_IsPlayerChildWithZeroLocalY () (at Assets/Tests/Editor/SampleStageSceneTests.cs:24)
System.Reflection.RuntimeMethodInfo:Invoke (object,System.Reflection.BindingFlags,System.Reflection.Binder,object[],System.Globalization.CultureInfo)
System.Reflection.MethodBase:Invoke (object,object[])
NUnit.Framework.Internal.Reflect:InvokeMethod (System.Reflection.MethodInfo,object,object[])
NUnit.Framework.Internal.MethodWrapper:Invoke (object,object[])
NUnit.Framework.Internal.Commands.TestMethodCommand:RunNonAsyncTestMethod (NUnit.Framework.Internal.ITestExecutionContext)
NUnit.Framework.Internal.Commands.TestMethodCommand:RunTestMethod (NUnit.Framework.Internal.ITestExecutionContext)
NUnit.Framework.Internal.Commands.TestMethodCommand:Execute (NUnit.Framework.Internal.ITestExecutionContext)
UnityEngine.TestTools.UnityTestMethodCommand:Execute (NUnit.Framework.Internal.ITestExecutionContext) (at ./Library/PackageCache/com.unity.test-framework@1405238725ab/UnityEngine.TestRunner/NUnitExtensions/Commands/UnityTestMethodCommand.cs:19)
UnityEngine.TestRunner.NUnitExtensions.Runner.UnityLogCheckDelegatingCommand/<>c__DisplayClass2_0:<Execute>b__0 () (at ./Library/PackageCache/com.unity.test-framework@1405238725ab/UnityEngine.TestRunner/NUnitExtensions/Runner/UnityLogCheckDelegatingCommand.cs:24)
UnityEngine.TestRunner.NUnitExtensions.Runner.UnityLogCheckDelegatingCommand:CaptureException (NUnit.Framework.Internal.TestResult,System.Action) (at ./Library/PackageCache/com.unity.test-framework@1405238725ab/UnityEngine.TestRunner/NUnitExtensions/Runner/UnityLogCheckDelegatingCommand.cs:72)
UnityEngine.TestRunner.NUnitExtensions.Runner.UnityLogCheckDelegatingCommand:ExecuteAndCheckLog (UnityEngine.TestTools.Logging.LogScope,NUnit.Framework.Internal.TestResult,System.Action) (at ./Library/PackageCache/com.unity.test-framework@1405238725ab/UnityEngine.TestRunner/NUnitExtensions/Runner/UnityLogCheckDelegatingCommand.cs:83)
UnityEngine.TestRunner.NUnitExtensions.Runner.UnityLogCheckDelegatingCommand:Execute (NUnit.Framework.Internal.ITestExecutionContext) (at ./Library/PackageCache/com.unity.test-framework@1405238725ab/UnityEngine.TestRunner/NUnitExtensions/Runner/UnityLogCheckDelegatingCommand.cs:24)
UnityEngine.TestRunner.NUnitExtensions.Runner.UnityLogCheckDelegatingCommand/<ExecuteEnumerable>d__3:MoveNext () (at ./Library/PackageCache/com.unity.test-framework@1405238725ab/UnityEngine.TestRunner/NUnitExtensions/Runner/UnityLogCheckDelegatingCommand.cs:35)
UnityEngine.TestTools.BeforeAfterTestCommandBase`1/<ExecuteEnumerable>d__16<NUnit.Framework.ITestAction>:MoveNext () (at ./Library/PackageCache/com.unity.test-framework@1405238725ab/UnityEngine.TestRunner/NUnitExtensions/Commands/BeforeAfterTestCommandBase.cs:212)
UnityEngine.TestTools.ImmediateEnumerableCommand:Execute (NUnit.Framework.Internal.ITestExecutionContext) (at ./Library/PackageCache/com.unity.test-framework@1405238725ab/UnityEngine.TestRunner/NUnitExtensions/Commands/ImmediateEnumerableCommand.cs:18)
UnityEngine.TestTools.BeforeAfterTestCommandBase`1/<ExecuteEnumerable>d__16<System.Reflection.MethodInfo>:MoveNext () (at ./Library/PackageCache/com.unity.test-framework@1405238725ab/UnityEngine.TestRunner/NUnitExtensions/Commands/BeforeAfterTestCommandBase.cs:219)
UnityEngine.TestTools.BeforeAfterTestCommandBase`1/<ExecuteEnumerable>d__16<System.Reflection.MethodInfo>:MoveNext () (at ./Library/PackageCache/com.unity.test-framework@1405238725ab/UnityEngine.TestRunner/NUnitExtensions/Commands/BeforeAfterTestCommandBase.cs:212)
UnityEngine.TestTools.BeforeAfterTestCommandBase`1/<ExecuteEnumerable>d__16<UnityEngine.TestTools.IOuterUnityTestAction>:MoveNext () (at ./Library/PackageCache/com.unity.test-framework@1405238725ab/UnityEngine.TestRunner/NUnitExtensions/Commands/BeforeAfterTestCommandBase.cs:212)
UnityEngine.TestTools.RetryCommand/<ExecuteEnumerable>d__2:MoveNext () (at ./Library/PackageCache/com.unity.test-framework@1405238725ab/UnityEngine.TestRunner/NUnitExtensions/Commands/RetryCommand.cs:37)
UnityEngine.TestTools.RepeatCommand/<ExecuteEnumerable>d__2:MoveNext () (at ./Library/PackageCache/com.unity.test-framework@1405238725ab/UnityEngine.TestRunner/NUnitExtensions/Commands/RepeatCommand.cs:36)
UnityEngine.TestTools.IgnoreTestCommand/<ExecuteEnumerable>d__3:MoveNext () (at ./Library/PackageCache/com.unity.test-framework@1405238725ab/UnityEngine.TestRunner/NUnitExtensions/Commands/IgnoreTestCommand.cs:42)
UnityEngine.TestTools.StrictCheckCommand/<ExecuteEnumerable>d__2:MoveNext () (at ./Library/PackageCache/com.unity.test-framework@1405238725ab/UnityEngine.TestRunner/NUnitExtensions/Commands/StrictCheckCommand.cs:29)
UnityEngine.TestRunner.NUnitExtensions.Runner.DefaultTestWorkItem/<PerformWork>d__2:MoveNext () (at ./Library/PackageCache/com.unity.test-framework@1405238725ab/UnityEngine.TestRunner/NUnitExtensions/Runner/DefaultTestWorkItem.cs:50)
UnityEngine.TestRunner.NUnitExtensions.Runner.CompositeWorkItem/<RunChildren>d__17:MoveNext () (at ./Library/PackageCache/com.unity.test-framework@1405238725ab/UnityEngine.TestRunner/NUnitExtensions/Runner/CompositeWorkItem.cs:207)
UnityEngine.TestRunner.NUnitExtensions.Runner.CompositeWorkItem/<PerformWork>d__13:MoveNext () (at ./Library/PackageCache/com.unity.test-framework@1405238725ab/UnityEngine.TestRunner/NUnitExtensions/Runner/CompositeWorkItem.cs:82)
UnityEngine.TestRunner.NUnitExtensions.Runner.CompositeWorkItem/<RunChildren>d__17:MoveNext () (at ./Library/PackageCache/com.unity.test-framework@1405238725ab/UnityEngine.TestRunner/NUnitExtensions/Runner/CompositeWorkItem.cs:207)
UnityEngine.TestRunner.NUnitExtensions.Runner.CompositeWorkItem/<PerformWork>d__13:MoveNext () (at ./Library/PackageCache/com.unity.test-framework@1405238725ab/UnityEngine.TestRunner/NUnitExtensions/Runner/CompositeWorkItem.cs:82)
UnityEngine.TestRunner.NUnitExtensions.Runner.CompositeWorkItem/<RunChildren>d__17:MoveNext () (at ./Library/PackageCache/com.unity.test-framework@1405238725ab/UnityEngine.TestRunner/NUnitExtensions/Runner/CompositeWorkItem.cs:207)
UnityEngine.TestRunner.NUnitExtensions.Runner.CompositeWorkItem/<PerformWork>d__13:MoveNext () (at ./Library/PackageCache/com.unity.test-framework@1405238725ab/UnityEngine.TestRunner/NUnitExtensions/Runner/CompositeWorkItem.cs:82)
UnityEditor.TestTools.TestRunner.EditModeRunner:MoveNextAndUpdateYieldObject () (at ./Library/PackageCache/com.unity.test-framework@1405238725ab/UnityEditor.TestRunner/TestRunner/EditModeRunner.cs:166)
UnityEditor.TestTools.TestRunner.EditModeRunner:TestConsumer (UnityEditor.TestTools.TestRunner.TestRunnerStateSerializer) (at ./Library/PackageCache/com.unity.test-framework@1405238725ab/UnityEditor.TestRunner/TestRunner/EditModeRunner.cs:199)
UnityEditor.TestTools.TestRunner.TestRun.Tasks.EditModeRunTask/<Execute>d__1:MoveNext () (at ./Library/PackageCache/com.unity.test-framework@1405238725ab/UnityEditor.TestRunner/TestRun/Tasks/EditModeRunTask.cs:48)
UnityEditor.TestTools.TestRunner.TestRun.TestJobRunner:ExecuteStep () (at ./Library/PackageCache/com.unity.test-framework@1405238725ab/UnityEditor.TestRunner/TestRun/TestJobRunner.cs:194)
UnityEditor.TestTools.TestRunner.TestRun.TestJobRunner:ExecuteCallback () (at ./Library/PackageCache/com.unity.test-framework@1405238725ab/UnityEditor.TestRunner/TestRun/TestJobRunner.cs:129)
UnityEditor.EditorApplication:Internal_CallUpdateFunctions ()

(Filename: ./Library/PackageCache/com.unity.render-pipelines.universal@040461d037aa/Runtime/2D/Lights/Light2DManager.cs Line: 143)

Loaded scene 'Assets/Scenes/SampleStage.unity'
	Deserialize:            6.899 ms
	Integration:            237.282 ms
	Integration of assets:  0.187 ms
	Thread Wait Time:       -0.042 ms
	Total Operation Time:   244.326 ms
Unloading 8 unused Assets / (78.0 KB). Loaded Objects now: 9297.
Memory consumption went from 460.7 MB to 460.6 MB.
Total: 9.197700 ms (FindLiveObjects: 0.476600 ms CreateObjectMapping: 0.549300 ms MarkObjects: 8.100400 ms  DeleteObjects: 0.070600 ms)

Opening scene 'Assets/Scenes/SampleStage.unity'
Unloading 1 Unused Serialized files (Serialized files now loaded: 0)
More than one global light on layer Default for light blend style index 0
UnityEngine.Debug:ExtractStackTraceNoAlloc (byte*,int,string)
UnityEngine.StackTraceUtility:ExtractStackTrace ()
UnityEngine.DebugLogHandler:Internal_Log (UnityEngine.LogType,UnityEngine.LogOption,string,UnityEngine.Object)
UnityEngine.DebugLogHandler:LogFormat (UnityEngine.LogType,UnityEngine.Object,string,object[])
UnityEngine.Logger:Log (UnityEngine.LogType,object)
UnityEngine.Debug:LogError (object)
UnityEngine.Rendering.Universal.Light2DManager:ErrorIfDuplicateGlobalLight (UnityEngine.Rendering.Universal.Light2D) (at ./Library/PackageCache/com.unity.render-pipelines.universal@040461d037aa/Runtime/2D/Lights/Light2DManager.cs:143)
UnityEngine.Rendering.Universal.Light2DManager:RegisterLight (UnityEngine.Rendering.Universal.Light2D) (at ./Library/PackageCache/com.unity.render-pipelines.universal@040461d037aa/Runtime/2D/Lights/Light2DManager.cs:125)
UnityEngine.Rendering.Universal.Light2D:OnEnable () (at ./Library/PackageCache/com.unity.render-pipelines.universal@040461d037aa/Runtime/2D/Lights/Light2D.cs:641)
UnityEditor.SceneManagement.EditorSceneManager:OpenScene (string,UnityEditor.SceneManagement.OpenSceneMode)
UnityEditor.SceneManagement.EditorSceneManager:OpenScene (string)
SampleStageSceneTests:SampleStagePlayer_HasConfiguredDash () (at Assets/Tests/Editor/SampleStageSceneTests.cs:35)
System.Reflection.RuntimeMethodInfo:Invoke (object,System.Reflection.BindingFlags,System.Reflection.Binder,object[],System.Globalization.CultureInfo)
System.Reflection.MethodBase:Invoke (object,object[])
NUnit.Framework.Internal.Reflect:InvokeMethod (System.Reflection.MethodInfo,object,object[])
NUnit.Framework.Internal.MethodWrapper:Invoke (object,object[])
NUnit.Framework.Internal.Commands.TestMethodCommand:RunNonAsyncTestMethod (NUnit.Framework.Internal.ITestExecutionContext)
NUnit.Framework.Internal.Commands.TestMethodCommand:RunTestMethod (NUnit.Framework.Internal.ITestExecutionContext)
NUnit.Framework.Internal.Commands.TestMethodCommand:Execute (NUnit.Framework.Internal.ITestExecutionContext)
UnityEngine.TestTools.UnityTestMethodCommand:Execute (NUnit.Framework.Internal.ITestExecutionContext) (at ./Library/PackageCache/com.unity.test-framework@1405238725ab/UnityEngine.TestRunner/NUnitExtensions/Commands/UnityTestMethodCommand.cs:19)
UnityEngine.TestRunner.NUnitExtensions.Runner.UnityLogCheckDelegatingCommand/<>c__DisplayClass2_0:<Execute>b__0 () (at ./Library/PackageCache/com.unity.test-framework@1405238725ab/UnityEngine.TestRunner/NUnitExtensions/Runner/UnityLogCheckDelegatingCommand.cs:24)
UnityEngine.TestRunner.NUnitExtensions.Runner.UnityLogCheckDelegatingCommand:CaptureException (NUnit.Framework.Internal.TestResult,System.Action) (at ./Library/PackageCache/com.unity.test-framework@1405238725ab/UnityEngine.TestRunner/NUnitExtensions/Runner/UnityLogCheckDelegatingCommand.cs:72)
UnityEngine.TestRunner.NUnitExtensions.Runner.UnityLogCheckDelegatingCommand:ExecuteAndCheckLog (UnityEngine.TestTools.Logging.LogScope,NUnit.Framework.Internal.TestResult,System.Action) (at ./Library/PackageCache/com.unity.test-framework@1405238725ab/UnityEngine.TestRunner/NUnitExtensions/Runner/UnityLogCheckDelegatingCommand.cs:83)
UnityEngine.TestRunner.NUnitExtensions.Runner.UnityLogCheckDelegatingCommand:Execute (NUnit.Framework.Internal.ITestExecutionContext) (at ./Library/PackageCache/com.unity.test-framework@1405238725ab/UnityEngine.TestRunner/NUnitExtensions/Runner/UnityLogCheckDelegatingCommand.cs:24)
UnityEngine.TestRunner.NUnitExtensions.Runner.UnityLogCheckDelegatingCommand/<ExecuteEnumerable>d__3:MoveNext () (at ./Library/PackageCache/com.unity.test-framework@1405238725ab/UnityEngine.TestRunner/NUnitExtensions/Runner/UnityLogCheckDelegatingCommand.cs:35)
UnityEngine.TestTools.BeforeAfterTestCommandBase`1/<ExecuteEnumerable>d__16<NUnit.Framework.ITestAction>:MoveNext () (at ./Library/PackageCache/com.unity.test-framework@1405238725ab/UnityEngine.TestRunner/NUnitExtensions/Commands/BeforeAfterTestCommandBase.cs:212)
UnityEngine.TestTools.ImmediateEnumerableCommand:Execute (NUnit.Framework.Internal.ITestExecutionContext) (at ./Library/PackageCache/com.unity.test-framework@1405238725ab/UnityEngine.TestRunner/NUnitExtensions/Commands/ImmediateEnumerableCommand.cs:18)
UnityEngine.TestTools.BeforeAfterTestCommandBase`1/<ExecuteEnumerable>d__16<System.Reflection.MethodInfo>:MoveNext () (at ./Library/PackageCache/com.unity.test-framework@1405238725ab/UnityEngine.TestRunner/NUnitExtensions/Commands/BeforeAfterTestCommandBase.cs:219)
UnityEngine.TestTools.BeforeAfterTestCommandBase`1/<ExecuteEnumerable>d__16<System.Reflection.MethodInfo>:MoveNext () (at ./Library/PackageCache/com.unity.test-framework@1405238725ab/UnityEngine.TestRunner/NUnitExtensions/Commands/BeforeAfterTestCommandBase.cs:212)
UnityEngine.TestTools.BeforeAfterTestCommandBase`1/<ExecuteEnumerable>d__16<UnityEngine.TestTools.IOuterUnityTestAction>:MoveNext () (at ./Library/PackageCache/com.unity.test-framework@1405238725ab/UnityEngine.TestRunner/NUnitExtensions/Commands/BeforeAfterTestCommandBase.cs:212)
UnityEngine.TestTools.RetryCommand/<ExecuteEnumerable>d__2:MoveNext () (at ./Library/PackageCache/com.unity.test-framework@1405238725ab/UnityEngine.TestRunner/NUnitExtensions/Commands/RetryCommand.cs:37)
UnityEngine.TestTools.RepeatCommand/<ExecuteEnumerable>d__2:MoveNext () (at ./Library/PackageCache/com.unity.test-framework@1405238725ab/UnityEngine.TestRunner/NUnitExtensions/Commands/RepeatCommand.cs:36)
UnityEngine.TestTools.IgnoreTestCommand/<ExecuteEnumerable>d__3:MoveNext () (at ./Library/PackageCache/com.unity.test-framework@1405238725ab/UnityEngine.TestRunner/NUnitExtensions/Commands/IgnoreTestCommand.cs:42)
UnityEngine.TestTools.StrictCheckCommand/<ExecuteEnumerable>d__2:MoveNext () (at ./Library/PackageCache/com.unity.test-framework@1405238725ab/UnityEngine.TestRunner/NUnitExtensions/Commands/StrictCheckCommand.cs:29)
UnityEngine.TestRunner.NUnitExtensions.Runner.DefaultTestWorkItem/<PerformWork>d__2:MoveNext () (at ./Library/PackageCache/com.unity.test-framework@1405238725ab/UnityEngine.TestRunner/NUnitExtensions/Runner/DefaultTestWorkItem.cs:50)
UnityEngine.TestRunner.NUnitExtensions.Runner.CompositeWorkItem/<RunChildren>d__17:MoveNext () (at ./Library/PackageCache/com.unity.test-framework@1405238725ab/UnityEngine.TestRunner/NUnitExtensions/Runner/CompositeWorkItem.cs:207)
UnityEngine.TestRunner.NUnitExtensions.Runner.CompositeWorkItem/<PerformWork>d__13:MoveNext () (at ./Library/PackageCache/com.unity.test-framework@1405238725ab/UnityEngine.TestRunner/NUnitExtensions/Runner/CompositeWorkItem.cs:82)
UnityEngine.TestRunner.NUnitExtensions.Runner.CompositeWorkItem/<RunChildren>d__17:MoveNext () (at ./Library/PackageCache/com.unity.test-framework@1405238725ab/UnityEngine.TestRunner/NUnitExtensions/Runner/CompositeWorkItem.cs:207)
UnityEngine.TestRunner.NUnitExtensions.Runner.CompositeWorkItem/<PerformWork>d__13:MoveNext () (at ./Library/PackageCache/com.unity.test-framework@1405238725ab/UnityEngine.TestRunner/NUnitExtensions/Runner/CompositeWorkItem.cs:82)
UnityEngine.TestRunner.NUnitExtensions.Runner.CompositeWorkItem/<RunChildren>d__17:MoveNext () (at ./Library/PackageCache/com.unity.test-framework@1405238725ab/UnityEngine.TestRunner/NUnitExtensions/Runner/CompositeWorkItem.cs:207)
UnityEngine.TestRunner.NUnitExtensions.Runner.CompositeWorkItem/<PerformWork>d__13:MoveNext () (at ./Library/PackageCache/com.unity.test-framework@1405238725ab/UnityEngine.TestRunner/NUnitExtensions/Runner/CompositeWorkItem.cs:82)
UnityEditor.TestTools.TestRunner.EditModeRunner:MoveNextAndUpdateYieldObject () (at ./Library/PackageCache/com.unity.test-framework@1405238725ab/UnityEditor.TestRunner/TestRunner/EditModeRunner.cs:166)
UnityEditor.TestTools.TestRunner.EditModeRunner:TestConsumer (UnityEditor.TestTools.TestRunner.TestRunnerStateSerializer) (at ./Library/PackageCache/com.unity.test-framework@1405238725ab/UnityEditor.TestRunner/TestRunner/EditModeRunner.cs:199)
UnityEditor.TestTools.TestRunner.TestRun.Tasks.EditModeRunTask/<Execute>d__1:MoveNext () (at ./Library/PackageCache/com.unity.test-framework@1405238725ab/UnityEditor.TestRunner/TestRun/Tasks/EditModeRunTask.cs:48)
UnityEditor.TestTools.TestRunner.TestRun.TestJobRunner:ExecuteStep () (at ./Library/PackageCache/com.unity.test-framework@1405238725ab/UnityEditor.TestRunner/TestRun/TestJobRunner.cs:194)
UnityEditor.TestTools.TestRunner.TestRun.TestJobRunner:ExecuteCallback () (at ./Library/PackageCache/com.unity.test-framework@1405238725ab/UnityEditor.TestRunner/TestRun/TestJobRunner.cs:129)
UnityEditor.EditorApplication:Internal_CallUpdateFunctions ()

(Filename: ./Library/PackageCache/com.unity.render-pipelines.universal@040461d037aa/Runtime/2D/Lights/Light2DManager.cs Line: 143)

Loaded scene 'Assets/Scenes/SampleStage.unity'
	Deserialize:            6.487 ms
	Integration:            240.142 ms
	Integration of assets:  0.069 ms
	Thread Wait Time:       0.008 ms
	Total Operation Time:   246.706 ms
Unloading 1 unused Assets / (1.0 KB). Loaded Objects now: 9297.
Memory consumption went from 458.1 MB to 458.1 MB.
Total: 9.939900 ms (FindLiveObjects: 0.648600 ms CreateObjectMapping: 0.690900 ms MarkObjects: 8.580600 ms  DeleteObjects: 0.018900 ms)

Opening scene 'Assets/Scenes/SampleStage.unity'
Unloading 1 Unused Serialized files (Serialized files now loaded: 0)
More than one global light on layer Default for light blend style index 0
UnityEngine.Debug:ExtractStackTraceNoAlloc (byte*,int,string)
UnityEngine.StackTraceUtility:ExtractStackTrace ()
UnityEngine.DebugLogHandler:Internal_Log (UnityEngine.LogType,UnityEngine.LogOption,string,UnityEngine.Object)
UnityEngine.DebugLogHandler:LogFormat (UnityEngine.LogType,UnityEngine.Object,string,object[])
UnityEngine.Logger:Log (UnityEngine.LogType,object)
UnityEngine.Debug:LogError (object)
UnityEngine.Rendering.Universal.Light2DManager:ErrorIfDuplicateGlobalLight (UnityEngine.Rendering.Universal.Light2D) (at ./Library/PackageCache/com.unity.render-pipelines.universal@040461d037aa/Runtime/2D/Lights/Light2DManager.cs:143)
UnityEngine.Rendering.Universal.Light2DManager:RegisterLight (UnityEngine.Rendering.Universal.Light2D) (at ./Library/PackageCache/com.unity.render-pipelines.universal@040461d037aa/Runtime/2D/Lights/Light2DManager.cs:125)
UnityEngine.Rendering.Universal.Light2D:OnEnable () (at ./Library/PackageCache/com.unity.render-pipelines.universal@040461d037aa/Runtime/2D/Lights/Light2D.cs:641)
UnityEditor.SceneManagement.EditorSceneManager:OpenScene (string,UnityEditor.SceneManagement.OpenSceneMode)
UnityEditor.SceneManagement.EditorSceneManager:OpenScene (string)
SampleStageSceneTests/<SampleStageStart_LoadsFiveExampleWeapons>d__3:MoveNext () (at Assets/Tests/Editor/SampleStageSceneTests.cs:53)
UnityEngine.TestTools.TestEnumerator/<Execute>d__7:MoveNext () (at ./Library/PackageCache/com.unity.test-framework@1405238725ab/UnityEngine.TestRunner/NUnitExtensions/Attributes/TestEnumerator.cs:44)
UnityEngine.TestTools.EnumerableTestMethodCommand/<ExecuteEnumerableAndRecordExceptions>d__4:MoveNext () (at ./Library/PackageCache/com.unity.test-framework@1405238725ab/UnityEngine.TestRunner/NUnitExtensions/Commands/EnumerableTestMethodCommand.cs:85)
UnityEngine.TestTools.EnumerableTestMethodCommand:AdvanceEnumerator (System.Collections.IEnumerator) (at ./Library/PackageCache/com.unity.test-framework@1405238725ab/UnityEngine.TestRunner/NUnitExtensions/Commands/EnumerableTestMethodCommand.cs:64)
UnityEngine.TestTools.EnumerableTestMethodCommand/<ExecuteEnumerable>d__2:MoveNext () (at ./Library/PackageCache/com.unity.test-framework@1405238725ab/UnityEngine.TestRunner/NUnitExtensions/Commands/EnumerableTestMethodCommand.cs:47)
UnityEngine.TestRunner.NUnitExtensions.Runner.UnityLogCheckDelegatingCommand/<ExecuteEnumerable>d__3:MoveNext () (at ./Library/PackageCache/com.unity.test-framework@1405238725ab/UnityEngine.TestRunner/NUnitExtensions/Runner/UnityLogCheckDelegatingCommand.cs:48)
UnityEngine.TestTools.BeforeAfterTestCommandBase`1/<ExecuteEnumerable>d__16<NUnit.Framework.ITestAction>:MoveNext () (at ./Library/PackageCache/com.unity.test-framework@1405238725ab/UnityEngine.TestRunner/NUnitExtensions/Commands/BeforeAfterTestCommandBase.cs:212)
UnityEngine.TestTools.BeforeAfterTestCommandBase`1/<ExecuteEnumerable>d__16<System.Reflection.MethodInfo>:MoveNext () (at ./Library/PackageCache/com.unity.test-framework@1405238725ab/UnityEngine.TestRunner/NUnitExtensions/Commands/BeforeAfterTestCommandBase.cs:212)
UnityEngine.TestTools.BeforeAfterTestCommandBase`1/<ExecuteEnumerable>d__16<System.Reflection.MethodInfo>:MoveNext () (at ./Library/PackageCache/com.unity.test-framework@1405238725ab/UnityEngine.TestRunner/NUnitExtensions/Commands/BeforeAfterTestCommandBase.cs:212)
UnityEngine.TestTools.BeforeAfterTestCommandBase`1/<ExecuteEnumerable>d__16<UnityEngine.TestTools.IOuterUnityTestAction>:MoveNext () (at ./Library/PackageCache/com.unity.test-framework@1405238725ab/UnityEngine.TestRunner/NUnitExtensions/Commands/BeforeAfterTestCommandBase.cs:212)
UnityEngine.TestTools.RetryCommand/<ExecuteEnumerable>d__2:MoveNext () (at ./Library/PackageCache/com.unity.test-framework@1405238725ab/UnityEngine.TestRunner/NUnitExtensions/Commands/RetryCommand.cs:37)
UnityEngine.TestTools.RepeatCommand/<ExecuteEnumerable>d__2:MoveNext () (at ./Library/PackageCache/com.unity.test-framework@1405238725ab/UnityEngine.TestRunner/NUnitExtensions/Commands/RepeatCommand.cs:36)
UnityEngine.TestTools.IgnoreTestCommand/<ExecuteEnumerable>d__3:MoveNext () (at ./Library/PackageCache/com.unity.test-framework@1405238725ab/UnityEngine.TestRunner/NUnitExtensions/Commands/IgnoreTestCommand.cs:42)
UnityEngine.TestTools.StrictCheckCommand/<ExecuteEnumerable>d__2:MoveNext () (at ./Library/PackageCache/com.unity.test-framework@1405238725ab/UnityEngine.TestRunner/NUnitExtensions/Commands/StrictCheckCommand.cs:29)
UnityEditor.TestTools.TestRunner.EditorEnumeratorTestWorkItem/<PerformWork>d__3:MoveNext () (at ./Library/PackageCache/com.unity.test-framework@1405238725ab/UnityEditor.TestRunner/TestRunner/EditorEnumeratorTestWorkItem.cs:97)
UnityEngine.TestRunner.NUnitExtensions.Runner.CompositeWorkItem/<RunChildren>d__17:MoveNext () (at ./Library/PackageCache/com.unity.test-framework@1405238725ab/UnityEngine.TestRunner/NUnitExtensions/Runner/CompositeWorkItem.cs:207)
UnityEngine.TestRunner.NUnitExtensions.Runner.CompositeWorkItem/<PerformWork>d__13:MoveNext () (at ./Library/PackageCache/com.unity.test-framework@1405238725ab/UnityEngine.TestRunner/NUnitExtensions/Runner/CompositeWorkItem.cs:82)
UnityEngine.TestRunner.NUnitExtensions.Runner.CompositeWorkItem/<RunChildren>d__17:MoveNext () (at ./Library/PackageCache/com.unity.test-framework@1405238725ab/UnityEngine.TestRunner/NUnitExtensions/Runner/CompositeWorkItem.cs:207)
UnityEngine.TestRunner.NUnitExtensions.Runner.CompositeWorkItem/<PerformWork>d__13:MoveNext () (at ./Library/PackageCache/com.unity.test-framework@1405238725ab/UnityEngine.TestRunner/NUnitExtensions/Runner/CompositeWorkItem.cs:82)
UnityEngine.TestRunner.NUnitExtensions.Runner.CompositeWorkItem/<RunChildren>d__17:MoveNext () (at ./Library/PackageCache/com.unity.test-framework@1405238725ab/UnityEngine.TestRunner/NUnitExtensions/Runner/CompositeWorkItem.cs:207)
UnityEngine.TestRunner.NUnitExtensions.Runner.CompositeWorkItem/<PerformWork>d__13:MoveNext () (at ./Library/PackageCache/com.unity.test-framework@1405238725ab/UnityEngine.TestRunner/NUnitExtensions/Runner/CompositeWorkItem.cs:82)
UnityEditor.TestTools.TestRunner.EditModeRunner:MoveNextAndUpdateYieldObject () (at ./Library/PackageCache/com.unity.test-framework@1405238725ab/UnityEditor.TestRunner/TestRunner/EditModeRunner.cs:166)
UnityEditor.TestTools.TestRunner.EditModeRunner:TestConsumer (UnityEditor.TestTools.TestRunner.TestRunnerStateSerializer) (at ./Library/PackageCache/com.unity.test-framework@1405238725ab/UnityEditor.TestRunner/TestRunner/EditModeRunner.cs:199)
UnityEditor.TestTools.TestRunner.TestRun.Tasks.EditModeRunTask/<Execute>d__1:MoveNext () (at ./Library/PackageCache/com.unity.test-framework@1405238725ab/UnityEditor.TestRunner/TestRun/Tasks/EditModeRunTask.cs:48)
UnityEditor.TestTools.TestRunner.TestRun.TestJobRunner:ExecuteStep () (at ./Library/PackageCache/com.unity.test-framework@1405238725ab/UnityEditor.TestRunner/TestRun/TestJobRunner.cs:194)
UnityEditor.TestTools.TestRunner.TestRun.TestJobRunner:ExecuteCallback () (at ./Library/PackageCache/com.unity.test-framework@1405238725ab/UnityEditor.TestRunner/TestRun/TestJobRunner.cs:129)
UnityEditor.EditorApplication:Internal_CallUpdateFunctions ()

(Filename: ./Library/PackageCache/com.unity.render-pipelines.universal@040461d037aa/Runtime/2D/Lights/Light2DManager.cs Line: 143)

Loaded scene 'Assets/Scenes/SampleStage.unity'
	Deserialize:            7.018 ms
	Integration:            238.812 ms
	Integration of assets:  0.085 ms
	Thread Wait Time:       0.015 ms
	Total Operation Time:   245.930 ms
Unloading 1 unused Assets / (1.0 KB). Loaded Objects now: 9297.
Memory consumption went from 458.1 MB to 458.1 MB.
Total: 9.518500 ms (FindLiveObjects: 0.467000 ms CreateObjectMapping: 0.578300 ms MarkObjects: 8.451800 ms  DeleteObjects: 0.020300 ms)

Unloading 5 Unused Serialized files (Serialized files now loaded: 0)
Unloading 33 unused Assets / (43.3 KB). Loaded Objects now: 8489.
Memory consumption went from 458.1 MB to 458.1 MB.
Total: 8.541400 ms (FindLiveObjects: 0.208300 ms CreateObjectMapping: 0.537500 ms MarkObjects: 7.713200 ms  DeleteObjects: 0.081800 ms)

Asset Pipeline Refresh (id=7a329ab56fba8b64e899de937b64d10a): Total: 0.065 seconds - Initiated by StopAssetImportingV2(NoUpdateAssetOptions)
Asset Pipeline Refresh (id=08858d5c9872be640be435c03d981071): Total: 0.062 seconds - Initiated by StopAssetImportingV2(NoUpdateAssetOptions)
AcceleratorClientConnectionCallback - disconnected - :0
Importing 'GUID: 00000000000000007000000000000000 - Path: ProjectSettings/TimeManager.asset' with importer (LibraryAssetImporter)
Imported 'GUID: 00000000000000007000000000000000' -> (Import Result ID: '0a60df3c20d93b723ae0b35ded6c2a63') in 0.001 seconds [static dependencies only]. Details - ImportResultOutputID=bcbe57e6eed4f14d697ceae3e9a4ee48 DependenciesID=50b65264b9bb240314e092a3620af00b StaticDependenciesID=47e7cd4ba931b595a0bce618b57fd01d 
Importing 'GUID: 0000000000000000b000000000000000 - Path: ProjectSettings/EditorBuildSettings.asset' with importer (LibraryAssetImporter)
Imported 'GUID: 0000000000000000b000000000000000' -> (Import Result ID: 'c92e4fe6d0ad4f8c381f79b592cf5533') in 0.001 seconds [static dependencies only]. Details - ImportResultOutputID=4647dd083cfc32cebcd7526e8846440c DependenciesID=84ab7595306f42a9f3c66e61f9ef8d6f StaticDependenciesID=fd414803ceb9593e5477ae3ed376863d 
Importing 'GUID: f114b2fd6f24e974c8d6de779ad5db85 - Path: Assets/Stage1/GateOutline.mat' with importer (NativeFormatImporter)
Imported 'GUID: f114b2fd6f24e974c8d6de779ad5db85' -> (Import Result ID: 'c88262bf6bcd4b7702545f11d767fde3') in 0.001 seconds [static dependencies only]. Details - ImportResultOutputID=c07e380773fc5fcd2766cca96c89343d DependenciesID=a409acc5f123d366bc04bd072d05e1ac StaticDependenciesID=8f5a9bbb57390c6e2b82e2b5769c3c56 
Importing 'GUID: d667a029da0331b49ab92eece89065cf - Path: Assets/Stage1/Stage1Floor.mat' with importer (NativeFormatImporter)
Imported 'GUID: d667a029da0331b49ab92eece89065cf' -> (Import Result ID: 'e62cd0ca8c877c88abf8f04f7e3a04b9') in 0.001 seconds [static dependencies only]. Details - ImportResultOutputID=e01cae77c8134cb78dbfe75ce32e4e81 DependenciesID=3c6fbe61855130c7385b3dac905ebaa1 StaticDependenciesID=a95e27b5e593179df9a4b85f046e4d85 
Importing 'GUID: 9e0a6dff254e4b94aa9c01ae00a00cc2 - Path: Assets/Stage1/Stage1Boundary.mat' with importer (NativeFormatImporter)
Imported 'GUID: 9e0a6dff254e4b94aa9c01ae00a00cc2' -> (Import Result ID: 'c515a35aa5c244f0754ee4f3a4b8446a') in 0.001 seconds [static dependencies only]. Details - ImportResultOutputID=a5ffcc6084e58a7041f12d00df1cace9 DependenciesID=eb6577b0991e55cb5636b50836652e23 StaticDependenciesID=0df7a04e28f95711beb07e8ca9f5faa3 
Importing 'GUID: beeb26664254ae84e9ee90e66af322dc - Path: Assets/Stage1/GateFill.mat' with importer (NativeFormatImporter)
Imported 'GUID: beeb26664254ae84e9ee90e66af322dc' -> (Import Result ID: '7166e6b984a88ec590e3e0136dc61b7c') in 0.001 seconds [static dependencies only]. Details - ImportResultOutputID=ce672016035065450d10fb741ae86fa6 DependenciesID=4d7ff14a402a323aede5dd8847d22d9c StaticDependenciesID=928a85b50840a0821176316e1733b4cf 
Asset Pipeline Refresh (id=b5d5b14f8317d6d4380c5aeb971bfa97): Total: 0.057 seconds - Initiated by StopAssetImportingV2(NoUpdateAssetOptions)
Importing 'GUID: 8fd1271bf7d54e1cbe77401b096aca02 - Path: Assets/Scenes/SampleStage.unity' with importer (DefaultImporter)
Imported 'GUID: 8fd1271bf7d54e1cbe77401b096aca02' -> (Import Result ID: 'e50c9c755c8453634c1b51427f4d7638') in 0.002 seconds [static dependencies only]. Details - ImportResultOutputID=a7bbb34258982183ecc3841686d18589 DependenciesID=f56cde3ac2980777c1d80ef14b2f2c3a StaticDependenciesID=0cbce2cd40e8622a70e94f272fe72a68 
Asset Pipeline Refresh (id=5caa972da85e59047b9d8b641a241222): Total: 0.057 seconds - Initiated by StopAssetImportingV2(NoUpdateAssetOptions)
Asset Pipeline Refresh (id=cad5194e743efe547ab0d9db140ec4f3): Total: 0.009 seconds - Initiated by RefreshV2(NoUpdateAssetOptions)
Opening scene 'Assets/Scenes/SampleStage.unity'
Unloading 1 Unused Serialized files (Serialized files now loaded: 0)
Loaded scene 'Assets/Scenes/SampleStage.unity'
	Deserialize:            4.721 ms
	Integration:            238.786 ms
	Integration of assets:  0.080 ms
	Thread Wait Time:       0.012 ms
	Total Operation Time:   243.599 ms
Unloading 192 unused Assets / (9.0 MB). Loaded Objects now: 8921.
Memory consumption went from 479.9 MB to 470.9 MB.
Total: 10.196700 ms (FindLiveObjects: 0.494000 ms CreateObjectMapping: 0.580100 ms MarkObjects: 8.872800 ms  DeleteObjects: 0.249000 ms)

Unloading 5 Unused Serialized files (Serialized files now loaded: 0)
Unloading 21 unused Assets / (37.9 KB). Loaded Objects now: 8520.
Memory consumption went from 467.2 MB to 467.2 MB.
Total: 9.186700 ms (FindLiveObjects: 0.220800 ms CreateObjectMapping: 0.541900 ms MarkObjects: 8.342700 ms  DeleteObjects: 0.080300 ms)

Asset Pipeline Refresh (id=916d20397c6bccd43a6a4cbe7fb8673b): Total: 0.065 seconds - Initiated by StopAssetImportingV2(NoUpdateAssetOptions)
Asset Pipeline Refresh (id=c3c0ba1a9132a0d4db929a8dd374f713): Total: 0.055 seconds - Initiated by StopAssetImportingV2(NoUpdateAssetOptions)
Importing 'GUID: f114b2fd6f24e974c8d6de779ad5db85 - Path: Assets/Stage1/GateOutline.mat' with importer (NativeFormatImporter)
Imported 'GUID: f114b2fd6f24e974c8d6de779ad5db85' -> (Import Result ID: 'c88262bf6bcd4b7702545f11d767fde3') in 0.001 seconds [static dependencies only]. Details - ImportResultOutputID=c07e380773fc5fcd2766cca96c89343d DependenciesID=a409acc5f123d366bc04bd072d05e1ac StaticDependenciesID=8f5a9bbb57390c6e2b82e2b5769c3c56 
Importing 'GUID: d667a029da0331b49ab92eece89065cf - Path: Assets/Stage1/Stage1Floor.mat' with importer (NativeFormatImporter)
Imported 'GUID: d667a029da0331b49ab92eece89065cf' -> (Import Result ID: 'e62cd0ca8c877c88abf8f04f7e3a04b9') in 0.001 seconds [static dependencies only]. Details - ImportResultOutputID=e01cae77c8134cb78dbfe75ce32e4e81 DependenciesID=3c6fbe61855130c7385b3dac905ebaa1 StaticDependenciesID=a95e27b5e593179df9a4b85f046e4d85 
Importing 'GUID: 9e0a6dff254e4b94aa9c01ae00a00cc2 - Path: Assets/Stage1/Stage1Boundary.mat' with importer (NativeFormatImporter)
Imported 'GUID: 9e0a6dff254e4b94aa9c01ae00a00cc2' -> (Import Result ID: 'c515a35aa5c244f0754ee4f3a4b8446a') in 0.001 seconds [static dependencies only]. Details - ImportResultOutputID=a5ffcc6084e58a7041f12d00df1cace9 DependenciesID=eb6577b0991e55cb5636b50836652e23 StaticDependenciesID=0df7a04e28f95711beb07e8ca9f5faa3 
Importing 'GUID: beeb26664254ae84e9ee90e66af322dc - Path: Assets/Stage1/GateFill.mat' with importer (NativeFormatImporter)
Imported 'GUID: beeb26664254ae84e9ee90e66af322dc' -> (Import Result ID: '7166e6b984a88ec590e3e0136dc61b7c') in 0.001 seconds [static dependencies only]. Details - ImportResultOutputID=ce672016035065450d10fb741ae86fa6 DependenciesID=4d7ff14a402a323aede5dd8847d22d9c StaticDependenciesID=928a85b50840a0821176316e1733b4cf 
Asset Pipeline Refresh (id=fd9b52a24ea6bff4783c3f46859a998e): Total: 0.046 seconds - Initiated by StopAssetImportingV2(NoUpdateAssetOptions)
Importing 'GUID: 8fd1271bf7d54e1cbe77401b096aca02 - Path: Assets/Scenes/SampleStage.unity' with importer (DefaultImporter)
Imported 'GUID: 8fd1271bf7d54e1cbe77401b096aca02' -> (Import Result ID: '6a0f99b4191a25cd490bac75de9d067f') in 0.001 seconds [static dependencies only]. Details - ImportResultOutputID=a7bbb34258982183ecc3841686d18589 DependenciesID=7d224aee89592349795652963909637d StaticDependenciesID=f127b57c6fe7579194d276b054e7d9fa 
Asset Pipeline Refresh (id=31c78578fed96b3439351d0d8eb0c03d): Total: 0.056 seconds - Initiated by StopAssetImportingV2(NoUpdateAssetOptions)
Asset Pipeline Refresh (id=fd1c5c162d8e20649aeb4d34d7bc6625): Total: 0.008 seconds - Initiated by RefreshV2(NoUpdateAssetOptions)
Opening scene 'Assets/Scenes/SampleStage.unity'
Unloading 1 Unused Serialized files (Serialized files now loaded: 0)
Loaded scene 'Assets/Scenes/SampleStage.unity'
	Deserialize:            3.971 ms
	Integration:            234.839 ms
	Integration of assets:  0.086 ms
	Thread Wait Time:       0.009 ms
	Total Operation Time:   238.905 ms
Unloading 192 unused Assets / (128.4 KB). Loaded Objects now: 8931.
Memory consumption went from 471.3 MB to 471.2 MB.
Total: 8.956000 ms (FindLiveObjects: 0.479200 ms CreateObjectMapping: 0.578200 ms MarkObjects: 7.688200 ms  DeleteObjects: 0.209300 ms)

SpriteAtlasPacking completed in 0.003780 sec
Entering Playmode with Reload Domain disabled.
If you experience any issues, please disable "Enter Play Mode Options" in Editor Settings
Loaded scene 'Temp/__Backupscenes/0.backup'
	Deserialize:            2.276 ms
	Integration:            245.226 ms
	Integration of assets:  0.049 ms
	Thread Wait Time:       0.010 ms
	Total Operation Time:   247.561 ms
Unloading 8 Unused Serialized files (Serialized files now loaded: 0)
Loaded scene 'Temp/__Backupscenes/0.backup'
	Deserialize:            1.782 ms
	Integration:            252.499 ms
	Integration of assets:  0.205 ms
	Thread Wait Time:       0.015 ms
	Total Operation Time:   254.502 ms
Unloading 10 unused Assets / (2.0 KB). Loaded Objects now: 8923.
Memory consumption went from 467.2 MB to 467.2 MB.
Total: 10.182700 ms (FindLiveObjects: 0.444300 ms CreateObjectMapping: 0.554200 ms MarkObjects: 8.804900 ms  DeleteObjects: 0.378500 ms)

Importing 'GUID: 2bcd2660ca9b64942af0de543d8d7100 - Path: Assets/Settings/InputSystem_Actions.inputactions' with importer (ScriptedImporter : Unity.InputSystem:UnityEngine.InputSystem.Editor:InputActionImporter)
Imported 'GUID: 2bcd2660ca9b64942af0de543d8d7100' -> (Import Result ID: 'd9c33fc6970a6d8e44b3b64d132a9d1d') in 0.005 seconds [static and dynamic dependencies]. Details - ImportResultOutputID=947f2444588e8a7c5fdf1e760cb0c366 DependenciesID=289176e9c1d7c134d1fb83e2064ce7f3 StaticDependenciesID=b30d4990c1574208797a10b17472e127 
Asset Pipeline Refresh (id=146ecad8626e7ca428d06849574809a4): Total: 0.065 seconds - Initiated by StopAssetImportingV2(NoUpdateAssetOptions)
SpriteAtlasPacking completed in 0.004127 sec
Entering Playmode with Reload Domain disabled.
If you experience any issues, please disable "Enter Play Mode Options" in Editor Settings
Loaded scene 'Temp/__Backupscenes/0.backup'
	Deserialize:            3.822 ms
	Integration:            250.755 ms
	Integration of assets:  0.081 ms
	Thread Wait Time:       -0.026 ms
	Total Operation Time:   254.632 ms
Unloading 10 Unused Serialized files (Serialized files now loaded: 0)
Loaded scene 'Temp/__Backupscenes/0.backup'
	Deserialize:            1.836 ms
	Integration:            231.576 ms
	Integration of assets:  0.196 ms
	Thread Wait Time:       0.012 ms
	Total Operation Time:   233.620 ms
Unloading 19 unused Assets / (4.8 KB). Loaded Objects now: 8923.
Memory consumption went from 462.2 MB to 462.2 MB.
Total: 9.608700 ms (FindLiveObjects: 0.428000 ms CreateObjectMapping: 0.551300 ms MarkObjects: 8.592300 ms  DeleteObjects: 0.036500 ms)

SpriteAtlasPacking completed in 0.003751 sec
Entering Playmode with Reload Domain disabled.
If you experience any issues, please disable "Enter Play Mode Options" in Editor Settings
Loaded scene 'Temp/__Backupscenes/0.backup'
	Deserialize:            2.497 ms
	Integration:            252.654 ms
	Integration of assets:  0.084 ms
	Thread Wait Time:       -0.006 ms
	Total Operation Time:   255.230 ms
Unloading 7 Unused Serialized files (Serialized files now loaded: 0)
Loaded scene 'Temp/__Backupscenes/0.backup'
	Deserialize:            1.723 ms
	Integration:            246.168 ms
	Integration of assets:  0.201 ms
	Thread Wait Time:       0.016 ms
	Total Operation Time:   248.108 ms
Unloading 0 unused Assets / (2.5 KB). Loaded Objects now: 8923.
Memory consumption went from 462.0 MB to 462.0 MB.
Total: 9.322900 ms (FindLiveObjects: 0.419600 ms CreateObjectMapping: 0.546200 ms MarkObjects: 8.348500 ms  DeleteObjects: 0.007800 ms)

Starting new worker id: 1 with log in C:/Users/myong/NaManMoo/Namanmoo_client/Logs/AssetImportWorkerHW1.log
SpriteAtlasPacking completed in 0.004712 sec
Entering Playmode with Reload Domain disabled.
If you experience any issues, please disable "Enter Play Mode Options" in Editor Settings
[Worker0] Imported GUID: 8fd1271bf7d54e1cbe77401b096aca02 - Path: Assets/Scenes/SampleStage.unity - Importer: ScriptedImporter/UnityEditor.QuickSearchModule:UnityEditor.Search:ASIAI0B -> (ImportResultId: '286a7ffec6d47335003f1875bced13fe') in 0.0528059 seconds
Loaded scene 'Temp/__Backupscenes/0.backup'
	Deserialize:            2.911 ms
	Integration:            267.188 ms
	Integration of assets:  0.131 ms
	Thread Wait Time:       -0.073 ms
	Total Operation Time:   270.157 ms
Unloading 7 Unused Serialized files (Serialized files now loaded: 0)
Loaded scene 'Temp/__Backupscenes/0.backup'
	Deserialize:            1.800 ms
	Integration:            253.790 ms
	Integration of assets:  0.175 ms
	Thread Wait Time:       0.010 ms
	Total Operation Time:   255.775 ms
Unloading 0 unused Assets / (2.5 KB). Loaded Objects now: 8923.
Memory consumption went from 462.0 MB to 462.0 MB.
Total: 10.809000 ms (FindLiveObjects: 0.438100 ms CreateObjectMapping: 0.559100 ms MarkObjects: 9.802000 ms  DeleteObjects: 0.008600 ms)

Unloading 5 Unused Serialized files (Serialized files now loaded: 0)
Unloading 22 unused Assets / (39.0 KB). Loaded Objects now: 8516.
Memory consumption went from 462.6 MB to 462.6 MB.
Total: 9.484800 ms (FindLiveObjects: 0.218900 ms CreateObjectMapping: 0.541000 ms MarkObjects: 8.627000 ms  DeleteObjects: 0.097000 ms)

Asset Pipeline Refresh (id=ea522ca1d24dc844c932e2424ffb919b): Total: 0.070 seconds - Initiated by StopAssetImportingV2(NoUpdateAssetOptions)
Asset Pipeline Refresh (id=7b1a02018ea00414480ae0d5bc353341): Total: 0.060 seconds - Initiated by StopAssetImportingV2(NoUpdateAssetOptions)
Importing 'GUID: f114b2fd6f24e974c8d6de779ad5db85 - Path: Assets/Stage1/GateOutline.mat' with importer (NativeFormatImporter)
Imported 'GUID: f114b2fd6f24e974c8d6de779ad5db85' -> (Import Result ID: 'c88262bf6bcd4b7702545f11d767fde3') in 0.001 seconds [static dependencies only]. Details - ImportResultOutputID=c07e380773fc5fcd2766cca96c89343d DependenciesID=a409acc5f123d366bc04bd072d05e1ac StaticDependenciesID=8f5a9bbb57390c6e2b82e2b5769c3c56 
Importing 'GUID: d667a029da0331b49ab92eece89065cf - Path: Assets/Stage1/Stage1Floor.mat' with importer (NativeFormatImporter)
Imported 'GUID: d667a029da0331b49ab92eece89065cf' -> (Import Result ID: 'e62cd0ca8c877c88abf8f04f7e3a04b9') in 0.001 seconds [static dependencies only]. Details - ImportResultOutputID=e01cae77c8134cb78dbfe75ce32e4e81 DependenciesID=3c6fbe61855130c7385b3dac905ebaa1 StaticDependenciesID=a95e27b5e593179df9a4b85f046e4d85 
Importing 'GUID: 9e0a6dff254e4b94aa9c01ae00a00cc2 - Path: Assets/Stage1/Stage1Boundary.mat' with importer (NativeFormatImporter)
Imported 'GUID: 9e0a6dff254e4b94aa9c01ae00a00cc2' -> (Import Result ID: 'c515a35aa5c244f0754ee4f3a4b8446a') in 0.001 seconds [static dependencies only]. Details - ImportResultOutputID=a5ffcc6084e58a7041f12d00df1cace9 DependenciesID=eb6577b0991e55cb5636b50836652e23 StaticDependenciesID=0df7a04e28f95711beb07e8ca9f5faa3 
Importing 'GUID: beeb26664254ae84e9ee90e66af322dc - Path: Assets/Stage1/GateFill.mat' with importer (NativeFormatImporter)
Imported 'GUID: beeb26664254ae84e9ee90e66af322dc' -> (Import Result ID: '7166e6b984a88ec590e3e0136dc61b7c') in 0.001 seconds [static dependencies only]. Details - ImportResultOutputID=ce672016035065450d10fb741ae86fa6 DependenciesID=4d7ff14a402a323aede5dd8847d22d9c StaticDependenciesID=928a85b50840a0821176316e1733b4cf 
Asset Pipeline Refresh (id=e871e66b67de9c440b7e4d00b728b0c9): Total: 0.049 seconds - Initiated by StopAssetImportingV2(NoUpdateAssetOptions)
Importing 'GUID: 8fd1271bf7d54e1cbe77401b096aca02 - Path: Assets/Scenes/SampleStage.unity' with importer (DefaultImporter)
Imported 'GUID: 8fd1271bf7d54e1cbe77401b096aca02' -> (Import Result ID: 'f52d16da6d9d81949a34a2c73073995c') in 0.001 seconds [static dependencies only]. Details - ImportResultOutputID=a7bbb34258982183ecc3841686d18589 DependenciesID=a769b4a6d0ec477b6cfd23f575b9997d StaticDependenciesID=4f5b7f69011e15713a1fc9acffb99cc8 
Asset Pipeline Refresh (id=20f03e9810632774299468c2ff75d8e4): Total: 0.056 seconds - Initiated by StopAssetImportingV2(NoUpdateAssetOptions)
Asset Pipeline Refresh (id=d893b2058e5cb4c438359cf71c1bea14): Total: 0.008 seconds - Initiated by RefreshV2(NoUpdateAssetOptions)
Opening scene 'Assets/Scenes/SampleStage.unity'
Unloading 1 Unused Serialized files (Serialized files now loaded: 0)
Loaded scene 'Assets/Scenes/SampleStage.unity'
	Deserialize:            4.277 ms
	Integration:            245.082 ms
	Integration of assets:  0.078 ms
	Thread Wait Time:       0.014 ms
	Total Operation Time:   249.450 ms
Unloading 192 unused Assets / (128.1 KB). Loaded Objects now: 8936.
Memory consumption went from 471.9 MB to 471.8 MB.
Total: 9.390400 ms (FindLiveObjects: 0.487400 ms CreateObjectMapping: 0.601600 ms MarkObjects: 8.071700 ms  DeleteObjects: 0.229100 ms)

Worker ready: AssetImportWorkerHW1 1
Unloading 5 Unused Serialized files (Serialized files now loaded: 0)
Unloading 21 unused Assets / (38.0 KB). Loaded Objects now: 8535.
Memory consumption went from 467.9 MB to 467.8 MB.
Total: 9.495400 ms (FindLiveObjects: 0.211800 ms CreateObjectMapping: 0.538500 ms MarkObjects: 8.652700 ms  DeleteObjects: 0.091500 ms)

Asset Pipeline Refresh (id=3b10bf89e6b4c1c48820b675052a131c): Total: 0.064 seconds - Initiated by StopAssetImportingV2(NoUpdateAssetOptions)
Refreshing native plugins compatible for Editor in 2.10 ms, found 5 plugins.
Asset Pipeline Refresh (id=270ae43f288589545a1dc5afdc6c1c6e): Total: 0.061 seconds - Initiated by StopAssetImportingV2(NoUpdateAssetOptions)
Importing 'GUID: f114b2fd6f24e974c8d6de779ad5db85 - Path: Assets/Stage1/GateOutline.mat' with importer (NativeFormatImporter)
Imported 'GUID: f114b2fd6f24e974c8d6de779ad5db85' -> (Import Result ID: 'c88262bf6bcd4b7702545f11d767fde3') in 0.001 seconds [static dependencies only]. Details - ImportResultOutputID=c07e380773fc5fcd2766cca96c89343d DependenciesID=a409acc5f123d366bc04bd072d05e1ac StaticDependenciesID=8f5a9bbb57390c6e2b82e2b5769c3c56 
Importing 'GUID: d667a029da0331b49ab92eece89065cf - Path: Assets/Stage1/Stage1Floor.mat' with importer (NativeFormatImporter)
Imported 'GUID: d667a029da0331b49ab92eece89065cf' -> (Import Result ID: 'e62cd0ca8c877c88abf8f04f7e3a04b9') in 0.001 seconds [static dependencies only]. Details - ImportResultOutputID=e01cae77c8134cb78dbfe75ce32e4e81 DependenciesID=3c6fbe61855130c7385b3dac905ebaa1 StaticDependenciesID=a95e27b5e593179df9a4b85f046e4d85 
Importing 'GUID: 9e0a6dff254e4b94aa9c01ae00a00cc2 - Path: Assets/Stage1/Stage1Boundary.mat' with importer (NativeFormatImporter)
Imported 'GUID: 9e0a6dff254e4b94aa9c01ae00a00cc2' -> (Import Result ID: 'c515a35aa5c244f0754ee4f3a4b8446a') in 0.001 seconds [static dependencies only]. Details - ImportResultOutputID=a5ffcc6084e58a7041f12d00df1cace9 DependenciesID=eb6577b0991e55cb5636b50836652e23 StaticDependenciesID=0df7a04e28f95711beb07e8ca9f5faa3 
Importing 'GUID: beeb26664254ae84e9ee90e66af322dc - Path: Assets/Stage1/GateFill.mat' with importer (NativeFormatImporter)
Imported 'GUID: beeb26664254ae84e9ee90e66af322dc' -> (Import Result ID: '7166e6b984a88ec590e3e0136dc61b7c') in 0.001 seconds [static dependencies only]. Details - ImportResultOutputID=ce672016035065450d10fb741ae86fa6 DependenciesID=4d7ff14a402a323aede5dd8847d22d9c StaticDependenciesID=928a85b50840a0821176316e1733b4cf 
Asset Pipeline Refresh (id=94b93f3f3cfbb8840a5f020beba61cbd): Total: 0.048 seconds - Initiated by StopAssetImportingV2(NoUpdateAssetOptions)
Importing 'GUID: 8fd1271bf7d54e1cbe77401b096aca02 - Path: Assets/Scenes/SampleStage.unity' with importer (DefaultImporter)
Imported 'GUID: 8fd1271bf7d54e1cbe77401b096aca02' -> (Import Result ID: '9b6eab6ddfe6f29ff0207ba21011b442') in 0.001 seconds [static dependencies only]. Details - ImportResultOutputID=a7bbb34258982183ecc3841686d18589 DependenciesID=f77dd2d1120d60080bf8f9b8f12f5ff9 StaticDependenciesID=2b1373d89f097eb9ffabc3cb2ff64b9e 
Asset Pipeline Refresh (id=67866c5743e2f2243856be1f6d55a31b): Total: 0.061 seconds - Initiated by StopAssetImportingV2(NoUpdateAssetOptions)
Asset Pipeline Refresh (id=c8671633ffbe0ae40892ff99c20282ca): Total: 0.008 seconds - Initiated by RefreshV2(NoUpdateAssetOptions)
Opening scene 'Assets/Scenes/SampleStage.unity'
Unloading 1 Unused Serialized files (Serialized files now loaded: 0)
Loaded scene 'Assets/Scenes/SampleStage.unity'
	Deserialize:            4.320 ms
	Integration:            253.715 ms
	Integration of assets:  0.087 ms
	Thread Wait Time:       0.016 ms
	Total Operation Time:   258.139 ms
Unloading 192 unused Assets / (127.6 KB). Loaded Objects now: 8946.
Memory consumption went from 472.0 MB to 471.8 MB.
Total: 10.172300 ms (FindLiveObjects: 0.532700 ms CreateObjectMapping: 0.564700 ms MarkObjects: 8.839600 ms  DeleteObjects: 0.234300 ms)

Unloading 5 Unused Serialized files (Serialized files now loaded: 0)
Unloading 30 unused Assets / (29.0 KB). Loaded Objects now: 8536.
Memory consumption went from 467.9 MB to 467.8 MB.
Total: 9.547900 ms (FindLiveObjects: 0.229800 ms CreateObjectMapping: 0.607300 ms MarkObjects: 8.588900 ms  DeleteObjects: 0.121300 ms)

Asset Pipeline Refresh (id=ce1a7b25174dc7642ba0a1dfb07364b9): Total: 0.065 seconds - Initiated by StopAssetImportingV2(NoUpdateAssetOptions)
Refreshing native plugins compatible for Editor in 2.04 ms, found 5 plugins.
Asset Pipeline Refresh (id=4fec30957e4b3144289f6e53e6d9079c): Total: 0.056 seconds - Initiated by StopAssetImportingV2(NoUpdateAssetOptions)
Importing 'GUID: f114b2fd6f24e974c8d6de779ad5db85 - Path: Assets/Stage1/GateOutline.mat' with importer (NativeFormatImporter)
Imported 'GUID: f114b2fd6f24e974c8d6de779ad5db85' -> (Import Result ID: 'c88262bf6bcd4b7702545f11d767fde3') in 0.001 seconds [static dependencies only]. Details - ImportResultOutputID=c07e380773fc5fcd2766cca96c89343d DependenciesID=a409acc5f123d366bc04bd072d05e1ac StaticDependenciesID=8f5a9bbb57390c6e2b82e2b5769c3c56 
Importing 'GUID: d667a029da0331b49ab92eece89065cf - Path: Assets/Stage1/Stage1Floor.mat' with importer (NativeFormatImporter)
Imported 'GUID: d667a029da0331b49ab92eece89065cf' -> (Import Result ID: 'e62cd0ca8c877c88abf8f04f7e3a04b9') in 0.001 seconds [static dependencies only]. Details - ImportResultOutputID=e01cae77c8134cb78dbfe75ce32e4e81 DependenciesID=3c6fbe61855130c7385b3dac905ebaa1 StaticDependenciesID=a95e27b5e593179df9a4b85f046e4d85 
Importing 'GUID: 9e0a6dff254e4b94aa9c01ae00a00cc2 - Path: Assets/Stage1/Stage1Boundary.mat' with importer (NativeFormatImporter)
Imported 'GUID: 9e0a6dff254e4b94aa9c01ae00a00cc2' -> (Import Result ID: 'c515a35aa5c244f0754ee4f3a4b8446a') in 0.001 seconds [static dependencies only]. Details - ImportResultOutputID=a5ffcc6084e58a7041f12d00df1cace9 DependenciesID=eb6577b0991e55cb5636b50836652e23 StaticDependenciesID=0df7a04e28f95711beb07e8ca9f5faa3 
Importing 'GUID: beeb26664254ae84e9ee90e66af322dc - Path: Assets/Stage1/GateFill.mat' with importer (NativeFormatImporter)
Imported 'GUID: beeb26664254ae84e9ee90e66af322dc' -> (Import Result ID: '7166e6b984a88ec590e3e0136dc61b7c') in 0.001 seconds [static dependencies only]. Details - ImportResultOutputID=ce672016035065450d10fb741ae86fa6 DependenciesID=4d7ff14a402a323aede5dd8847d22d9c StaticDependenciesID=928a85b50840a0821176316e1733b4cf 
Refreshing native plugins compatible for Editor in 2.45 ms, found 5 plugins.
Asset Pipeline Refresh (id=4baebe6a62560894caf91f39d44b585f): Total: 0.050 seconds - Initiated by StopAssetImportingV2(NoUpdateAssetOptions)
Importing 'GUID: 8fd1271bf7d54e1cbe77401b096aca02 - Path: Assets/Scenes/SampleStage.unity' with importer (DefaultImporter)
Imported 'GUID: 8fd1271bf7d54e1cbe77401b096aca02' -> (Import Result ID: '82e9541de9cd3f010a18e3a30a056359') in 0.001 seconds [static dependencies only]. Details - ImportResultOutputID=a7bbb34258982183ecc3841686d18589 DependenciesID=7bfcd932a5043610be0970bfc2ab2272 StaticDependenciesID=c10bc9ae546c2da13a51c355266c6f38 
Asset Pipeline Refresh (id=a780d12130bed324ba23cc17d4174876): Total: 0.057 seconds - Initiated by StopAssetImportingV2(NoUpdateAssetOptions)
Asset Pipeline Refresh (id=5d46589e4dc2fd14689774c696859c0c): Total: 0.008 seconds - Initiated by RefreshV2(NoUpdateAssetOptions)
Opening scene 'Assets/Scenes/SampleStage.unity'
Unloading 1 Unused Serialized files (Serialized files now loaded: 0)
Loaded scene 'Assets/Scenes/SampleStage.unity'
	Deserialize:            4.180 ms
	Integration:            245.977 ms
	Integration of assets:  0.108 ms
	Thread Wait Time:       0.014 ms
	Total Operation Time:   250.279 ms
Unloading 192 unused Assets / (128.5 KB). Loaded Objects now: 8956.
Memory consumption went from 472.0 MB to 471.8 MB.
Total: 10.526400 ms (FindLiveObjects: 0.475900 ms CreateObjectMapping: 0.585200 ms MarkObjects: 9.242300 ms  DeleteObjects: 0.221800 ms)

Unloading 5 Unused Serialized files (Serialized files now loaded: 0)
Unloading 21 unused Assets / (38.0 KB). Loaded Objects now: 8550.
Memory consumption went from 467.9 MB to 467.9 MB.
Total: 9.105900 ms (FindLiveObjects: 0.201300 ms CreateObjectMapping: 0.540200 ms MarkObjects: 8.280700 ms  DeleteObjects: 0.082900 ms)

Asset Pipeline Refresh (id=88291a0842477aa42b0c36db1cc864e1): Total: 0.072 seconds - Initiated by StopAssetImportingV2(NoUpdateAssetOptions)
Asset Pipeline Refresh (id=8989401c4b7ee7d43bf6d7ae07e59dc4): Total: 0.061 seconds - Initiated by StopAssetImportingV2(NoUpdateAssetOptions)
Importing 'GUID: f114b2fd6f24e974c8d6de779ad5db85 - Path: Assets/Stage1/GateOutline.mat' with importer (NativeFormatImporter)
Imported 'GUID: f114b2fd6f24e974c8d6de779ad5db85' -> (Import Result ID: 'c88262bf6bcd4b7702545f11d767fde3') in 0.001 seconds [static dependencies only]. Details - ImportResultOutputID=c07e380773fc5fcd2766cca96c89343d DependenciesID=a409acc5f123d366bc04bd072d05e1ac StaticDependenciesID=8f5a9bbb57390c6e2b82e2b5769c3c56 
Importing 'GUID: d667a029da0331b49ab92eece89065cf - Path: Assets/Stage1/Stage1Floor.mat' with importer (NativeFormatImporter)
Imported 'GUID: d667a029da0331b49ab92eece89065cf' -> (Import Result ID: 'e62cd0ca8c877c88abf8f04f7e3a04b9') in 0.001 seconds [static dependencies only]. Details - ImportResultOutputID=e01cae77c8134cb78dbfe75ce32e4e81 DependenciesID=3c6fbe61855130c7385b3dac905ebaa1 StaticDependenciesID=a95e27b5e593179df9a4b85f046e4d85 
Importing 'GUID: 9e0a6dff254e4b94aa9c01ae00a00cc2 - Path: Assets/Stage1/Stage1Boundary.mat' with importer (NativeFormatImporter)
Imported 'GUID: 9e0a6dff254e4b94aa9c01ae00a00cc2' -> (Import Result ID: 'c515a35aa5c244f0754ee4f3a4b8446a') in 0.001 seconds [static dependencies only]. Details - ImportResultOutputID=a5ffcc6084e58a7041f12d00df1cace9 DependenciesID=eb6577b0991e55cb5636b50836652e23 StaticDependenciesID=0df7a04e28f95711beb07e8ca9f5faa3 
Importing 'GUID: beeb26664254ae84e9ee90e66af322dc - Path: Assets/Stage1/GateFill.mat' with importer (NativeFormatImporter)
Imported 'GUID: beeb26664254ae84e9ee90e66af322dc' -> (Import Result ID: '7166e6b984a88ec590e3e0136dc61b7c') in 0.001 seconds [static dependencies only]. Details - ImportResultOutputID=ce672016035065450d10fb741ae86fa6 DependenciesID=4d7ff14a402a323aede5dd8847d22d9c StaticDependenciesID=928a85b50840a0821176316e1733b4cf 
Asset Pipeline Refresh (id=b8ddad423a8859e4d80cfb898ee7c333): Total: 0.051 seconds - Initiated by StopAssetImportingV2(NoUpdateAssetOptions)
Importing 'GUID: 8fd1271bf7d54e1cbe77401b096aca02 - Path: Assets/Scenes/SampleStage.unity' with importer (DefaultImporter)
Imported 'GUID: 8fd1271bf7d54e1cbe77401b096aca02' -> (Import Result ID: '70e021adb6261d23911c3d34b595cb92') in 0.001 seconds [static dependencies only]. Details - ImportResultOutputID=a7bbb34258982183ecc3841686d18589 DependenciesID=83f81261d4f72cfd5f2478645d947c8a StaticDependenciesID=0a25f2f232e40b7f6657920474858c4c 
Refreshing native plugins compatible for Editor in 2.52 ms, found 5 plugins.
Asset Pipeline Refresh (id=b741cf2c7bfa8e4459de033cbffb4360): Total: 0.063 seconds - Initiated by StopAssetImportingV2(NoUpdateAssetOptions)
Asset Pipeline Refresh (id=555a16f3807051b49a3d29deaba2b3b1): Total: 0.008 seconds - Initiated by RefreshV2(NoUpdateAssetOptions)
Opening scene 'Assets/Scenes/SampleStage.unity'
Unloading 1 Unused Serialized files (Serialized files now loaded: 0)
Loaded scene 'Assets/Scenes/SampleStage.unity'
	Deserialize:            4.369 ms
	Integration:            259.461 ms
	Integration of assets:  0.134 ms
	Thread Wait Time:       -0.029 ms
	Total Operation Time:   263.934 ms
Unloading 192 unused Assets / (127.5 KB). Loaded Objects now: 8961.
Memory consumption went from 472.0 MB to 471.8 MB.
Total: 11.529400 ms (FindLiveObjects: 0.543600 ms CreateObjectMapping: 0.651800 ms MarkObjects: 10.020000 ms  DeleteObjects: 0.312300 ms)

Unloading 5 Unused Serialized files (Serialized files now loaded: 0)
Unloading 21 unused Assets / (37.9 KB). Loaded Objects now: 8555.
Memory consumption went from 468.3 MB to 468.3 MB.
Total: 12.240100 ms (FindLiveObjects: 0.243300 ms CreateObjectMapping: 0.572800 ms MarkObjects: 11.313800 ms  DeleteObjects: 0.109400 ms)

Asset Pipeline Refresh (id=dc34715f8fd56cd4bb44f4cb922df435): Total: 0.064 seconds - Initiated by StopAssetImportingV2(NoUpdateAssetOptions)
Refreshing native plugins compatible for Editor in 2.04 ms, found 5 plugins.
Asset Pipeline Refresh (id=5a7a75c0fb572ca468bd27ad3a32044f): Total: 0.062 seconds - Initiated by StopAssetImportingV2(NoUpdateAssetOptions)
Importing 'GUID: f114b2fd6f24e974c8d6de779ad5db85 - Path: Assets/Stage1/GateOutline.mat' with importer (NativeFormatImporter)
Imported 'GUID: f114b2fd6f24e974c8d6de779ad5db85' -> (Import Result ID: 'c88262bf6bcd4b7702545f11d767fde3') in 0.001 seconds [static dependencies only]. Details - ImportResultOutputID=c07e380773fc5fcd2766cca96c89343d DependenciesID=a409acc5f123d366bc04bd072d05e1ac StaticDependenciesID=8f5a9bbb57390c6e2b82e2b5769c3c56 
Importing 'GUID: d667a029da0331b49ab92eece89065cf - Path: Assets/Stage1/Stage1Floor.mat' with importer (NativeFormatImporter)
Imported 'GUID: d667a029da0331b49ab92eece89065cf' -> (Import Result ID: 'e62cd0ca8c877c88abf8f04f7e3a04b9') in 0.001 seconds [static dependencies only]. Details - ImportResultOutputID=e01cae77c8134cb78dbfe75ce32e4e81 DependenciesID=3c6fbe61855130c7385b3dac905ebaa1 StaticDependenciesID=a95e27b5e593179df9a4b85f046e4d85 
Importing 'GUID: 9e0a6dff254e4b94aa9c01ae00a00cc2 - Path: Assets/Stage1/Stage1Boundary.mat' with importer (NativeFormatImporter)
Imported 'GUID: 9e0a6dff254e4b94aa9c01ae00a00cc2' -> (Import Result ID: 'c515a35aa5c244f0754ee4f3a4b8446a') in 0.001 seconds [static dependencies only]. Details - ImportResultOutputID=a5ffcc6084e58a7041f12d00df1cace9 DependenciesID=eb6577b0991e55cb5636b50836652e23 StaticDependenciesID=0df7a04e28f95711beb07e8ca9f5faa3 
Importing 'GUID: beeb26664254ae84e9ee90e66af322dc - Path: Assets/Stage1/GateFill.mat' with importer (NativeFormatImporter)
Imported 'GUID: beeb26664254ae84e9ee90e66af322dc' -> (Import Result ID: '7166e6b984a88ec590e3e0136dc61b7c') in 0.001 seconds [static dependencies only]. Details - ImportResultOutputID=ce672016035065450d10fb741ae86fa6 DependenciesID=4d7ff14a402a323aede5dd8847d22d9c StaticDependenciesID=928a85b50840a0821176316e1733b4cf 
Asset Pipeline Refresh (id=74503525d84f14e449eaddc14d896840): Total: 0.049 seconds - Initiated by StopAssetImportingV2(NoUpdateAssetOptions)
Importing 'GUID: 8fd1271bf7d54e1cbe77401b096aca02 - Path: Assets/Scenes/SampleStage.unity' with importer (DefaultImporter)
Imported 'GUID: 8fd1271bf7d54e1cbe77401b096aca02' -> (Import Result ID: '78150fc9ab5a9f451ec87b9517da004b') in 0.001 seconds [static dependencies only]. Details - ImportResultOutputID=a7bbb34258982183ecc3841686d18589 DependenciesID=adaa9039502e9eb3514d1dec14edb2cc StaticDependenciesID=ad0a47e5ca2464e4264ee5f204662aa1 
Asset Pipeline Refresh (id=4c344bd07d126c141998cbc8cf2c0a74): Total: 0.059 seconds - Initiated by StopAssetImportingV2(NoUpdateAssetOptions)
Asset Pipeline Refresh (id=66d73c67ddef1f34382116a17d25e316): Total: 0.009 seconds - Initiated by RefreshV2(NoUpdateAssetOptions)
Opening scene 'Assets/Scenes/SampleStage.unity'
Unloading 1 Unused Serialized files (Serialized files now loaded: 0)
Loaded scene 'Assets/Scenes/SampleStage.unity'
	Deserialize:            5.123 ms
	Integration:            246.320 ms
	Integration of assets:  0.089 ms
	Thread Wait Time:       0.012 ms
	Total Operation Time:   251.544 ms
Unloading 192 unused Assets / (127.6 KB). Loaded Objects now: 8966.
Memory consumption went from 472.4 MB to 472.2 MB.
Total: 9.535100 ms (FindLiveObjects: 0.469300 ms CreateObjectMapping: 0.587400 ms MarkObjects: 8.246900 ms  DeleteObjects: 0.230800 ms)

Unloading 6 Unused Serialized files (Serialized files now loaded: 0)
Unloading 22 unused Assets / (35.8 KB). Loaded Objects now: 8560.
Memory consumption went from 468.5 MB to 468.4 MB.
Total: 9.502300 ms (FindLiveObjects: 0.217400 ms CreateObjectMapping: 0.548200 ms MarkObjects: 8.655800 ms  DeleteObjects: 0.080200 ms)

Asset Pipeline Refresh (id=8834811e532b9b2469c1ad82f4bbd0a1): Total: 0.067 seconds - Initiated by StopAssetImportingV2(NoUpdateAssetOptions)
Refreshing native plugins compatible for Editor in 2.12 ms, found 5 plugins.
Asset Pipeline Refresh (id=3093067283f6e6b4b8e968ff62848ba2): Total: 0.063 seconds - Initiated by StopAssetImportingV2(NoUpdateAssetOptions)
Importing 'GUID: f114b2fd6f24e974c8d6de779ad5db85 - Path: Assets/Stage1/GateOutline.mat' with importer (NativeFormatImporter)
Imported 'GUID: f114b2fd6f24e974c8d6de779ad5db85' -> (Import Result ID: 'c88262bf6bcd4b7702545f11d767fde3') in 0.001 seconds [static dependencies only]. Details - ImportResultOutputID=c07e380773fc5fcd2766cca96c89343d DependenciesID=a409acc5f123d366bc04bd072d05e1ac StaticDependenciesID=8f5a9bbb57390c6e2b82e2b5769c3c56 
Importing 'GUID: d667a029da0331b49ab92eece89065cf - Path: Assets/Stage1/Stage1Floor.mat' with importer (NativeFormatImporter)
Imported 'GUID: d667a029da0331b49ab92eece89065cf' -> (Import Result ID: 'e62cd0ca8c877c88abf8f04f7e3a04b9') in 0.001 seconds [static dependencies only]. Details - ImportResultOutputID=e01cae77c8134cb78dbfe75ce32e4e81 DependenciesID=3c6fbe61855130c7385b3dac905ebaa1 StaticDependenciesID=a95e27b5e593179df9a4b85f046e4d85 
Importing 'GUID: 9e0a6dff254e4b94aa9c01ae00a00cc2 - Path: Assets/Stage1/Stage1Boundary.mat' with importer (NativeFormatImporter)
Imported 'GUID: 9e0a6dff254e4b94aa9c01ae00a00cc2' -> (Import Result ID: 'c515a35aa5c244f0754ee4f3a4b8446a') in 0.001 seconds [static dependencies only]. Details - ImportResultOutputID=a5ffcc6084e58a7041f12d00df1cace9 DependenciesID=eb6577b0991e55cb5636b50836652e23 StaticDependenciesID=0df7a04e28f95711beb07e8ca9f5faa3 
Importing 'GUID: beeb26664254ae84e9ee90e66af322dc - Path: Assets/Stage1/GateFill.mat' with importer (NativeFormatImporter)
Imported 'GUID: beeb26664254ae84e9ee90e66af322dc' -> (Import Result ID: '7166e6b984a88ec590e3e0136dc61b7c') in 0.001 seconds [static dependencies only]. Details - ImportResultOutputID=ce672016035065450d10fb741ae86fa6 DependenciesID=4d7ff14a402a323aede5dd8847d22d9c StaticDependenciesID=928a85b50840a0821176316e1733b4cf 
Asset Pipeline Refresh (id=7711e1958041f9e4daf0cdcfad79c981): Total: 0.046 seconds - Initiated by StopAssetImportingV2(NoUpdateAssetOptions)
Importing 'GUID: 8fd1271bf7d54e1cbe77401b096aca02 - Path: Assets/Scenes/SampleStage.unity' with importer (DefaultImporter)
Imported 'GUID: 8fd1271bf7d54e1cbe77401b096aca02' -> (Import Result ID: 'c8c862f9d0d99bce950f791169807e54') in 0.001 seconds [static dependencies only]. Details - ImportResultOutputID=a7bbb34258982183ecc3841686d18589 DependenciesID=40e8a8b32d2ba79f94820ec760c1b63f StaticDependenciesID=f69e52f8537a6923a3859a22ef0a2391 
Refreshing native plugins compatible for Editor in 2.11 ms, found 5 plugins.
Asset Pipeline Refresh (id=f380a2a2379c7b144afb9a436a4c3213): Total: 0.060 seconds - Initiated by StopAssetImportingV2(NoUpdateAssetOptions)
Asset Pipeline Refresh (id=dde3368d064ac6b41bca6afccfc989c2): Total: 0.009 seconds - Initiated by RefreshV2(NoUpdateAssetOptions)
Opening scene 'Assets/Scenes/SampleStage.unity'
Unloading 1 Unused Serialized files (Serialized files now loaded: 0)
Loaded scene 'Assets/Scenes/SampleStage.unity'
	Deserialize:            4.069 ms
	Integration:            250.261 ms
	Integration of assets:  0.065 ms
	Thread Wait Time:       0.011 ms
	Total Operation Time:   254.407 ms
Unloading 192 unused Assets / (128.6 KB). Loaded Objects now: 8971.
Memory consumption went from 472.4 MB to 472.2 MB.
Total: 11.861600 ms (FindLiveObjects: 0.434900 ms CreateObjectMapping: 0.677800 ms MarkObjects: 10.102100 ms  DeleteObjects: 0.645600 ms)

SpriteAtlasPacking completed in 0.004753 sec
Entering Playmode with Reload Domain disabled.
If you experience any issues, please disable "Enter Play Mode Options" in Editor Settings
Loaded scene 'Temp/__Backupscenes/0.backup'
	Deserialize:            2.901 ms
	Integration:            263.498 ms
	Integration of assets:  0.104 ms
	Thread Wait Time:       -0.053 ms
	Total Operation Time:   266.451 ms
Unloading 8 Unused Serialized files (Serialized files now loaded: 0)
Loaded scene 'Temp/__Backupscenes/0.backup'
	Deserialize:            1.769 ms
	Integration:            247.937 ms
	Integration of assets:  0.185 ms
	Thread Wait Time:       0.006 ms
	Total Operation Time:   249.897 ms
Unloading 9 unused Assets / (2.0 KB). Loaded Objects now: 8963.
Memory consumption went from 468.1 MB to 468.1 MB.
Total: 10.071300 ms (FindLiveObjects: 0.443300 ms CreateObjectMapping: 0.547100 ms MarkObjects: 9.030900 ms  DeleteObjects: 0.049200 ms)

Unloading 4 Unused Serialized files (Serialized files now loaded: 0)
Unloading 21 unused Assets / (36.4 KB). Loaded Objects now: 8556.
Memory consumption went from 468.3 MB to 468.2 MB.
Total: 9.478600 ms (FindLiveObjects: 0.215300 ms CreateObjectMapping: 0.545400 ms MarkObjects: 8.612300 ms  DeleteObjects: 0.104600 ms)

Asset Pipeline Refresh (id=f23ef97c7a9dc084a8a20280a51c28a4): Total: 0.065 seconds - Initiated by StopAssetImportingV2(NoUpdateAssetOptions)
Asset Pipeline Refresh (id=9dca8bb761e065844b34500e534454db): Total: 0.060 seconds - Initiated by StopAssetImportingV2(NoUpdateAssetOptions)
Importing 'GUID: f114b2fd6f24e974c8d6de779ad5db85 - Path: Assets/Stage1/GateOutline.mat' with importer (NativeFormatImporter)
Imported 'GUID: f114b2fd6f24e974c8d6de779ad5db85' -> (Import Result ID: 'c88262bf6bcd4b7702545f11d767fde3') in 0.001 seconds [static dependencies only]. Details - ImportResultOutputID=c07e380773fc5fcd2766cca96c89343d DependenciesID=a409acc5f123d366bc04bd072d05e1ac StaticDependenciesID=8f5a9bbb57390c6e2b82e2b5769c3c56 
Importing 'GUID: d667a029da0331b49ab92eece89065cf - Path: Assets/Stage1/Stage1Floor.mat' with importer (NativeFormatImporter)
Imported 'GUID: d667a029da0331b49ab92eece89065cf' -> (Import Result ID: 'e62cd0ca8c877c88abf8f04f7e3a04b9') in 0.001 seconds [static dependencies only]. Details - ImportResultOutputID=e01cae77c8134cb78dbfe75ce32e4e81 DependenciesID=3c6fbe61855130c7385b3dac905ebaa1 StaticDependenciesID=a95e27b5e593179df9a4b85f046e4d85 
Importing 'GUID: 9e0a6dff254e4b94aa9c01ae00a00cc2 - Path: Assets/Stage1/Stage1Boundary.mat' with importer (NativeFormatImporter)
Imported 'GUID: 9e0a6dff254e4b94aa9c01ae00a00cc2' -> (Import Result ID: 'c515a35aa5c244f0754ee4f3a4b8446a') in 0.001 seconds [static dependencies only]. Details - ImportResultOutputID=a5ffcc6084e58a7041f12d00df1cace9 DependenciesID=eb6577b0991e55cb5636b50836652e23 StaticDependenciesID=0df7a04e28f95711beb07e8ca9f5faa3 
Importing 'GUID: beeb26664254ae84e9ee90e66af322dc - Path: Assets/Stage1/GateFill.mat' with importer (NativeFormatImporter)
Imported 'GUID: beeb26664254ae84e9ee90e66af322dc' -> (Import Result ID: '7166e6b984a88ec590e3e0136dc61b7c') in 0.001 seconds [static dependencies only]. Details - ImportResultOutputID=ce672016035065450d10fb741ae86fa6 DependenciesID=4d7ff14a402a323aede5dd8847d22d9c StaticDependenciesID=928a85b50840a0821176316e1733b4cf 
Asset Pipeline Refresh (id=9c2ef8514c0ef4b489c46f9e62376a76): Total: 0.047 seconds - Initiated by StopAssetImportingV2(NoUpdateAssetOptions)
Importing 'GUID: 8fd1271bf7d54e1cbe77401b096aca02 - Path: Assets/Scenes/SampleStage.unity' with importer (DefaultImporter)
Imported 'GUID: 8fd1271bf7d54e1cbe77401b096aca02' -> (Import Result ID: 'e174b709fef0d7ffde6e02931256f385') in 0.001 seconds [static dependencies only]. Details - ImportResultOutputID=a7bbb34258982183ecc3841686d18589 DependenciesID=878939812c6991f326f0611b3a74192e StaticDependenciesID=42d64d455447e2066c380e5dd5281951 
Asset Pipeline Refresh (id=c23faf2f9dab65b438b0ebfdd4ea7b3f): Total: 0.058 seconds - Initiated by StopAssetImportingV2(NoUpdateAssetOptions)
Asset Pipeline Refresh (id=fa792988504c491488713ead7f67bb00): Total: 0.008 seconds - Initiated by RefreshV2(NoUpdateAssetOptions)
Opening scene 'Assets/Scenes/SampleStage.unity'
Unloading 1 Unused Serialized files (Serialized files now loaded: 0)
Loaded scene 'Assets/Scenes/SampleStage.unity'
	Deserialize:            4.872 ms
	Integration:            242.257 ms
	Integration of assets:  0.090 ms
	Thread Wait Time:       0.008 ms
	Total Operation Time:   247.226 ms
Unloading 192 unused Assets / (127.6 KB). Loaded Objects now: 8976.
Memory consumption went from 472.4 MB to 472.2 MB.
Total: 9.950200 ms (FindLiveObjects: 0.440700 ms CreateObjectMapping: 0.602700 ms MarkObjects: 8.666700 ms  DeleteObjects: 0.239300 ms)

TrimDiskCacheJob: Current cache size 0mb
Opening scene 'Assets/Scenes/SampleStage.unity'
Unloading 1 Unused Serialized files (Serialized files now loaded: 0)
Loaded scene 'Assets/Scenes/SampleStage.unity'
	Deserialize:            3.617 ms
	Integration:            251.048 ms
	Integration of assets:  0.065 ms
	Thread Wait Time:       0.009 ms
	Total Operation Time:   254.739 ms
Unloading 1 unused Assets / (1.0 KB). Loaded Objects now: 8976.
Memory consumption went from 464.6 MB to 464.6 MB.
Total: 10.187400 ms (FindLiveObjects: 0.531700 ms CreateObjectMapping: 0.580200 ms MarkObjects: 9.052200 ms  DeleteObjects: 0.022300 ms)

SpriteAtlasPacking completed in 0.004278 sec
Entering Playmode with Reload Domain disabled.
If you experience any issues, please disable "Enter Play Mode Options" in Editor Settings
Loaded scene 'Temp/__Backupscenes/0.backup'
	Deserialize:            2.964 ms
	Integration:            254.216 ms
	Integration of assets:  0.069 ms
	Thread Wait Time:       -0.009 ms
	Total Operation Time:   257.241 ms
Unloading 8 Unused Serialized files (Serialized files now loaded: 0)
Loaded scene 'Temp/__Backupscenes/0.backup'
	Deserialize:            1.899 ms
	Integration:            247.881 ms
	Integration of assets:  0.139 ms
	Thread Wait Time:       -0.012 ms
	Total Operation Time:   249.908 ms
Unloading 9 unused Assets / (4.5 KB). Loaded Objects now: 8968.
Memory consumption went from 468.1 MB to 468.1 MB.
Total: 9.510000 ms (FindLiveObjects: 0.472400 ms CreateObjectMapping: 0.571600 ms MarkObjects: 8.417900 ms  DeleteObjects: 0.047100 ms)

[Worker0] Imported GUID: 8fd1271bf7d54e1cbe77401b096aca02 - Path: Assets/Scenes/SampleStage.unity - Importer: ScriptedImporter/UnityEditor.QuickSearchModule:UnityEditor.Search:ASIAI0B -> (ImportResultId: '409b48fe5c8d219a6ad3d26214c9f71c') in 0.0124858 seconds
SpriteAtlasPacking completed in 0.003701 sec
Entering Playmode with Reload Domain disabled.
If you experience any issues, please disable "Enter Play Mode Options" in Editor Settings
Loaded scene 'Temp/__Backupscenes/0.backup'
	Deserialize:            2.383 ms
	Integration:            241.262 ms
	Integration of assets:  0.054 ms
	Thread Wait Time:       -0.009 ms
	Total Operation Time:   243.689 ms
Unloading 7 Unused Serialized files (Serialized files now loaded: 0)
Loaded scene 'Temp/__Backupscenes/0.backup'
	Deserialize:            1.852 ms
	Integration:            240.894 ms
	Integration of assets:  0.198 ms
	Thread Wait Time:       0.011 ms
	Total Operation Time:   242.955 ms
Unloading 4 unused Assets / (2.5 KB). Loaded Objects now: 8973.
Memory consumption went from 468.3 MB to 468.2 MB.
Total: 8.918800 ms (FindLiveObjects: 0.441800 ms CreateObjectMapping: 0.547500 ms MarkObjects: 7.908100 ms  DeleteObjects: 0.020500 ms)

SpriteAtlasPacking completed in 0.004047 sec
Entering Playmode with Reload Domain disabled.
If you experience any issues, please disable "Enter Play Mode Options" in Editor Settings
Loaded scene 'Temp/__Backupscenes/0.backup'
	Deserialize:            2.854 ms
	Integration:            242.277 ms
	Integration of assets:  0.061 ms
	Thread Wait Time:       -0.012 ms
	Total Operation Time:   245.181 ms
Unloading 7 Unused Serialized files (Serialized files now loaded: 0)
Loaded scene 'Temp/__Backupscenes/0.backup'
	Deserialize:            1.764 ms
	Integration:            241.105 ms
	Integration of assets:  0.162 ms
	Thread Wait Time:       -0.041 ms
	Total Operation Time:   242.989 ms
Unloading 0 unused Assets / (2.5 KB). Loaded Objects now: 8973.
Memory consumption went from 468.1 MB to 468.1 MB.
Total: 8.939400 ms (FindLiveObjects: 0.428200 ms CreateObjectMapping: 0.550100 ms MarkObjects: 7.952700 ms  DeleteObjects: 0.007500 ms)

SpriteAtlasPacking completed in 0.003923 sec
Entering Playmode with Reload Domain disabled.
If you experience any issues, please disable "Enter Play Mode Options" in Editor Settings
Loaded scene 'Temp/__Backupscenes/0.backup'
	Deserialize:            2.518 ms
	Integration:            246.309 ms
	Integration of assets:  0.082 ms
	Thread Wait Time:       -0.036 ms
	Total Operation Time:   248.872 ms
Unloading 7 Unused Serialized files (Serialized files now loaded: 0)
Loaded scene 'Temp/__Backupscenes/0.backup'
	Deserialize:            2.085 ms
	Integration:            242.112 ms
	Integration of assets:  0.216 ms
	Thread Wait Time:       -0.011 ms
	Total Operation Time:   244.402 ms
Unloading 0 unused Assets / (2.5 KB). Loaded Objects now: 8973.
Memory consumption went from 468.1 MB to 468.1 MB.
Total: 10.441400 ms (FindLiveObjects: 0.440000 ms CreateObjectMapping: 0.557600 ms MarkObjects: 9.435600 ms  DeleteObjects: 0.007400 ms)

SpriteAtlasPacking completed in 0.003950 sec
Entering Playmode with Reload Domain disabled.
If you experience any issues, please disable "Enter Play Mode Options" in Editor Settings
Loaded scene 'Temp/__Backupscenes/0.backup'
	Deserialize:            2.570 ms
	Integration:            247.721 ms
	Integration of assets:  0.108 ms
	Thread Wait Time:       -0.065 ms
	Total Operation Time:   250.335 ms
Unloading 7 Unused Serialized files (Serialized files now loaded: 0)
Loaded scene 'Temp/__Backupscenes/0.backup'
	Deserialize:            1.991 ms
	Integration:            244.432 ms
	Integration of assets:  0.159 ms
	Thread Wait Time:       -0.022 ms
	Total Operation Time:   246.560 ms
Unloading 0 unused Assets / (2.5 KB). Loaded Objects now: 8973.
Memory consumption went from 468.1 MB to 468.1 MB.
Total: 9.897100 ms (FindLiveObjects: 0.437900 ms CreateObjectMapping: 0.549800 ms MarkObjects: 8.899900 ms  DeleteObjects: 0.008500 ms)

SpriteAtlasPacking completed in 0.003784 sec
Entering Playmode with Reload Domain disabled.
If you experience any issues, please disable "Enter Play Mode Options" in Editor Settings
Loaded scene 'Temp/__Backupscenes/0.backup'
	Deserialize:            2.744 ms
	Integration:            251.977 ms
	Integration of assets:  0.079 ms
	Thread Wait Time:       0.010 ms
	Total Operation Time:   254.811 ms
Unloading 7 Unused Serialized files (Serialized files now loaded: 0)
Loaded scene 'Temp/__Backupscenes/0.backup'
	Deserialize:            1.807 ms
	Integration:            240.698 ms
	Integration of assets:  0.200 ms
	Thread Wait Time:       0.009 ms
	Total Operation Time:   242.714 ms
Unloading 0 unused Assets / (2.5 KB). Loaded Objects now: 8973.
Memory consumption went from 468.1 MB to 468.1 MB.
Total: 9.434000 ms (FindLiveObjects: 0.444000 ms CreateObjectMapping: 0.560100 ms MarkObjects: 8.420200 ms  DeleteObjects: 0.008900 ms)

SpriteAtlasPacking completed in 0.003717 sec
Entering Playmode with Reload Domain disabled.
If you experience any issues, please disable "Enter Play Mode Options" in Editor Settings
Loaded scene 'Temp/__Backupscenes/0.backup'
	Deserialize:            2.877 ms
	Integration:            242.097 ms
	Integration of assets:  0.066 ms
	Thread Wait Time:       -0.019 ms
	Total Operation Time:   245.021 ms
Unloading 7 Unused Serialized files (Serialized files now loaded: 0)
Loaded scene 'Temp/__Backupscenes/0.backup'
	Deserialize:            2.150 ms
	Integration:            241.922 ms
	Integration of assets:  0.146 ms
	Thread Wait Time:       -0.016 ms
	Total Operation Time:   244.202 ms
Unloading 0 unused Assets / (0 B). Loaded Objects now: 8973.
Memory consumption went from 468.1 MB to 468.1 MB.
Total: 9.202700 ms (FindLiveObjects: 0.527200 ms CreateObjectMapping: 0.572000 ms MarkObjects: 8.096900 ms  DeleteObjects: 0.006000 ms)

SpriteAtlasPacking completed in 0.003959 sec
Entering Playmode with Reload Domain disabled.
If you experience any issues, please disable "Enter Play Mode Options" in Editor Settings
Loaded scene 'Temp/__Backupscenes/0.backup'
	Deserialize:            2.559 ms
	Integration:            243.883 ms
	Integration of assets:  0.055 ms
	Thread Wait Time:       -0.007 ms
	Total Operation Time:   246.490 ms
Unloading 7 Unused Serialized files (Serialized files now loaded: 0)
Loaded scene 'Temp/__Backupscenes/0.backup'
	Deserialize:            1.738 ms
	Integration:            240.136 ms
	Integration of assets:  0.186 ms
	Thread Wait Time:       0.014 ms
	Total Operation Time:   242.073 ms
Unloading 0 unused Assets / (2.5 KB). Loaded Objects now: 8973.
Memory consumption went from 468.1 MB to 468.1 MB.
Total: 10.517200 ms (FindLiveObjects: 0.433200 ms CreateObjectMapping: 0.551300 ms MarkObjects: 9.524500 ms  DeleteObjects: 0.007600 ms)

Unloading 1 Unused Serialized files (Serialized files now loaded: 0)
Unloading 20 unused Assets / (30.9 KB). Loaded Objects now: 8566.
Memory consumption went from 472.4 MB to 472.3 MB.
Total: 8.757600 ms (FindLiveObjects: 0.205900 ms CreateObjectMapping: 0.553800 ms MarkObjects: 7.921600 ms  DeleteObjects: 0.075900 ms)

Importing 'GUID: 6587a79308afdd94c9aa4d8188106a51 - Path: Assets/Scenes/Title.unity' with importer (DefaultImporter)
Imported 'GUID: 6587a79308afdd94c9aa4d8188106a51' -> (Import Result ID: 'b9a9264c68c7e97d69bed4944df3b8d1') in 0.002 seconds [static dependencies only]. Details - ImportResultOutputID=62c7311b657ae47de932f6b454e098bc DependenciesID=71b844a659a95b6ba0f6de9d4d4d8d32 StaticDependenciesID=8c17a76da15de047e74a14f3e83a8939 
Refreshing native plugins compatible for Editor in 2.37 ms, found 5 plugins.
Asset Pipeline Refresh (id=c251e79c950264c4dabe527dcb422fbe): Total: 0.061 seconds - Initiated by StopAssetImportingV2(NoUpdateAssetOptions)
Asset Pipeline Refresh (id=373a609117bcd864bb888a861da43cc9): Total: 0.010 seconds - Initiated by RefreshV2(NoUpdateAssetOptions)
Opening scene 'Assets/Scenes/Title.unity'
Unloading 0 Unused Serialized files (Serialized files now loaded: 0)
Loaded scene 'Assets/Scenes/Title.unity'
	Deserialize:            0.822 ms
	Integration:            232.920 ms
	Integration of assets:  0.002 ms
	Thread Wait Time:       0.010 ms
	Total Operation Time:   233.753 ms
Unloading 183 unused Assets / (125.4 KB). Loaded Objects now: 8606.
Memory consumption went from 470.1 MB to 469.9 MB.
Total: 9.924200 ms (FindLiveObjects: 0.420500 ms CreateObjectMapping: 0.577100 ms MarkObjects: 8.707300 ms  DeleteObjects: 0.218500 ms)

projectile: Destroy may not be called from edit mode! Use DestroyImmediate instead.
Destroying an object in edit mode destroys it permanently
UnityEngine.Debug:ExtractStackTraceNoAlloc (byte*,int,string)
UnityEngine.StackTraceUtility:ExtractStackTrace ()
UnityEngine.Object:Destroy (UnityEngine.Object,single)
UnityEngine.Object:Destroy (UnityEngine.Object)
WeaponProjectile:Expire () (at Assets/Scripts/Combat/WeaponProjectile.cs:291)
WeaponProjectile:TryHit (UnityEngine.Collider2D) (at Assets/Scripts/Combat/WeaponProjectile.cs:251)
WeaponProjectilePierceTests:BoomerangReturnsInsteadOfExpiringOnHit () (at Assets/Tests/Editor/WeaponProjectilePierceTests.cs:130)
System.Reflection.RuntimeMethodInfo:Invoke (object,System.Reflection.BindingFlags,System.Reflection.Binder,object[],System.Globalization.CultureInfo)
System.Reflection.MethodBase:Invoke (object,object[])
NUnit.Framework.Internal.Reflect:InvokeMethod (System.Reflection.MethodInfo,object,object[])
NUnit.Framework.Internal.MethodWrapper:Invoke (object,object[])
NUnit.Framework.Internal.Commands.TestMethodCommand:RunNonAsyncTestMethod (NUnit.Framework.Internal.ITestExecutionContext)
NUnit.Framework.Internal.Commands.TestMethodCommand:RunTestMethod (NUnit.Framework.Internal.ITestExecutionContext)
NUnit.Framework.Internal.Commands.TestMethodCommand:Execute (NUnit.Framework.Internal.ITestExecutionContext)
UnityEngine.TestTools.UnityTestMethodCommand:Execute (NUnit.Framework.Internal.ITestExecutionContext) (at ./Library/PackageCache/com.unity.test-framework@1405238725ab/UnityEngine.TestRunner/NUnitExtensions/Commands/UnityTestMethodCommand.cs:19)
UnityEngine.TestRunner.NUnitExtensions.Runner.UnityLogCheckDelegatingCommand/<>c__DisplayClass2_0:<Execute>b__0 () (at ./Library/PackageCache/com.unity.test-framework@1405238725ab/UnityEngine.TestRunner/NUnitExtensions/Runner/UnityLogCheckDelegatingCommand.cs:24)
UnityEngine.TestRunner.NUnitExtensions.Runner.UnityLogCheckDelegatingCommand:CaptureException (NUnit.Framework.Internal.TestResult,System.Action) (at ./Library/PackageCache/com.unity.test-framework@1405238725ab/UnityEngine.TestRunner/NUnitExtensions/Runner/UnityLogCheckDelegatingCommand.cs:72)
UnityEngine.TestRunner.NUnitExtensions.Runner.UnityLogCheckDelegatingCommand:ExecuteAndCheckLog (UnityEngine.TestTools.Logging.LogScope,NUnit.Framework.Internal.TestResult,System.Action) (at ./Library/PackageCache/com.unity.test-framework@1405238725ab/UnityEngine.TestRunner/NUnitExtensions/Runner/UnityLogCheckDelegatingCommand.cs:83)
UnityEngine.TestRunner.NUnitExtensions.Runner.UnityLogCheckDelegatingCommand:Execute (NUnit.Framework.Internal.ITestExecutionContext) (at ./Library/PackageCache/com.unity.test-framework@1405238725ab/UnityEngine.TestRunner/NUnitExtensions/Runner/UnityLogCheckDelegatingCommand.cs:24)
UnityEngine.TestRunner.NUnitExtensions.Runner.UnityLogCheckDelegatingCommand/<ExecuteEnumerable>d__3:MoveNext () (at ./Library/PackageCache/com.unity.test-framework@1405238725ab/UnityEngine.TestRunner/NUnitExtensions/Runner/UnityLogCheckDelegatingCommand.cs:35)
UnityEngine.TestTools.BeforeAfterTestCommandBase`1/<ExecuteEnumerable>d__16<NUnit.Framework.ITestAction>:MoveNext () (at ./Library/PackageCache/com.unity.test-framework@1405238725ab/UnityEngine.TestRunner/NUnitExtensions/Commands/BeforeAfterTestCommandBase.cs:212)
UnityEngine.TestTools.ImmediateEnumerableCommand:Execute (NUnit.Framework.Internal.ITestExecutionContext) (at ./Library/PackageCache/com.unity.test-framework@1405238725ab/UnityEngine.TestRunner/NUnitExtensions/Commands/ImmediateEnumerableCommand.cs:18)
UnityEngine.TestTools.BeforeAfterTestCommandBase`1/<ExecuteEnumerable>d__16<System.Reflection.MethodInfo>:MoveNext () (at ./Library/PackageCache/com.unity.test-framework@1405238725ab/UnityEngine.TestRunner/NUnitExtensions/Commands/BeforeAfterTestCommandBase.cs:219)
UnityEngine.TestTools.BeforeAfterTestCommandBase`1/<ExecuteEnumerable>d__16<System.Reflection.MethodInfo>:MoveNext () (at ./Library/PackageCache/com.unity.test-framework@1405238725ab/UnityEngine.TestRunner/NUnitExtensions/Commands/BeforeAfterTestCommandBase.cs:212)
UnityEngine.TestTools.BeforeAfterTestCommandBase`1/<ExecuteEnumerable>d__16<UnityEngine.TestTools.IOuterUnityTestAction>:MoveNext () (at ./Library/PackageCache/com.unity.test-framework@1405238725ab/UnityEngine.TestRunner/NUnitExtensions/Commands/BeforeAfterTestCommandBase.cs:212)
UnityEngine.TestTools.RetryCommand/<ExecuteEnumerable>d__2:MoveNext () (at ./Library/PackageCache/com.unity.test-framework@1405238725ab/UnityEngine.TestRunner/NUnitExtensions/Commands/RetryCommand.cs:37)
UnityEngine.TestTools.RepeatCommand/<ExecuteEnumerable>d__2:MoveNext () (at ./Library/PackageCache/com.unity.test-framework@1405238725ab/UnityEngine.TestRunner/NUnitExtensions/Commands/RepeatCommand.cs:36)
UnityEngine.TestTools.IgnoreTestCommand/<ExecuteEnumerable>d__3:MoveNext () (at ./Library/PackageCache/com.unity.test-framework@1405238725ab/UnityEngine.TestRunner/NUnitExtensions/Commands/IgnoreTestCommand.cs:42)
UnityEngine.TestTools.StrictCheckCommand/<ExecuteEnumerable>d__2:MoveNext () (at ./Library/PackageCache/com.unity.test-framework@1405238725ab/UnityEngine.TestRunner/NUnitExtensions/Commands/StrictCheckCommand.cs:29)
UnityEngine.TestRunner.NUnitExtensions.Runner.DefaultTestWorkItem/<PerformWork>d__2:MoveNext () (at ./Library/PackageCache/com.unity.test-framework@1405238725ab/UnityEngine.TestRunner/NUnitExtensions/Runner/DefaultTestWorkItem.cs:50)
UnityEngine.TestRunner.NUnitExtensions.Runner.CompositeWorkItem/<RunChildren>d__17:MoveNext () (at ./Library/PackageCache/com.unity.test-framework@1405238725ab/UnityEngine.TestRunner/NUnitExtensions/Runner/CompositeWorkItem.cs:207)
UnityEngine.TestRunner.NUnitExtensions.Runner.CompositeWorkItem/<PerformWork>d__13:MoveNext () (at ./Library/PackageCache/com.unity.test-framework@1405238725ab/UnityEngine.TestRunner/NUnitExtensions/Runner/CompositeWorkItem.cs:82)
UnityEngine.TestRunner.NUnitExtensions.Runner.CompositeWorkItem/<RunChildren>d__17:MoveNext () (at ./Library/PackageCache/com.unity.test-framework@1405238725ab/UnityEngine.TestRunner/NUnitExtensions/Runner/CompositeWorkItem.cs:207)
UnityEngine.TestRunner.NUnitExtensions.Runner.CompositeWorkItem/<PerformWork>d__13:MoveNext () (at ./Library/PackageCache/com.unity.test-framework@1405238725ab/UnityEngine.TestRunner/NUnitExtensions/Runner/CompositeWorkItem.cs:82)
UnityEngine.TestRunner.NUnitExtensions.Runner.CompositeWorkItem/<RunChildren>d__17:MoveNext () (at ./Library/PackageCache/com.unity.test-framework@1405238725ab/UnityEngine.TestRunner/NUnitExtensions/Runner/CompositeWorkItem.cs:207)
UnityEngine.TestRunner.NUnitExtensions.Runner.CompositeWorkItem/<PerformWork>d__13:MoveNext () (at ./Library/PackageCache/com.unity.test-framework@1405238725ab/UnityEngine.TestRunner/NUnitExtensions/Runner/CompositeWorkItem.cs:82)
UnityEditor.TestTools.TestRunner.EditModeRunner:MoveNextAndUpdateYieldObject () (at ./Library/PackageCache/com.unity.test-framework@1405238725ab/UnityEditor.TestRunner/TestRunner/EditModeRunner.cs:166)
UnityEditor.TestTools.TestRunner.EditModeRunner:TestConsumer (UnityEditor.TestTools.TestRunner.TestRunnerStateSerializer) (at ./Library/PackageCache/com.unity.test-framework@1405238725ab/UnityEditor.TestRunner/TestRunner/EditModeRunner.cs:199)
UnityEditor.TestTools.TestRunner.TestRun.Tasks.EditModeRunTask/<Execute>d__1:MoveNext () (at ./Library/PackageCache/com.unity.test-framework@1405238725ab/UnityEditor.TestRunner/TestRun/Tasks/EditModeRunTask.cs:48)
UnityEditor.TestTools.TestRunner.TestRun.TestJobRunner:ExecuteStep () (at ./Library/PackageCache/com.unity.test-framework@1405238725ab/UnityEditor.TestRunner/TestRun/TestJobRunner.cs:194)
UnityEditor.TestTools.TestRunner.TestRun.TestJobRunner:ExecuteCallback () (at ./Library/PackageCache/com.unity.test-framework@1405238725ab/UnityEditor.TestRunner/TestRun/TestJobRunner.cs:129)
UnityEditor.EditorApplication:Internal_CallUpdateFunctions ()

[./Library/PackageCache/com.unity.test-framework@1405238725ab/UnityEditor.TestRunner/TestRunner/EditModeRunner.cs line 166]

projectile: Destroy may not be called from edit mode! Use DestroyImmediate instead.
Destroying an object in edit mode destroys it permanently
UnityEngine.Debug:ExtractStackTraceNoAlloc (byte*,int,string)
UnityEngine.StackTraceUtility:ExtractStackTrace ()
UnityEngine.Object:Destroy (UnityEngine.Object,single)
UnityEngine.Object:Destroy (UnityEngine.Object)
WeaponProjectile:Expire () (at Assets/Scripts/Combat/WeaponProjectile.cs:291)
WeaponProjectile:TryHit (UnityEngine.Collider2D) (at Assets/Scripts/Combat/WeaponProjectile.cs:251)
WeaponProjectilePierceTests:PierceLetsTheProjectileHitSeveralEnemies () (at Assets/Tests/Editor/WeaponProjectilePierceTests.cs:98)
System.Reflection.RuntimeMethodInfo:Invoke (object,System.Reflection.BindingFlags,System.Reflection.Binder,object[],System.Globalization.CultureInfo)
System.Reflection.MethodBase:Invoke (object,object[])
NUnit.Framework.Internal.Reflect:InvokeMethod (System.Reflection.MethodInfo,object,object[])
NUnit.Framework.Internal.MethodWrapper:Invoke (object,object[])
NUnit.Framework.Internal.Commands.TestMethodCommand:RunNonAsyncTestMethod (NUnit.Framework.Internal.ITestExecutionContext)
NUnit.Framework.Internal.Commands.TestMethodCommand:RunTestMethod (NUnit.Framework.Internal.ITestExecutionContext)
NUnit.Framework.Internal.Commands.TestMethodCommand:Execute (NUnit.Framework.Internal.ITestExecutionContext)
UnityEngine.TestTools.UnityTestMethodCommand:Execute (NUnit.Framework.Internal.ITestExecutionContext) (at ./Library/PackageCache/com.unity.test-framework@1405238725ab/UnityEngine.TestRunner/NUnitExtensions/Commands/UnityTestMethodCommand.cs:19)
UnityEngine.TestRunner.NUnitExtensions.Runner.UnityLogCheckDelegatingCommand/<>c__DisplayClass2_0:<Execute>b__0 () (at ./Library/PackageCache/com.unity.test-framework@1405238725ab/UnityEngine.TestRunner/NUnitExtensions/Runner/UnityLogCheckDelegatingCommand.cs:24)
UnityEngine.TestRunner.NUnitExtensions.Runner.UnityLogCheckDelegatingCommand:CaptureException (NUnit.Framework.Internal.TestResult,System.Action) (at ./Library/PackageCache/com.unity.test-framework@1405238725ab/UnityEngine.TestRunner/NUnitExtensions/Runner/UnityLogCheckDelegatingCommand.cs:72)
UnityEngine.TestRunner.NUnitExtensions.Runner.UnityLogCheckDelegatingCommand:ExecuteAndCheckLog (UnityEngine.TestTools.Logging.LogScope,NUnit.Framework.Internal.TestResult,System.Action) (at ./Library/PackageCache/com.unity.test-framework@1405238725ab/UnityEngine.TestRunner/NUnitExtensions/Runner/UnityLogCheckDelegatingCommand.cs:83)
UnityEngine.TestRunner.NUnitExtensions.Runner.UnityLogCheckDelegatingCommand:Execute (NUnit.Framework.Internal.ITestExecutionContext) (at ./Library/PackageCache/com.unity.test-framework@1405238725ab/UnityEngine.TestRunner/NUnitExtensions/Runner/UnityLogCheckDelegatingCommand.cs:24)
UnityEngine.TestRunner.NUnitExtensions.Runner.UnityLogCheckDelegatingCommand/<ExecuteEnumerable>d__3:MoveNext () (at ./Library/PackageCache/com.unity.test-framework@1405238725ab/UnityEngine.TestRunner/NUnitExtensions/Runner/UnityLogCheckDelegatingCommand.cs:35)
UnityEngine.TestTools.BeforeAfterTestCommandBase`1/<ExecuteEnumerable>d__16<NUnit.Framework.ITestAction>:MoveNext () (at ./Library/PackageCache/com.unity.test-framework@1405238725ab/UnityEngine.TestRunner/NUnitExtensions/Commands/BeforeAfterTestCommandBase.cs:212)
UnityEngine.TestTools.ImmediateEnumerableCommand:Execute (NUnit.Framework.Internal.ITestExecutionContext) (at ./Library/PackageCache/com.unity.test-framework@1405238725ab/UnityEngine.TestRunner/NUnitExtensions/Commands/ImmediateEnumerableCommand.cs:18)
UnityEngine.TestTools.BeforeAfterTestCommandBase`1/<ExecuteEnumerable>d__16<System.Reflection.MethodInfo>:MoveNext () (at ./Library/PackageCache/com.unity.test-framework@1405238725ab/UnityEngine.TestRunner/NUnitExtensions/Commands/BeforeAfterTestCommandBase.cs:219)
UnityEngine.TestTools.BeforeAfterTestCommandBase`1/<ExecuteEnumerable>d__16<System.Reflection.MethodInfo>:MoveNext () (at ./Library/PackageCache/com.unity.test-framework@1405238725ab/UnityEngine.TestRunner/NUnitExtensions/Commands/BeforeAfterTestCommandBase.cs:212)
UnityEngine.TestTools.BeforeAfterTestCommandBase`1/<ExecuteEnumerable>d__16<UnityEngine.TestTools.IOuterUnityTestAction>:MoveNext () (at ./Library/PackageCache/com.unity.test-framework@1405238725ab/UnityEngine.TestRunner/NUnitExtensions/Commands/BeforeAfterTestCommandBase.cs:212)
UnityEngine.TestTools.RetryCommand/<ExecuteEnumerable>d__2:MoveNext () (at ./Library/PackageCache/com.unity.test-framework@1405238725ab/UnityEngine.TestRunner/NUnitExtensions/Commands/RetryCommand.cs:37)
UnityEngine.TestTools.RepeatCommand/<ExecuteEnumerable>d__2:MoveNext () (at ./Library/PackageCache/com.unity.test-framework@1405238725ab/UnityEngine.TestRunner/NUnitExtensions/Commands/RepeatCommand.cs:36)
UnityEngine.TestTools.IgnoreTestCommand/<ExecuteEnumerable>d__3:MoveNext () (at ./Library/PackageCache/com.unity.test-framework@1405238725ab/UnityEngine.TestRunner/NUnitExtensions/Commands/IgnoreTestCommand.cs:42)
UnityEngine.TestTools.StrictCheckCommand/<ExecuteEnumerable>d__2:MoveNext () (at ./Library/PackageCache/com.unity.test-framework@1405238725ab/UnityEngine.TestRunner/NUnitExtensions/Commands/StrictCheckCommand.cs:29)
UnityEngine.TestRunner.NUnitExtensions.Runner.DefaultTestWorkItem/<PerformWork>d__2:MoveNext () (at ./Library/PackageCache/com.unity.test-framework@1405238725ab/UnityEngine.TestRunner/NUnitExtensions/Runner/DefaultTestWorkItem.cs:50)
UnityEngine.TestRunner.NUnitExtensions.Runner.CompositeWorkItem/<RunChildren>d__17:MoveNext () (at ./Library/PackageCache/com.unity.test-framework@1405238725ab/UnityEngine.TestRunner/NUnitExtensions/Runner/CompositeWorkItem.cs:207)
UnityEngine.TestRunner.NUnitExtensions.Runner.CompositeWorkItem/<PerformWork>d__13:MoveNext () (at ./Library/PackageCache/com.unity.test-framework@1405238725ab/UnityEngine.TestRunner/NUnitExtensions/Runner/CompositeWorkItem.cs:82)
UnityEngine.TestRunner.NUnitExtensions.Runner.CompositeWorkItem/<RunChildren>d__17:MoveNext () (at ./Library/PackageCache/com.unity.test-framework@1405238725ab/UnityEngine.TestRunner/NUnitExtensions/Runner/CompositeWorkItem.cs:207)
UnityEngine.TestRunner.NUnitExtensions.Runner.CompositeWorkItem/<PerformWork>d__13:MoveNext () (at ./Library/PackageCache/com.unity.test-framework@1405238725ab/UnityEngine.TestRunner/NUnitExtensions/Runner/CompositeWorkItem.cs:82)
UnityEngine.TestRunner.NUnitExtensions.Runner.CompositeWorkItem/<RunChildren>d__17:MoveNext () (at ./Library/PackageCache/com.unity.test-framework@1405238725ab/UnityEngine.TestRunner/NUnitExtensions/Runner/CompositeWorkItem.cs:207)
UnityEngine.TestRunner.NUnitExtensions.Runner.CompositeWorkItem/<PerformWork>d__13:MoveNext () (at ./Library/PackageCache/com.unity.test-framework@1405238725ab/UnityEngine.TestRunner/NUnitExtensions/Runner/CompositeWorkItem.cs:82)
UnityEditor.TestTools.TestRunner.EditModeRunner:MoveNextAndUpdateYieldObject () (at ./Library/PackageCache/com.unity.test-framework@1405238725ab/UnityEditor.TestRunner/TestRunner/EditModeRunner.cs:166)
UnityEditor.TestTools.TestRunner.EditModeRunner:TestConsumer (UnityEditor.TestTools.TestRunner.TestRunnerStateSerializer) (at ./Library/PackageCache/com.unity.test-framework@1405238725ab/UnityEditor.TestRunner/TestRunner/EditModeRunner.cs:199)
UnityEditor.TestTools.TestRunner.TestRun.Tasks.EditModeRunTask/<Execute>d__1:MoveNext () (at ./Library/PackageCache/com.unity.test-framework@1405238725ab/UnityEditor.TestRunner/TestRun/Tasks/EditModeRunTask.cs:48)
UnityEditor.TestTools.TestRunner.TestRun.TestJobRunner:ExecuteStep () (at ./Library/PackageCache/com.unity.test-framework@1405238725ab/UnityEditor.TestRunner/TestRun/TestJobRunner.cs:194)
UnityEditor.TestTools.TestRunner.TestRun.TestJobRunner:ExecuteCallback () (at ./Library/PackageCache/com.unity.test-framework@1405238725ab/UnityEditor.TestRunner/TestRun/TestJobRunner.cs:129)
UnityEditor.EditorApplication:Internal_CallUpdateFunctions ()

[./Library/PackageCache/com.unity.test-framework@1405238725ab/UnityEditor.TestRunner/TestRunner/EditModeRunner.cs line 166]

projectile: Destroy may not be called from edit mode! Use DestroyImmediate instead.
Destroying an object in edit mode destroys it permanently
UnityEngine.Debug:ExtractStackTraceNoAlloc (byte*,int,string)
UnityEngine.StackTraceUtility:ExtractStackTrace ()
UnityEngine.Object:Destroy (UnityEngine.Object,single)
UnityEngine.Object:Destroy (UnityEngine.Object)
WeaponProjectile:Expire () (at Assets/Scripts/Combat/WeaponProjectile.cs:291)
WeaponProjectile:TryHit (UnityEngine.Collider2D) (at Assets/Scripts/Combat/WeaponProjectile.cs:251)
WeaponProjectilePierceTests:PlainProjectileStopsAtTheFirstHit () (at Assets/Tests/Editor/WeaponProjectilePierceTests.cs:79)
System.Reflection.RuntimeMethodInfo:Invoke (object,System.Reflection.BindingFlags,System.Reflection.Binder,object[],System.Globalization.CultureInfo)
System.Reflection.MethodBase:Invoke (object,object[])
NUnit.Framework.Internal.Reflect:InvokeMethod (System.Reflection.MethodInfo,object,object[])
NUnit.Framework.Internal.MethodWrapper:Invoke (object,object[])
NUnit.Framework.Internal.Commands.TestMethodCommand:RunNonAsyncTestMethod (NUnit.Framework.Internal.ITestExecutionContext)
NUnit.Framework.Internal.Commands.TestMethodCommand:RunTestMethod (NUnit.Framework.Internal.ITestExecutionContext)
NUnit.Framework.Internal.Commands.TestMethodCommand:Execute (NUnit.Framework.Internal.ITestExecutionContext)
UnityEngine.TestTools.UnityTestMethodCommand:Execute (NUnit.Framework.Internal.ITestExecutionContext) (at ./Library/PackageCache/com.unity.test-framework@1405238725ab/UnityEngine.TestRunner/NUnitExtensions/Commands/UnityTestMethodCommand.cs:19)
UnityEngine.TestRunner.NUnitExtensions.Runner.UnityLogCheckDelegatingCommand/<>c__DisplayClass2_0:<Execute>b__0 () (at ./Library/PackageCache/com.unity.test-framework@1405238725ab/UnityEngine.TestRunner/NUnitExtensions/Runner/UnityLogCheckDelegatingCommand.cs:24)
UnityEngine.TestRunner.NUnitExtensions.Runner.UnityLogCheckDelegatingCommand:CaptureException (NUnit.Framework.Internal.TestResult,System.Action) (at ./Library/PackageCache/com.unity.test-framework@1405238725ab/UnityEngine.TestRunner/NUnitExtensions/Runner/UnityLogCheckDelegatingCommand.cs:72)
UnityEngine.TestRunner.NUnitExtensions.Runner.UnityLogCheckDelegatingCommand:ExecuteAndCheckLog (UnityEngine.TestTools.Logging.LogScope,NUnit.Framework.Internal.TestResult,System.Action) (at ./Library/PackageCache/com.unity.test-framework@1405238725ab/UnityEngine.TestRunner/NUnitExtensions/Runner/UnityLogCheckDelegatingCommand.cs:83)
UnityEngine.TestRunner.NUnitExtensions.Runner.UnityLogCheckDelegatingCommand:Execute (NUnit.Framework.Internal.ITestExecutionContext) (at ./Library/PackageCache/com.unity.test-framework@1405238725ab/UnityEngine.TestRunner/NUnitExtensions/Runner/UnityLogCheckDelegatingCommand.cs:24)
UnityEngine.TestRunner.NUnitExtensions.Runner.UnityLogCheckDelegatingCommand/<ExecuteEnumerable>d__3:MoveNext () (at ./Library/PackageCache/com.unity.test-framework@1405238725ab/UnityEngine.TestRunner/NUnitExtensions/Runner/UnityLogCheckDelegatingCommand.cs:35)
UnityEngine.TestTools.BeforeAfterTestCommandBase`1/<ExecuteEnumerable>d__16<NUnit.Framework.ITestAction>:MoveNext () (at ./Library/PackageCache/com.unity.test-framework@1405238725ab/UnityEngine.TestRunner/NUnitExtensions/Commands/BeforeAfterTestCommandBase.cs:212)
UnityEngine.TestTools.ImmediateEnumerableCommand:Execute (NUnit.Framework.Internal.ITestExecutionContext) (at ./Library/PackageCache/com.unity.test-framework@1405238725ab/UnityEngine.TestRunner/NUnitExtensions/Commands/ImmediateEnumerableCommand.cs:18)
UnityEngine.TestTools.BeforeAfterTestCommandBase`1/<ExecuteEnumerable>d__16<System.Reflection.MethodInfo>:MoveNext () (at ./Library/PackageCache/com.unity.test-framework@1405238725ab/UnityEngine.TestRunner/NUnitExtensions/Commands/BeforeAfterTestCommandBase.cs:219)
UnityEngine.TestTools.BeforeAfterTestCommandBase`1/<ExecuteEnumerable>d__16<System.Reflection.MethodInfo>:MoveNext () (at ./Library/PackageCache/com.unity.test-framework@1405238725ab/UnityEngine.TestRunner/NUnitExtensions/Commands/BeforeAfterTestCommandBase.cs:212)
UnityEngine.TestTools.BeforeAfterTestCommandBase`1/<ExecuteEnumerable>d__16<UnityEngine.TestTools.IOuterUnityTestAction>:MoveNext () (at ./Library/PackageCache/com.unity.test-framework@1405238725ab/UnityEngine.TestRunner/NUnitExtensions/Commands/BeforeAfterTestCommandBase.cs:212)
UnityEngine.TestTools.RetryCommand/<ExecuteEnumerable>d__2:MoveNext () (at ./Library/PackageCache/com.unity.test-framework@1405238725ab/UnityEngine.TestRunner/NUnitExtensions/Commands/RetryCommand.cs:37)
UnityEngine.TestTools.RepeatCommand/<ExecuteEnumerable>d__2:MoveNext () (at ./Library/PackageCache/com.unity.test-framework@1405238725ab/UnityEngine.TestRunner/NUnitExtensions/Commands/RepeatCommand.cs:36)
UnityEngine.TestTools.IgnoreTestCommand/<ExecuteEnumerable>d__3:MoveNext () (at ./Library/PackageCache/com.unity.test-framework@1405238725ab/UnityEngine.TestRunner/NUnitExtensions/Commands/IgnoreTestCommand.cs:42)
UnityEngine.TestTools.StrictCheckCommand/<ExecuteEnumerable>d__2:MoveNext () (at ./Library/PackageCache/com.unity.test-framework@1405238725ab/UnityEngine.TestRunner/NUnitExtensions/Commands/StrictCheckCommand.cs:29)
UnityEngine.TestRunner.NUnitExtensions.Runner.DefaultTestWorkItem/<PerformWork>d__2:MoveNext () (at ./Library/PackageCache/com.unity.test-framework@1405238725ab/UnityEngine.TestRunner/NUnitExtensions/Runner/DefaultTestWorkItem.cs:50)
UnityEngine.TestRunner.NUnitExtensions.Runner.CompositeWorkItem/<RunChildren>d__17:MoveNext () (at ./Library/PackageCache/com.unity.test-framework@1405238725ab/UnityEngine.TestRunner/NUnitExtensions/Runner/CompositeWorkItem.cs:207)
UnityEngine.TestRunner.NUnitExtensions.Runner.CompositeWorkItem/<PerformWork>d__13:MoveNext () (at ./Library/PackageCache/com.unity.test-framework@1405238725ab/UnityEngine.TestRunner/NUnitExtensions/Runner/CompositeWorkItem.cs:82)
UnityEngine.TestRunner.NUnitExtensions.Runner.CompositeWorkItem/<RunChildren>d__17:MoveNext () (at ./Library/PackageCache/com.unity.test-framework@1405238725ab/UnityEngine.TestRunner/NUnitExtensions/Runner/CompositeWorkItem.cs:207)
UnityEngine.TestRunner.NUnitExtensions.Runner.CompositeWorkItem/<PerformWork>d__13:MoveNext () (at ./Library/PackageCache/com.unity.test-framework@1405238725ab/UnityEngine.TestRunner/NUnitExtensions/Runner/CompositeWorkItem.cs:82)
UnityEngine.TestRunner.NUnitExtensions.Runner.CompositeWorkItem/<RunChildren>d__17:MoveNext () (at ./Library/PackageCache/com.unity.test-framework@1405238725ab/UnityEngine.TestRunner/NUnitExtensions/Runner/CompositeWorkItem.cs:207)
UnityEngine.TestRunner.NUnitExtensions.Runner.CompositeWorkItem/<PerformWork>d__13:MoveNext () (at ./Library/PackageCache/com.unity.test-framework@1405238725ab/UnityEngine.TestRunner/NUnitExtensions/Runner/CompositeWorkItem.cs:82)
UnityEditor.TestTools.TestRunner.EditModeRunner:MoveNextAndUpdateYieldObject () (at ./Library/PackageCache/com.unity.test-framework@1405238725ab/UnityEditor.TestRunner/TestRunner/EditModeRunner.cs:166)
UnityEditor.TestTools.TestRunner.EditModeRunner:TestConsumer (UnityEditor.TestTools.TestRunner.TestRunnerStateSerializer) (at ./Library/PackageCache/com.unity.test-framework@1405238725ab/UnityEditor.TestRunner/TestRunner/EditModeRunner.cs:199)
UnityEditor.TestTools.TestRunner.TestRun.Tasks.EditModeRunTask/<Execute>d__1:MoveNext () (at ./Library/PackageCache/com.unity.test-framework@1405238725ab/UnityEditor.TestRunner/TestRun/Tasks/EditModeRunTask.cs:48)
UnityEditor.TestTools.TestRunner.TestRun.TestJobRunner:ExecuteStep () (at ./Library/PackageCache/com.unity.test-framework@1405238725ab/UnityEditor.TestRunner/TestRun/TestJobRunner.cs:194)
UnityEditor.TestTools.TestRunner.TestRun.TestJobRunner:ExecuteCallback () (at ./Library/PackageCache/com.unity.test-framework@1405238725ab/UnityEditor.TestRunner/TestRun/TestJobRunner.cs:129)
UnityEditor.EditorApplication:Internal_CallUpdateFunctions ()

[./Library/PackageCache/com.unity.test-framework@1405238725ab/UnityEditor.TestRunner/TestRunner/EditModeRunner.cs line 166]

Saving results to: C:/Users/myong/AppData/LocalLow/DefaultCompany/NaManMoo\TestResults.xml
Saving results to: Artifacts/sultan-dungeon-wiring-editmode.xml
Executing IPostBuildCleanup for: Unity.PerformanceTesting.Editor.TestRunBuilder.
UnityEngine.Debug:ExtractStackTraceNoAlloc (byte*,int,string)
UnityEngine.StackTraceUtility:ExtractStackTrace ()
UnityEngine.DebugLogHandler:Internal_Log (UnityEngine.LogType,UnityEngine.LogOption,string,UnityEngine.Object)
UnityEngine.DebugLogHandler:LogFormat (UnityEngine.LogType,UnityEngine.Object,string,object[])
UnityEngine.Logger:Log (UnityEngine.LogType,object)
UnityEngine.Debug:Log (object)
UnityEditor.TestTools.TestRunner.TestRun.Tasks.BuildActionTaskBase`1/<ExecuteMethods>d__8<UnityEngine.TestTools.IPostBuildCleanup>:MoveNext () (at ./Library/PackageCache/com.unity.test-framework@1405238725ab/UnityEditor.TestRunner/TestRun/Tasks/BuildActionTaskBase.cs:48)
UnityEditor.TestTools.TestRunner.TestRun.Tasks.BuildActionTaskBase`1/<Execute>d__7<UnityEngine.TestTools.IPostBuildCleanup>:MoveNext () (at ./Library/PackageCache/com.unity.test-framework@1405238725ab/UnityEditor.TestRunner/TestRun/Tasks/BuildActionTaskBase.cs:34)
UnityEditor.TestTools.TestRunner.TestRun.TestJobRunner:ExecuteStep () (at ./Library/PackageCache/com.unity.test-framework@1405238725ab/UnityEditor.TestRunner/TestRun/TestJobRunner.cs:194)
UnityEditor.TestTools.TestRunner.TestRun.TestJobRunner:ExecuteCallback () (at ./Library/PackageCache/com.unity.test-framework@1405238725ab/UnityEditor.TestRunner/TestRun/TestJobRunner.cs:129)
UnityEditor.EditorApplication:Internal_CallUpdateFunctions ()

(Filename: ./Library/PackageCache/com.unity.test-framework@1405238725ab/UnityEditor.TestRunner/TestRun/Tasks/BuildActionTaskBase.cs Line: 48)

Unloading 2 Unused Serialized files (Serialized files now loaded: 0)
Unloading 3 unused Assets / (1.7 KB). Loaded Objects now: 8578.
Memory consumption went from 463.1 MB to 463.1 MB.
Total: 10.925600 ms (FindLiveObjects: 0.217200 ms CreateObjectMapping: 0.529600 ms MarkObjects: 10.137700 ms  DeleteObjects: 0.040300 ms)

DisplayProgressbar: Undo
Test run completed. Exiting with code 2 (Failed). One or more tests failed.
UnityEngine.Debug:ExtractStackTraceNoAlloc (byte*,int,string)
UnityEngine.StackTraceUtility:ExtractStackTrace ()
UnityEngine.DebugLogHandler:Internal_Log (UnityEngine.LogType,UnityEngine.LogOption,string,UnityEngine.Object)
UnityEngine.DebugLogHandler:LogFormat (UnityEngine.LogType,UnityEngine.Object,string,object[])
UnityEngine.Logger:Log (UnityEngine.LogType,object)
UnityEngine.Debug:Log (object)
UnityEditor.TestTools.TestRunner.CommandLineTest.Executer:ExitApplication (UnityEditor.TestTools.TestRunner.CommandLineTest.Executer/ReturnCodes,string) (at ./Library/PackageCache/com.unity.test-framework@1405238725ab/UnityEditor.TestRunner/CommandLineTest/Executer.cs:81)
UnityEditor.TestTools.TestRunner.CommandLineTest.Executer:ExitIfRunIsCompleted () (at ./Library/PackageCache/com.unity.test-framework@1405238725ab/UnityEditor.TestRunner/CommandLineTest/Executer.cs:74)
UnityEditor.EditorApplication:Internal_CallUpdateFunctions ()

(Filename: ./Library/PackageCache/com.unity.test-framework@1405238725ab/UnityEditor.TestRunner/CommandLineTest/Executer.cs Line: 81)

MonoPathRemapper: Attempts to remap: 51128; Successful remaps: 24292
Serialized file version minimum: 22, current 23
[Physics::Module] Cleanup current backend.
[Physics::Module] Id: 0xf2b8ea05
Input System module state changed to: ShutdownInProgress.
Input Polling Thread exited.
Input System module state changed to: Shutdown.
[Licensing::IpcConnector] LicenseClient-myong-6000.5.5-notifications channel disconnected successfully.
[Licensing::IpcConnector] LicenseClient-myong-6000.5.5 channel disconnected successfully.
AcceleratorClientConnectionCallback - disconnected - :0
Cleanup mono
CodeReloadManager destroyed
Checking for leaked weakptr:
  Found no leaked weakptrs.
[Package Manager] Server process was shutdown
##utp:{"type":"MemoryLeaks","version":2,"phase":"Immediate","time":1785921696003,"processId":28480,"allocatedMemory":17190741,"memoryLabels":[{"Default":207625},{"Permanent":15516},{"NewDelete":92923},{"Thread":4197560},{"Manager":34245},{"VertexData":8},{"Geometry":816},{"Texture":24},{"Shader":849989},{"Material":24},{"GfxDevice":55328},{"Animation":4680},{"FreeType":8},{"FontEngine":736},{"Physics":2146},{"Physics2D":16},{"Serialization":32024},{"Input":42840},{"JobScheduler":256},{"TextLib":280},{"Mono":48},{"MonoCode":8384},{"ScriptingNativeRuntime":1574468},{"BaseObject":1682728},{"Resource":1208},{"Renderer":3080},{"Transform":4685},{"File":21831},{"WebCam":616},{"Culling":32},{"Terrain":11442},{"Wind":24},{"STL":40},{"String":13138},{"StaticString":3808},{"Utility":2673782},{"Curl":2559},{"PoolAlloc":2264},{"AI":80},{"TypeTree":17269},{"CodeReload":448},{"RuntimeInitializeOnLoadManager":64},{"Sprites":102},{"SpriteAtlas":120},{"GI":7816},{"Director":4568},{"CloudService":288},{"WebRequest":552},{"VR":47114},{"SceneManager":608},{"Video":64},{"LazyScriptCache":32},{"Camera":17},{"Secure":2377},{"SerializationCache":1576},{"APIUpdating":10320},{"Subsystems":336},{"VirtualTexturing":57888},{"StaticSafetyDebugInfo":278528},{"Analytics":424},{"Hierarchy":1176},{"UIElements":72},{"CoreStats":13688},{"Identifiers":6768},{"Gui":128},{"EditorUtility":117420},{"VersionControl":8},{"Undo":931},{"AssetDatabase":5024786},{"AssetImporter":40},{"EditorGi":328},{"UnityConnect":38929},{"Upm":1912},{"UpmDiagnostics":8},{"AssetCompliance":64},{"DrivenProperties":72},{"LocalIPC":211},{"ProfilerEditor":9746},{"CoreBusinessMetrics":3226},{"Windowing":456},{"Licensing":664},{"AssetReference":32},{"IPCStream":32}]}
