[Licensing::Module] Trying to connect to existing licensing client channel...
Built from '6000.5/staging' branch; Version is '6000.5.5f1 (d16e074b49fd) revision 13725191'; Using compiler version '194234433'; Build Type 'Release'
OS: 'Windows 11  (10.0.26200) Professional' Language: 'ko' Physical Memory: 32372 MB
[Licensing::IpcConnector] Successfully connected to: "LicenseClient-myong" at "2026-08-07T16:56:57.6740756Z"
BatchMode: 1, IsHumanControllingUs: 0, StartBugReporterOnCrash: 0, Is64bit: 1
System  architecture: x64
Process architecture: x64
Date: 2026-08-07T16:56:57Z

COMMAND LINE ARGUMENTS:
C:\Program Files\Unity\Hub\Editor\6000.5.5f1\Editor\Unity.exe
-batchmode
-nographics
-projectPath
C:\Users\myong\NaManMoo\Namanmoo_Client
-runTests
-testPlatform
EditMode
-testFilter
WallForestDecoratorTests
-testResults
C:\Users\myong\NaManMoo\Namanmoo_Client\Artifacts\wallforest-colliders-red.xml
-logFile
C:\Users\myong\NaManMoo\Namanmoo_Client\Artifacts\wallforest-colliders-red.log
Successfully changed project path to: C:\Users\myong\NaManMoo\Namanmoo_Client
C:/Users/myong/NaManMoo/Namanmoo_client
[UnityMemory] Configuration Parameters - Can be set up in boot.config
    "memorysetup-temp-allocator-size-gi-baking-worker=262144"
    "memorysetup-temp-allocator-size-gi-baking-worker=262144"
    "memorysetup-temp-allocator-size-gi-baking-worker=262144"
    "memorysetup-temp-allocator-size-gi-baking-worker=262144"
    "memorysetup-temp-allocator-size-gi-baking-worker=262144"
    "memorysetup-temp-allocator-size-nav-mesh-worker=65536"
    "memorysetup-temp-allocator-size-audio-worker=65536"
    "memorysetup-temp-allocator-size-cloud-worker=32768"
    "memorysetup-temp-allocator-size-gfx=262144"
    "memorysetup-temp-allocator-size-preload-manager=33554432"
    "memorysetup-allocator-temp-initial-block-size-main=262144"
    "memorysetup-allocator-temp-initial-block-size-worker=262144"
    "memorysetup-temp-allocator-size-job-worker=262144"
    "memorysetup-temp-allocator-size-background-worker=32768"
    "memorysetup-bucket-allocator-granularity=16"
    "memorysetup-bucket-allocator-bucket-count=8"
    "memorysetup-bucket-allocator-block-size=33554432"
    "memorysetup-bucket-allocator-block-count=8"
    "memorysetup-main-allocator-block-size=16777216"
    "memorysetup-thread-allocator-block-size=16777216"
    "memorysetup-main-allocator-mimalloc-enabled=0"
    "memorysetup-gfx-main-allocator-block-size=16777216"
    "memorysetup-gfx-thread-allocator-block-size=16777216"
    "memorysetup-cache-allocator-block-size=4194304"
    "memorysetup-typetree-allocator-block-size=2097152"
    "memorysetup-profiler-bucket-allocator-granularity=16"
    "memorysetup-profiler-bucket-allocator-bucket-count=8"
    "memorysetup-profiler-bucket-allocator-block-size=33554432"
    "memorysetup-profiler-bucket-allocator-block-count=8"
    "memorysetup-profiler-allocator-block-size=16777216"
    "memorysetup-profiler-editor-allocator-block-size=1048576"
    "memorysetup-temp-allocator-size-main=16777216"
    "memorysetup-job-temp-allocator-block-size=2097152"
    "memorysetup-job-temp-allocator-block-size-background=1048576"
    "memorysetup-job-temp-allocator-reduction-small-platforms=262144"
Logging is directed to a specific file, skipping project log.Player connection [12200]  Target information:

Player connection [12200]  * "[IP] 172.17.112.1 [Port] 55504 [Flags] 2 [Guid] 757998895 [EditorId] 757998895 [Version] 1048832 [Id] WindowsEditor(7,명석메인PC) [Debug] 1 [PackageName] WindowsEditor [ProjectName] Editor" 

Player connection [12200]  * "[IP] 192.168.0.18 [Port] 55504 [Flags] 2 [Guid] 757998895 [EditorId] 757998895 [Version] 1048832 [Id] WindowsEditor(7,명석메인PC) [Debug] 1 [PackageName] WindowsEditor [ProjectName] Editor" 

Player connection [12200] Host joined multi-casting on [225.0.0.222:54997]...
Player connection [12200] Host joined alternative multi-casting on [225.0.0.222:34997]...
Input System module state changed to: Initialized.
[Physics::Module] Initialized fallback backend.
[Physics::Module] Id: 0xdecafbad
[Package Manager] Connected to IPC stream "Upm-21844" after 0.2 seconds.
[Licensing::Module] Licensing is not yet initialized.
[Licensing::Client] Error: HandshakeResponse reported an error:
	ResponseCode: 505
	ResponseStatus: Unsupported protocol version '1.18.1'.
[Licensing::Module] Error: Failed to handshake to channel: "LicenseClient-myong"
[Licensing::IpcConnector] LicenseClient-myong channel disconnected successfully.
[Licensing::IpcConnector] Channel LicenseClient-myong-6000.5.5 doesn't exist
[Licensing::Module] Successfully launched the LicensingClient (PId: 27004)
[Licensing::IpcConnector] Successfully connected to: "LicenseClient-myong-6000.5.5" at "2026-08-07T16:56:58.5638066Z"
[Licensing::Client] Code 10 while verifying Licensing Client signature (process Id: 27004, path: "C:/Program Files/Unity/Hub/Editor/6000.5.5f1/Editor/Data/Resources/Licensing/Client/Unity.Licensing.Client.exe")
[Licensing::Module] LicensingClient has failed validation; ignoring
[Licensing::Client] Handshaking with LicensingClient:
  Version:                 1.18.1+9fbee8e
  Session Id:              e2ecb4d9a75d4199bd71fd609917e2df
  Correlation Id:          29400f0abf60bf902b25b26691ed1143
  External correlation Id: 6060223551869071671
  Machine Id:              v+a+ouGR4+W8BTN/Qdz04mSEDRQ=
[Licensing::Module] Successfully connected to LicensingClient on channel: "LicenseClient-myong-6000.5.5" (connect: 0.24s, validation: 0.14s, handshake: 0.00s)
[Licensing::IpcConnector] Successfully connected to: "LicenseClient-myong-6000.5.5-notifications" at "2026-08-07T16:56:58.7055246Z"
[Licensing::Module] Connected to LicensingClient (PId: 27004, launch time: 0.00, total connection time: 0.39s)
[Licensing::Module] Error: Access token is unavailable; failed to update
[Licensing::Client] Successfully resolved entitlement details
[Licensing::Module] License group:
  Id: 14568940247218-UnityPersXXXX
  Product: Unity Personal
  Type: Assigned
  Expiration: Unlimited
[Licensing::Client] Successfully updated license, isAsync: True, time: 0.01
[Licensing::Module] Licensing Background thread has ended after 1.05s
[Licensing::Module] Licensing is initialized (took 0.73s).
[Licensing::Client] Successfully resolved entitlement details
Library Redirect Path: Library/
[Physics::Module] Selected backend.
[Physics::Module] Name: PhysX
[Physics::Module] Id: 0xf2b8ea05
[Physics::Module] SDK Version: 4.1.2
[Physics::Module] Integration Version: 1.0.0
[Physics::Module] Threading Mode: Multi-Threaded
Active build profile path: `Assets/Settings/Build Profiles/Windows.asset`
Artifact Garbage Collection - Removed 36 unused hashed content files
Got setting from build profile YAML, name `m_BuildTarget`, value `19`
Got setting from build profile YAML, name `m_Subtarget`, value `2`
Initialize engine version: 6000.5.5f1 (d16e074b49fd)
[Subsystems] Discovering subsystems at path C:/Program Files/Unity/Hub/Editor/6000.5.5f1/Editor/Data/Resources/UnitySubsystems
[Subsystems] Discovering subsystems at path C:/Users/myong/NaManMoo/Namanmoo_client/Assets
Forcing GfxDevice: Null
GfxDevice: creating device client; kGfxThreadingModeNonThreaded
NullGfxDevice:
    Version:  NULL 1.0 [1.0]
    Renderer: Null Device
    Vendor:   Unity Technologies
Initialize mono
Mono path[0] = 'C:/Program Files/Unity/Hub/Editor/6000.5.5f1/Editor/Data/Managed'
Mono path[1] = 'C:/Program Files/Unity/Hub/Editor/6000.5.5f1/Editor/Data/BCLExtensions/runtime/netstandard2.1'
Mono path[2] = 'C:/Program Files/Unity/Hub/Editor/6000.5.5f1/Editor/Data/MonoBleedingEdge/lib/mono/unityjit-win32'
Mono config path = 'C:/Program Files/Unity/Hub/Editor/6000.5.5f1/Editor/Data/MonoBleedingEdge/etc'
Using monoOptions --debugger-agent=transport=dt_socket,embedding=1,server=y,suspend=n,address=127.0.0.1:56844
CodeReloadManager initialized
ImportWorker Server TCP listen port: 0
AcceleratorClientConnectionCallback - disconnected - :0
Begin MonoManager ReloadAssembly
Registering precompiled unity dll's ...
Register platform support module: C:/Program Files/Unity/Hub/Editor/6000.5.5f1/Editor/Data/PlaybackEngines/WebGLSupport/UnityEditor.WebGL.Extensions.dll
Register platform support module: C:/Program Files/Unity/Hub/Editor/6000.5.5f1/Editor/Data/PlaybackEngines/WindowsStandaloneSupport/UnityEditor.WindowsStandalone.Extensions.dll
Registered in 0.001595 seconds.
Native extension for WindowsStandalone target not found
Native extension for WebGL target not found
Package Manager log level set to [2]
ScheduleIndexationOnStartup MainProcess:False IndexOnStartup:True
Mono: successfully reloaded assembly
- Finished resetting the current domain, in  0.234 seconds
Domain Reload Profiling: 585ms
	BeginReloadAssembly (96ms)
		CreateAndSetChildDomain (12ms)
	RebuildCommonClasses (4ms)
	RebuildNativeTypeToScriptingClass (11ms)
	initialDomainReloadingComplete (45ms)
	LoadAllAssembliesAndSetupDomain (193ms)
		LoadAssemblies (81ms)
		AnalyzeDomain (144ms)
			TypeCache.Refresh (142ms)
				TypeCache.ScanAssembly (133ms)
	FinalizeReload (236ms)
		SetupLoadedEditorAssemblies (0ms)
			BeforeProcessingInitializeOnLoad (53ms)
			ProcessInitializeOnLoadAttributes (60ms)
			ProcessInitializeOnLoadMethodAttributes (74ms)
[Licensing::Client] Successfully resolved entitlement details
Application.AssetDatabase Initial Refresh Start
[Package Manager] Restoring resolved packages state from cache
[Licensing::Client] Successfully resolved entitlement details
[Package Manager] Registered 69 packages:
  Packages from [https://packages.unity.com]:
    com.unity.2d.animation@15.1.0 (location: C:\Users\myong\NaManMoo\Namanmoo_client\Library\PackageCache\com.unity.2d.animation@6d5a363ae647)
    com.unity.2d.aseprite@5.0.3 (location: C:\Users\myong\NaManMoo\Namanmoo_client\Library\PackageCache\com.unity.2d.aseprite@d13865913efa)
    com.unity.2d.psdimporter@14.0.3 (location: C:\Users\myong\NaManMoo\Namanmoo_client\Library\PackageCache\com.unity.2d.psdimporter@5d82044f9e43)
    com.unity.2d.spriteshape@15.0.3 (location: C:\Users\myong\NaManMoo\Namanmoo_client\Library\PackageCache\com.unity.2d.spriteshape@fcb7ec61a58b)
    com.unity.2d.tilemap.extras@8.0.3 (location: C:\Users\myong\NaManMoo\Namanmoo_client\Library\PackageCache\com.unity.2d.tilemap.extras@a80140457adc)
    com.unity.2d.tooling@3.0.1 (location: C:\Users\myong\NaManMoo\Namanmoo_client\Library\PackageCache\com.unity.2d.tooling@6f06ffb033c0)
    com.unity.ai.assistant@2.17.0-pre.1 (location: C:\Users\myong\NaManMoo\Namanmoo_client\Library\PackageCache\com.unity.ai.assistant@284c75a8d208)
    com.unity.ai.inference@2.6.1 (location: C:\Users\myong\NaManMoo\Namanmoo_client\Library\PackageCache\com.unity.ai.inference@9a123aee5df7)
    com.unity.collab-proxy@2.13.3 (location: C:\Users\myong\NaManMoo\Namanmoo_client\Library\PackageCache\com.unity.collab-proxy@4f3be89e8675)
    com.unity.ide.rider@3.0.38 (location: C:\Users\myong\NaManMoo\Namanmoo_client\Library\PackageCache\com.unity.ide.rider@1f60b3138684)
    com.unity.ide.visualstudio@2.0.26 (location: C:\Users\myong\NaManMoo\Namanmoo_client\Library\PackageCache\com.unity.ide.visualstudio@a99d56dec63f)
    com.unity.inputsystem@1.19.0 (location: C:\Users\myong\NaManMoo\Namanmoo_client\Library\PackageCache\com.unity.inputsystem@21a28c3a6c83)
    com.unity.timeline@1.8.12 (location: C:\Users\myong\NaManMoo\Namanmoo_client\Library\PackageCache\com.unity.timeline@8cd8509afae5)
    com.unity.visualscripting@1.9.11 (location: C:\Users\myong\NaManMoo\Namanmoo_client\Library\PackageCache\com.unity.visualscripting@8bed5ad90189)
    com.unity.burst@1.8.29 (location: C:\Users\myong\NaManMoo\Namanmoo_client\Library\PackageCache\com.unity.burst@6bb9aca3ef38)
    com.unity.dt.app-ui@2.1.7 (location: C:\Users\myong\NaManMoo\Namanmoo_client\Library\PackageCache\com.unity.dt.app-ui@b097002a00c2)
    com.unity.nuget.newtonsoft-json@3.2.2 (location: C:\Users\myong\NaManMoo\Namanmoo_client\Library\PackageCache\com.unity.nuget.newtonsoft-json@4dfd81071c64)
    com.unity.nuget.mono-cecil@1.11.6 (location: C:\Users\myong\NaManMoo\Namanmoo_client\Library\PackageCache\com.unity.nuget.mono-cecil@ecb9724e46ff)
    com.unity.2d.common@14.0.1 (location: C:\Users\myong\NaManMoo\Namanmoo_client\Library\PackageCache\com.unity.2d.common@73badf92ba8b)
    com.unity.searcher@4.9.4 (location: C:\Users\myong\NaManMoo\Namanmoo_client\Library\PackageCache\com.unity.searcher@d45a78918735)
    com.unity.test-framework.performance@3.5.0 (location: C:\Users\myong\NaManMoo\Namanmoo_client\Library\PackageCache\com.unity.test-framework.performance@8b56083ec0f0)
  Built-in packages:
    com.unity.2d.sprite@1.0.0 (location: C:\Users\myong\NaManMoo\Namanmoo_client\Library\PackageCache\com.unity.2d.sprite@053a968eab56)
    com.unity.2d.tilemap@1.0.0 (location: C:\Users\myong\NaManMoo\Namanmoo_client\Library\PackageCache\com.unity.2d.tilemap@b959501fd678)
    com.unity.multiplayer.center@1.0.1 (location: C:\Users\myong\NaManMoo\Namanmoo_client\Library\PackageCache\com.unity.multiplayer.center@b860850997d0)
    com.unity.render-pipelines.universal@17.5.0 (location: C:\Users\myong\NaManMoo\Namanmoo_client\Library\PackageCache\com.unity.render-pipelines.universal@040461d037aa)
    com.unity.test-framework@1.7.0 (location: C:\Users\myong\NaManMoo\Namanmoo_client\Library\PackageCache\com.unity.test-framework@1405238725ab)
    com.unity.ugui@2.5.0 (location: C:\Users\myong\NaManMoo\Namanmoo_client\Library\PackageCache\com.unity.ugui@f2d87ebaaa32)
    com.unity.modules.accessibility@1.0.0 (location: C:\Users\myong\NaManMoo\Namanmoo_client\Library\PackageCache\com.unity.modules.accessibility)
    com.unity.modules.adaptiveperformance@1.0.0 (location: C:\Users\myong\NaManMoo\Namanmoo_client\Library\PackageCache\com.unity.modules.adaptiveperformance)
    com.unity.modules.ai@1.0.0 (location: C:\Users\myong\NaManMoo\Namanmoo_client\Library\PackageCache\com.unity.modules.ai)
    com.unity.modules.androidjni@1.0.0 (location: C:\Users\myong\NaManMoo\Namanmoo_client\Library\PackageCache\com.unity.modules.androidjni)
    com.unity.modules.animation@1.0.0 (location: C:\Users\myong\NaManMoo\Namanmoo_client\Library\PackageCache\com.unity.modules.animation)
    com.unity.modules.assetbundle@1.0.0 (location: C:\Users\myong\NaManMoo\Namanmoo_client\Library\PackageCache\com.unity.modules.assetbundle)
    com.unity.modules.audio@1.0.0 (location: C:\Users\myong\NaManMoo\Namanmoo_client\Library\PackageCache\com.unity.modules.audio)
    com.unity.modules.cloth@1.0.0 (location: C:\Users\myong\NaManMoo\Namanmoo_client\Library\PackageCache\com.unity.modules.cloth)
    com.unity.modules.director@1.0.0 (location: C:\Users\myong\NaManMoo\Namanmoo_client\Library\PackageCache\com.unity.modules.director)
    com.unity.modules.imageconversion@1.0.0 (location: C:\Users\myong\NaManMoo\Namanmoo_client\Library\PackageCache\com.unity.modules.imageconversion)
    com.unity.modules.imgui@1.0.0 (location: C:\Users\myong\NaManMoo\Namanmoo_client\Library\PackageCache\com.unity.modules.imgui)
    com.unity.modules.jsonserialize@1.0.0 (location: C:\Users\myong\NaManMoo\Namanmoo_client\Library\PackageCache\com.unity.modules.jsonserialize)
    com.unity.modules.particlesystem@1.0.0 (location: C:\Users\myong\NaManMoo\Namanmoo_client\Library\PackageCache\com.unity.modules.particlesystem)
    com.unity.modules.physics@1.0.0 (location: C:\Users\myong\NaManMoo\Namanmoo_client\Library\PackageCache\com.unity.modules.physics)
    com.unity.modules.physics2d@1.0.0 (location: C:\Users\myong\NaManMoo\Namanmoo_client\Library\PackageCache\com.unity.modules.physics2d)
    com.unity.modules.physicscore2d@1.0.0 (location: C:\Users\myong\NaManMoo\Namanmoo_client\Library\PackageCache\com.unity.modules.physicscore2d)
    com.unity.modules.screencapture@1.0.0 (location: C:\Users\myong\NaManMoo\Namanmoo_client\Library\PackageCache\com.unity.modules.screencapture)
    com.unity.modules.terrain@1.0.0 (location: C:\Users\myong\NaManMoo\Namanmoo_client\Library\PackageCache\com.unity.modules.terrain)
    com.unity.modules.terrainphysics@1.0.0 (location: C:\Users\myong\NaManMoo\Namanmoo_client\Library\PackageCache\com.unity.modules.terrainphysics)
    com.unity.modules.tilemap@1.0.0 (location: C:\Users\myong\NaManMoo\Namanmoo_client\Library\PackageCache\com.unity.modules.tilemap)
    com.unity.modules.ui@1.0.0 (location: C:\Users\myong\NaManMoo\Namanmoo_client\Library\PackageCache\com.unity.modules.ui)
    com.unity.modules.uielements@1.0.0 (location: C:\Users\myong\NaManMoo\Namanmoo_client\Library\PackageCache\com.unity.modules.uielements)
    com.unity.modules.umbra@1.0.0 (location: C:\Users\myong\NaManMoo\Namanmoo_client\Library\PackageCache\com.unity.modules.umbra)
    com.unity.modules.unityanalytics@1.0.0 (location: C:\Users\myong\NaManMoo\Namanmoo_client\Library\PackageCache\com.unity.modules.unityanalytics)
    com.unity.modules.unitywebrequest@1.0.0 (location: C:\Users\myong\NaManMoo\Namanmoo_client\Library\PackageCache\com.unity.modules.unitywebrequest)
    com.unity.modules.unitywebrequestassetbundle@1.0.0 (location: C:\Users\myong\NaManMoo\Namanmoo_client\Library\PackageCache\com.unity.modules.unitywebrequestassetbundle)
    com.unity.modules.unitywebrequestaudio@1.0.0 (location: C:\Users\myong\NaManMoo\Namanmoo_client\Library\PackageCache\com.unity.modules.unitywebrequestaudio)
    com.unity.modules.unitywebrequesttexture@1.0.0 (location: C:\Users\myong\NaManMoo\Namanmoo_client\Library\PackageCache\com.unity.modules.unitywebrequesttexture)
    com.unity.modules.unitywebrequestwww@1.0.0 (location: C:\Users\myong\NaManMoo\Namanmoo_client\Library\PackageCache\com.unity.modules.unitywebrequestwww)
    com.unity.modules.vectorgraphics@1.0.0 (location: C:\Users\myong\NaManMoo\Namanmoo_client\Library\PackageCache\com.unity.modules.vectorgraphics)
    com.unity.modules.vehicles@1.0.0 (location: C:\Users\myong\NaManMoo\Namanmoo_client\Library\PackageCache\com.unity.modules.vehicles)
    com.unity.modules.video@1.0.0 (location: C:\Users\myong\NaManMoo\Namanmoo_client\Library\PackageCache\com.unity.modules.video)
    com.unity.modules.wind@1.0.0 (location: C:\Users\myong\NaManMoo\Namanmoo_client\Library\PackageCache\com.unity.modules.wind)
    com.unity.modules.xr@1.0.0 (location: C:\Users\myong\NaManMoo\Namanmoo_client\Library\PackageCache\com.unity.modules.xr)
    com.unity.modules.subsystems@1.0.0 (location: C:\Users\myong\NaManMoo\Namanmoo_client\Library\PackageCache\com.unity.modules.subsystems)
    com.unity.modules.hierarchycore@1.0.0 (location: C:\Users\myong\NaManMoo\Namanmoo_client\Library\PackageCache\com.unity.modules.hierarchycore)
    com.unity.ext.nunit@2.1.0 (location: C:\Users\myong\NaManMoo\Namanmoo_client\Library\PackageCache\com.unity.ext.nunit@44f7d31723bd)
    com.unity.render-pipelines.core@17.5.0 (location: C:\Users\myong\NaManMoo\Namanmoo_client\Library\PackageCache\com.unity.render-pipelines.core@b19a46951e65)
    com.unity.shadergraph@17.5.0 (location: C:\Users\myong\NaManMoo\Namanmoo_client\Library\PackageCache\com.unity.shadergraph@8d7376ec43ee)
    com.unity.render-pipelines.universal-config@17.5.0 (location: C:\Users\myong\NaManMoo\Namanmoo_client\Library\PackageCache\com.unity.render-pipelines.universal-config@fdda01c80fe3)
    com.unity.collections@6.5.0 (location: C:\Users\myong\NaManMoo\Namanmoo_client\Library\PackageCache\com.unity.collections@a43cabe808ca)
    com.unity.mathematics@1.4.0 (location: C:\Users\myong\NaManMoo\Namanmoo_client\Library\PackageCache\com.unity.mathematics@981956d94fb6)
[Subsystems] No new subsystems found in resolved package list.
[Package Manager] Done registering packages in 0.01 seconds
[ScriptCompilation] Requested script compilation because: AssetDatabase observed changes in script compilation related files
Refreshing native plugins compatible for Editor in 2.66 ms, found 6 plugins.
Starting: C:\Program Files\Unity\Hub\Editor\6000.5.5f1\Editor\Data\Tools\BuildPipeline\bee_backend.exe --ipc --defer-dag-verification --dagfile="Library/Bee/1900b0aE.dag" --continue-on-failure --profile="Library/Bee/backend1.traceevents" ScriptAssemblies
WorkingDir: C:/Users/myong/NaManMoo/Namanmoo_client
DisplayProgressbar: Compiling Scripts
ExitCode: 4 Duration: 1s450ms
Rebuilding DAG because FileSignature timestamp changed: Library/Bee/1900b0aE-inputdata.json
[1300/1725  0s] ILPP-Configuration Library/ilpp-configuration.nevergeneratedoutput
[1301/1725  1s] Csc Library/Bee/artifacts/1900b0aE.dag/NaManMoo.EditorTests.dll (+2 others)
Assets\Tests\Editor\EffectActionsTests.cs(19,42): warning CS0618: 'FindObjectsSortMode' is obsolete: 'FindObjectsSortMode has been deprecated. Use the FindObjectsByType overloads that do not take a FindObjectsSortMode parameter.'

Assets\Tests\Editor\EffectActionsTests.cs(18,42): warning CS0618: 'Object.FindObjectsByType<T>(FindObjectsInactive, FindObjectsSortMode)' is obsolete: 'FindObjectsByType with FindObjectsSortMode parameter has been deprecated. Use FindObjectsByType<T>() or FindObjectsByType<T>(FindObjectsInactive) instead. InstanceID will be replaced in the future with EntityId and previous sort order cannot be maintained.'

Assets\Tests\Editor\ApproachAndShootEnemyControllerTests.cs(40,59): warning CS0618: 'FindObjectsSortMode' is obsolete: 'FindObjectsSortMode has been deprecated. Use the FindObjectsByType overloads that do not take a FindObjectsSortMode parameter.'

Assets\Tests\Editor\ApproachAndShootEnemyControllerTests.cs(40,17): warning CS0618: 'Object.FindObjectsByType<T>(FindObjectsSortMode)' is obsolete: 'FindObjectsByType with FindObjectsSortMode parameter has been deprecated. Use FindObjectsByType<T>() or FindObjectsByType<T>(FindObjectsInactive) instead. InstanceID will be replaced in the future with EntityId and previous sort order cannot be maintained.'

Assets\Tests\Editor\ApproachAndShootEnemyControllerTests.cs(57,59): warning CS0618: 'FindObjectsSortMode' is obsolete: 'FindObjectsSortMode has been deprecated. Use the FindObjectsByType overloads that do not take a FindObjectsSortMode parameter.'

Assets\Tests\Editor\ApproachAndShootEnemyControllerTests.cs(57,17): warning CS0618: 'Object.FindObjectsByType<T>(FindObjectsSortMode)' is obsolete: 'FindObjectsByType with FindObjectsSortMode parameter has been deprecated. Use FindObjectsByType<T>() or FindObjectsByType<T>(FindObjectsInactive) instead. InstanceID will be replaced in the future with EntityId and previous sort order cannot be maintained.'

Assets\Tests\Editor\ApproachAndShootEnemyControllerTests.cs(82,59): warning CS0618: 'FindObjectsSortMode' is obsolete: 'FindObjectsSortMode has been deprecated. Use the FindObjectsByType overloads that do not take a FindObjectsSortMode parameter.'

Assets\Tests\Editor\ApproachAndShootEnemyControllerTests.cs(82,17): warning CS0618: 'Object.FindObjectsByType<T>(FindObjectsSortMode)' is obsolete: 'FindObjectsByType with FindObjectsSortMode parameter has been deprecated. Use FindObjectsByType<T>() or FindObjectsByType<T>(FindObjectsInactive) instead. InstanceID will be replaced in the future with EntityId and previous sort order cannot be maintained.'

Assets\Tests\Editor\ApproachAndShootEnemyControllerTests.cs(98,67): warning CS0618: 'FindObjectsSortMode' is obsolete: 'FindObjectsSortMode has been deprecated. Use the FindObjectsByType overloads that do not take a FindObjectsSortMode parameter.'

Assets\Tests\Editor\ApproachAndShootEnemyControllerTests.cs(98,25): warning CS0618: 'Object.FindObjectsByType<T>(FindObjectsSortMode)' is obsolete: 'FindObjectsByType with FindObjectsSortMode parameter has been deprecated. Use FindObjectsByType<T>() or FindObjectsByType<T>(FindObjectsInactive) instead. InstanceID will be replaced in the future with EntityId and previous sort order cannot be maintained.'

Assets\Tests\Editor\EffectRunnerTests.cs(40,42): warning CS0618: 'FindObjectsSortMode' is obsolete: 'FindObjectsSortMode has been deprecated. Use the FindObjectsByType overloads that do not take a FindObjectsSortMode parameter.'

Assets\Tests\Editor\EffectRunnerTests.cs(39,42): warning CS0618: 'Object.FindObjectsByType<T>(FindObjectsInactive, FindObjectsSortMode)' is obsolete: 'FindObjectsByType with FindObjectsSortMode parameter has been deprecated. Use FindObjectsByType<T>() or FindObjectsByType<T>(FindObjectsInactive) instead. InstanceID will be replaced in the future with EntityId and previous sort order cannot be maintained.'

Assets\Tests\Editor\MeleeStrikeTests.cs(24,42): warning CS0618: 'FindObjectsSortMode' is obsolete: 'FindObjectsSortMode has been deprecated. Use the FindObjectsByType overloads that do not take a FindObjectsSortMode parameter.'

Assets\Tests\Editor\MeleeStrikeTests.cs(23,42): warning CS0618: 'Object.FindObjectsByType<T>(FindObjectsInactive, FindObjectsSortMode)' is obsolete: 'FindObjectsByType with FindObjectsSortMode parameter has been deprecated. Use FindObjectsByType<T>() or FindObjectsByType<T>(FindObjectsInactive) instead. InstanceID will be replaced in the future with EntityId and previous sort order cannot be maintained.'

Assets\Tests\Editor\SampleStageSceneTests.cs(26,25): warning CS0618: 'Object.FindFirstObjectByType<T>()' is obsolete: 'FindFirstObjectByType has been deprecated because it relies on instance ID ordering. Use FindAnyObjectByType instead, which does not depend on ordering.'

Assets\Tests\Editor\SampleStageSceneTests.cs(36,29): warning CS0618: 'Object.FindFirstObjectByType<T>()' is obsolete: 'FindFirstObjectByType has been deprecated because it relies on instance ID ordering. Use FindAnyObjectByType instead, which does not depend on ordering.'

Assets\Tests\Editor\SampleStageSceneTests.cs(57,39): warning CS0618: 'Object.FindFirstObjectByType<T>()' is obsolete: 'FindFirstObjectByType has been deprecated because it relies on instance ID ordering. Use FindAnyObjectByType instead, which does not depend on ordering.'

Assets\Tests\Editor\Stage1BossEncounterIntegrationTests.cs(25,13): warning CS0618: 'Object.FindFirstObjectByType<T>()' is obsolete: 'FindFirstObjectByType has been deprecated because it relies on instance ID ordering. Use FindAnyObjectByType instead, which does not depend on ordering.'

Assets\Tests\Editor\Stage1BossEncounterIntegrationTests.cs(34,21): warning CS0618: 'Object.FindFirstObjectByType<T>()' is obsolete: 'FindFirstObjectByType has been deprecated because it relies on instance ID ordering. Use FindAnyObjectByType instead, which does not depend on ordering.'

Assets\Tests\Editor\StationaryFourWayShooterControllerTests.cs(15,55): warning CS0618: 'FindObjectsSortMode' is obsolete: 'FindObjectsSortMode has been deprecated. Use the FindObjectsByType overloads that do not take a FindObjectsSortMode parameter.'

Assets\Tests\Editor\StationaryFourWayShooterControllerTests.cs(15,13): warning CS0618: 'Object.FindObjectsByType<T>(FindObjectsSortMode)' is obsolete: 'FindObjectsByType with FindObjectsSortMode parameter has been deprecated. Use FindObjectsByType<T>() or FindObjectsByType<T>(FindObjectsInactive) instead. InstanceID will be replaced in the future with EntityId and previous sort order cannot be maintained.'

Assets\Tests\Editor\StationaryFourWayShooterControllerTests.cs(43,55): warning CS0618: 'FindObjectsSortMode' is obsolete: 'FindObjectsSortMode has been deprecated. Use the FindObjectsByType overloads that do not take a FindObjectsSortMode parameter.'

Assets\Tests\Editor\StationaryFourWayShooterControllerTests.cs(43,13): warning CS0618: 'Object.FindObjectsByType<T>(FindObjectsSortMode)' is obsolete: 'FindObjectsByType with FindObjectsSortMode parameter has been deprecated. Use FindObjectsByType<T>() or FindObjectsByType<T>(FindObjectsInactive) instead. InstanceID will be replaced in the future with EntityId and previous sort order cannot be maintained.'

Assets\Tests\Editor\StationaryFourWayShooterControllerTests.cs(48,55): warning CS0618: 'FindObjectsSortMode' is obsolete: 'FindObjectsSortMode has been deprecated. Use the FindObjectsByType overloads that do not take a FindObjectsSortMode parameter.'

Assets\Tests\Editor\StationaryFourWayShooterControllerTests.cs(48,13): warning CS0618: 'Object.FindObjectsByType<T>(FindObjectsSortMode)' is obsolete: 'FindObjectsByType with FindObjectsSortMode parameter has been deprecated. Use FindObjectsByType<T>() or FindObjectsByType<T>(FindObjectsInactive) instead. InstanceID will be replaced in the future with EntityId and previous sort order cannot be maintained.'

Assets\Tests\Editor\WeaponProjectilePierceTests.cs(32,42): warning CS0618: 'FindObjectsSortMode' is obsolete: 'FindObjectsSortMode has been deprecated. Use the FindObjectsByType overloads that do not take a FindObjectsSortMode parameter.'

Assets\Tests\Editor\WeaponProjectilePierceTests.cs(31,47): warning CS0618: 'Object.FindObjectsByType<T>(FindObjectsInactive, FindObjectsSortMode)' is obsolete: 'FindObjectsByType with FindObjectsSortMode parameter has been deprecated. Use FindObjectsByType<T>() or FindObjectsByType<T>(FindObjectsInactive) instead. InstanceID will be replaced in the future with EntityId and previous sort order cannot be maintained.'

Assets\Tests\Editor\WeaponProjectilePierceTests.cs(38,42): warning CS0618: 'FindObjectsSortMode' is obsolete: 'FindObjectsSortMode has been deprecated. Use the FindObjectsByType overloads that do not take a FindObjectsSortMode parameter.'

Assets\Tests\Editor\WeaponProjectilePierceTests.cs(37,42): warning CS0618: 'Object.FindObjectsByType<T>(FindObjectsInactive, FindObjectsSortMode)' is obsolete: 'FindObjectsByType with FindObjectsSortMode parameter has been deprecated. Use FindObjectsByType<T>() or FindObjectsByType<T>(FindObjectsInactive) instead. InstanceID will be replaced in the future with EntityId and previous sort order cannot be maintained.'

Assets\Tests\Editor\TitleSceneBuilderTests.cs(29,25): warning CS0618: 'Object.FindFirstObjectByType<T>()' is obsolete: 'FindFirstObjectByType has been deprecated because it relies on instance ID ordering. Use FindAnyObjectByType instead, which does not depend on ordering.'

Assets\Tests\Editor\TitleSceneBuilderTests.cs(49,35): warning CS0618: 'Object.FindFirstObjectByType<T>()' is obsolete: 'FindFirstObjectByType has been deprecated because it relies on instance ID ordering. Use FindAnyObjectByType instead, which does not depend on ordering.'

Assets\Tests\Editor\Stage1MushroomEncounterIntegrationTests.cs(30,13): warning CS0618: 'FindObjectsSortMode' is obsolete: 'FindObjectsSortMode has been deprecated. Use the FindObjectsByType overloads that do not take a FindObjectsSortMode parameter.'

Assets\Tests\Editor\Stage1MushroomEncounterIntegrationTests.cs(28,51): warning CS0618: 'Object.FindObjectsByType<T>(FindObjectsInactive, FindObjectsSortMode)' is obsolete: 'FindObjectsByType with FindObjectsSortMode parameter has been deprecated. Use FindObjectsByType<T>() or FindObjectsByType<T>(FindObjectsInactive) instead. InstanceID will be replaced in the future with EntityId and previous sort order cannot be maintained.'

Assets\Tests\Editor\Stage1MushroomEncounterIntegrationTests.cs(64,36): warning CS0618: 'Object.FindFirstObjectByType<T>()' is obsolete: 'FindFirstObjectByType has been deprecated because it relies on instance ID ordering. Use FindAnyObjectByType instead, which does not depend on ordering.'
*** Tundra requires additional run (1.43 seconds), 2 items updated, 1299 evaluated
Starting: C:\Program Files\Unity\Hub\Editor\6000.5.5f1\Editor\Data\netcorerun\netcorerun.exe "C:\Program Files\Unity\Hub\Editor\6000.5.5f1\Editor\Data\Tools\BuildPipeline\ScriptCompilationBuildProgram.exe" "Library/Bee/1900b0aE.dag.json" "Library/Bee/1900b0aE-inputdata.json" "Library\Bee\buildprogram0.traceevents"
WorkingDir: C:/Users/myong/NaManMoo/Namanmoo_client
ExitCode: 0 Duration: 1s233ms
Starting: C:\Program Files\Unity\Hub\Editor\6000.5.5f1\Editor\Data\Tools\BuildPipeline\bee_backend.exe --ipc --defer-dag-verification --dagfile="Library/Bee/1900b0aE.dag" --continue-on-failure --dagfilejson="Library\Bee\1900b0aE.dag.json" --profile="Library/Bee/backend2.traceevents" ScriptAssemblies
WorkingDir: C:/Users/myong/NaManMoo/Namanmoo_client
ExitCode: 0 Duration: 0s666ms
Finished compiling graph: 1729 nodes, 37041 flattened edges (30587 ToBuild, 294 ToUse), maximum node priority 2034
[1301/1725  0s] ILPP-Configuration Library/ilpp-configuration.nevergeneratedoutput
[1722/1725  0s] ILPostProcess Library/Bee/artifacts/1900b0aE.dag/post-processed/NaManMoo.EditorTests.dll (+pdb)
Processing assembly Library/Bee/artifacts/1900b0aE.dag/NaManMoo.EditorTests.dll, with 142 defines and 295 references

processors: Unity.Jobs.CodeGen.JobsILPostProcessor, zzzUnity.Burst.CodeGen.BurstILPostProcessor

running Unity.Jobs.CodeGen.JobsILPostProcessor

running zzzUnity.Burst.CodeGen.BurstILPostProcessor
[1723/1725  0s] CopyFiles Library/ScriptAssemblies/NaManMoo.EditorTests.pdb
[1724/1725  0s] CopyFiles Library/ScriptAssemblies/NaManMoo.EditorTests.dll
*** Tundra build success (0.65 seconds), 4 items updated, 1725 evaluated
Assets\Tests\Editor\EffectActionsTests.cs(19,42): warning CS0618: 'FindObjectsSortMode' is obsolete: 'FindObjectsSortMode has been deprecated. Use the FindObjectsByType overloads that do not take a FindObjectsSortMode parameter.'
Assets\Tests\Editor\EffectActionsTests.cs(18,42): warning CS0618: 'Object.FindObjectsByType<T>(FindObjectsInactive, FindObjectsSortMode)' is obsolete: 'FindObjectsByType with FindObjectsSortMode parameter has been deprecated. Use FindObjectsByType<T>() or FindObjectsByType<T>(FindObjectsInactive) instead. InstanceID will be replaced in the future with EntityId and previous sort order cannot be maintained.'
Assets\Tests\Editor\ApproachAndShootEnemyControllerTests.cs(40,59): warning CS0618: 'FindObjectsSortMode' is obsolete: 'FindObjectsSortMode has been deprecated. Use the FindObjectsByType overloads that do not take a FindObjectsSortMode parameter.'
Assets\Tests\Editor\ApproachAndShootEnemyControllerTests.cs(40,17): warning CS0618: 'Object.FindObjectsByType<T>(FindObjectsSortMode)' is obsolete: 'FindObjectsByType with FindObjectsSortMode parameter has been deprecated. Use FindObjectsByType<T>() or FindObjectsByType<T>(FindObjectsInactive) instead. InstanceID will be replaced in the future with EntityId and previous sort order cannot be maintained.'
Assets\Tests\Editor\ApproachAndShootEnemyControllerTests.cs(57,59): warning CS0618: 'FindObjectsSortMode' is obsolete: 'FindObjectsSortMode has been deprecated. Use the FindObjectsByType overloads that do not take a FindObjectsSortMode parameter.'
Assets\Tests\Editor\ApproachAndShootEnemyControllerTests.cs(57,17): warning CS0618: 'Object.FindObjectsByType<T>(FindObjectsSortMode)' is obsolete: 'FindObjectsByType with FindObjectsSortMode parameter has been deprecated. Use FindObjectsByType<T>() or FindObjectsByType<T>(FindObjectsInactive) instead. InstanceID will be replaced in the future with EntityId and previous sort order cannot be maintained.'
Assets\Tests\Editor\ApproachAndShootEnemyControllerTests.cs(82,59): warning CS0618: 'FindObjectsSortMode' is obsolete: 'FindObjectsSortMode has been deprecated. Use the FindObjectsByType overloads that do not take a FindObjectsSortMode parameter.'
Assets\Tests\Editor\ApproachAndShootEnemyControllerTests.cs(82,17): warning CS0618: 'Object.FindObjectsByType<T>(FindObjectsSortMode)' is obsolete: 'FindObjectsByType with FindObjectsSortMode parameter has been deprecated. Use FindObjectsByType<T>() or FindObjectsByType<T>(FindObjectsInactive) instead. InstanceID will be replaced in the future with EntityId and previous sort order cannot be maintained.'
Assets\Tests\Editor\ApproachAndShootEnemyControllerTests.cs(98,67): warning CS0618: 'FindObjectsSortMode' is obsolete: 'FindObjectsSortMode has been deprecated. Use the FindObjectsByType overloads that do not take a FindObjectsSortMode parameter.'
Assets\Tests\Editor\ApproachAndShootEnemyControllerTests.cs(98,25): warning CS0618: 'Object.FindObjectsByType<T>(FindObjectsSortMode)' is obsolete: 'FindObjectsByType with FindObjectsSortMode parameter has been deprecated. Use FindObjectsByType<T>() or FindObjectsByType<T>(FindObjectsInactive) instead. InstanceID will be replaced in the future with EntityId and previous sort order cannot be maintained.'
Assets\Tests\Editor\EffectRunnerTests.cs(40,42): warning CS0618: 'FindObjectsSortMode' is obsolete: 'FindObjectsSortMode has been deprecated. Use the FindObjectsByType overloads that do not take a FindObjectsSortMode parameter.'
Assets\Tests\Editor\EffectRunnerTests.cs(39,42): warning CS0618: 'Object.FindObjectsByType<T>(FindObjectsInactive, FindObjectsSortMode)' is obsolete: 'FindObjectsByType with FindObjectsSortMode parameter has been deprecated. Use FindObjectsByType<T>() or FindObjectsByType<T>(FindObjectsInactive) instead. InstanceID will be replaced in the future with EntityId and previous sort order cannot be maintained.'
Assets\Tests\Editor\MeleeStrikeTests.cs(24,42): warning CS0618: 'FindObjectsSortMode' is obsolete: 'FindObjectsSortMode has been deprecated. Use the FindObjectsByType overloads that do not take a FindObjectsSortMode parameter.'
Assets\Tests\Editor\MeleeStrikeTests.cs(23,42): warning CS0618: 'Object.FindObjectsByType<T>(FindObjectsInactive, FindObjectsSortMode)' is obsolete: 'FindObjectsByType with FindObjectsSortMode parameter has been deprecated. Use FindObjectsByType<T>() or FindObjectsByType<T>(FindObjectsInactive) instead. InstanceID will be replaced in the future with EntityId and previous sort order cannot be maintained.'
Assets\Tests\Editor\SampleStageSceneTests.cs(26,25): warning CS0618: 'Object.FindFirstObjectByType<T>()' is obsolete: 'FindFirstObjectByType has been deprecated because it relies on instance ID ordering. Use FindAnyObjectByType instead, which does not depend on ordering.'
Assets\Tests\Editor\SampleStageSceneTests.cs(36,29): warning CS0618: 'Object.FindFirstObjectByType<T>()' is obsolete: 'FindFirstObjectByType has been deprecated because it relies on instance ID ordering. Use FindAnyObjectByType instead, which does not depend on ordering.'
Assets\Tests\Editor\SampleStageSceneTests.cs(57,39): warning CS0618: 'Object.FindFirstObjectByType<T>()' is obsolete: 'FindFirstObjectByType has been deprecated because it relies on instance ID ordering. Use FindAnyObjectByType instead, which does not depend on ordering.'
Assets\Tests\Editor\Stage1BossEncounterIntegrationTests.cs(25,13): warning CS0618: 'Object.FindFirstObjectByType<T>()' is obsolete: 'FindFirstObjectByType has been deprecated because it relies on instance ID ordering. Use FindAnyObjectByType instead, which does not depend on ordering.'
Assets\Tests\Editor\Stage1BossEncounterIntegrationTests.cs(34,21): warning CS0618: 'Object.FindFirstObjectByType<T>()' is obsolete: 'FindFirstObjectByType has been deprecated because it relies on instance ID ordering. Use FindAnyObjectByType instead, which does not depend on ordering.'
Assets\Tests\Editor\StationaryFourWayShooterControllerTests.cs(15,55): warning CS0618: 'FindObjectsSortMode' is obsolete: 'FindObjectsSortMode has been deprecated. Use the FindObjectsByType overloads that do not take a FindObjectsSortMode parameter.'
Assets\Tests\Editor\StationaryFourWayShooterControllerTests.cs(15,13): warning CS0618: 'Object.FindObjectsByType<T>(FindObjectsSortMode)' is obsolete: 'FindObjectsByType with FindObjectsSortMode parameter has been deprecated. Use FindObjectsByType<T>() or FindObjectsByType<T>(FindObjectsInactive) instead. InstanceID will be replaced in the future with EntityId and previous sort order cannot be maintained.'
Assets\Tests\Editor\StationaryFourWayShooterControllerTests.cs(43,55): warning CS0618: 'FindObjectsSortMode' is obsolete: 'FindObjectsSortMode has been deprecated. Use the FindObjectsByType overloads that do not take a FindObjectsSortMode parameter.'
Assets\Tests\Editor\StationaryFourWayShooterControllerTests.cs(43,13): warning CS0618: 'Object.FindObjectsByType<T>(FindObjectsSortMode)' is obsolete: 'FindObjectsByType with FindObjectsSortMode parameter has been deprecated. Use FindObjectsByType<T>() or FindObjectsByType<T>(FindObjectsInactive) instead. InstanceID will be replaced in the future with EntityId and previous sort order cannot be maintained.'
Assets\Tests\Editor\StationaryFourWayShooterControllerTests.cs(48,55): warning CS0618: 'FindObjectsSortMode' is obsolete: 'FindObjectsSortMode has been deprecated. Use the FindObjectsByType overloads that do not take a FindObjectsSortMode parameter.'
Assets\Tests\Editor\StationaryFourWayShooterControllerTests.cs(48,13): warning CS0618: 'Object.FindObjectsByType<T>(FindObjectsSortMode)' is obsolete: 'FindObjectsByType with FindObjectsSortMode parameter has been deprecated. Use FindObjectsByType<T>() or FindObjectsByType<T>(FindObjectsInactive) instead. InstanceID will be replaced in the future with EntityId and previous sort order cannot be maintained.'
Assets\Tests\Editor\WeaponProjectilePierceTests.cs(32,42): warning CS0618: 'FindObjectsSortMode' is obsolete: 'FindObjectsSortMode has been deprecated. Use the FindObjectsByType overloads that do not take a FindObjectsSortMode parameter.'
Assets\Tests\Editor\WeaponProjectilePierceTests.cs(31,47): warning CS0618: 'Object.FindObjectsByType<T>(FindObjectsInactive, FindObjectsSortMode)' is obsolete: 'FindObjectsByType with FindObjectsSortMode parameter has been deprecated. Use FindObjectsByType<T>() or FindObjectsByType<T>(FindObjectsInactive) instead. InstanceID will be replaced in the future with EntityId and previous sort order cannot be maintained.'
Assets\Tests\Editor\WeaponProjectilePierceTests.cs(38,42): warning CS0618: 'FindObjectsSortMode' is obsolete: 'FindObjectsSortMode has been deprecated. Use the FindObjectsByType overloads that do not take a FindObjectsSortMode parameter.'
Assets\Tests\Editor\WeaponProjectilePierceTests.cs(37,42): warning CS0618: 'Object.FindObjectsByType<T>(FindObjectsInactive, FindObjectsSortMode)' is obsolete: 'FindObjectsByType with FindObjectsSortMode parameter has been deprecated. Use FindObjectsByType<T>() or FindObjectsByType<T>(FindObjectsInactive) instead. InstanceID will be replaced in the future with EntityId and previous sort order cannot be maintained.'
Assets\Tests\Editor\TitleSceneBuilderTests.cs(29,25): warning CS0618: 'Object.FindFirstObjectByType<T>()' is obsolete: 'FindFirstObjectByType has been deprecated because it relies on instance ID ordering. Use FindAnyObjectByType instead, which does not depend on ordering.'
Assets\Tests\Editor\TitleSceneBuilderTests.cs(49,35): warning CS0618: 'Object.FindFirstObjectByType<T>()' is obsolete: 'FindFirstObjectByType has been deprecated because it relies on instance ID ordering. Use FindAnyObjectByType instead, which does not depend on ordering.'
Assets\Tests\Editor\Stage1MushroomEncounterIntegrationTests.cs(30,13): warning CS0618: 'FindObjectsSortMode' is obsolete: 'FindObjectsSortMode has been deprecated. Use the FindObjectsByType overloads that do not take a FindObjectsSortMode parameter.'
Assets\Tests\Editor\Stage1MushroomEncounterIntegrationTests.cs(28,51): warning CS0618: 'Object.FindObjectsByType<T>(FindObjectsInactive, FindObjectsSortMode)' is obsolete: 'FindObjectsByType with FindObjectsSortMode parameter has been deprecated. Use FindObjectsByType<T>() or FindObjectsByType<T>(FindObjectsInactive) instead. InstanceID will be replaced in the future with EntityId and previous sort order cannot be maintained.'
Assets\Tests\Editor\Stage1MushroomEncounterIntegrationTests.cs(64,36): warning CS0618: 'Object.FindFirstObjectByType<T>()' is obsolete: 'FindFirstObjectByType has been deprecated because it relies on instance ID ordering. Use FindAnyObjectByType instead, which does not depend on ordering.'
AssetDatabase: script compilation time: 3.794516s
Total cache size 268384604
Total cache size after purge 268384604, took 00:00:00.1689285
Begin MonoManager ReloadAssembly
Refreshing native plugins compatible for Editor in 2.77 ms, found 6 plugins.
Native extension for WindowsStandalone target not found
Native extension for WebGL target not found
Refreshing native plugins compatible for Editor in 2.93 ms, found 6 plugins.
Refreshing native plugins compatible for Editor in 2.77 ms, found 6 plugins.
[ScriptCompilation] Requested script compilation because: Define symbols changed
[Licensing::Client] Error: Code 404 while processing request (status: Found 0 entitlement groups and 0 free entitlements matching requested entitlement ids)
[Licensing::Client] Error: Code 404 while processing request (status: Found 0 entitlement groups and 0 free entitlements matching requested entitlement ids)
[Licensing::Client] Error: Code 404 while processing request (status: Found 0 entitlement groups and 0 free entitlements matching requested entitlement ids)
ScheduleIndexationOnStartup MainProcess:True IndexOnStartup:True
Mono: successfully reloaded assembly
- Finished resetting the current domain, in  3.790 seconds
Domain Reload Profiling: 4701ms
	BeginReloadAssembly (176ms)
		DisableScriptedObjects (40ms)
		CreateAndSetChildDomain (41ms)
	RebuildCommonClasses (6ms)
	RebuildNativeTypeToScriptingClass (10ms)
	initialDomainReloadingComplete (59ms)
	LoadAllAssembliesAndSetupDomain (660ms)
		LoadAssemblies (292ms)
		AnalyzeDomain (324ms)
			TypeCache.Refresh (245ms)
				TypeCache.ScanAssembly (230ms)
			BuildScriptInfoCaches (73ms)
			ResolveRequiredComponents (5ms)
	FinalizeReload (3790ms)
		SetupLoadedEditorAssemblies (0ms)
			BeforeProcessingInitializeOnLoad (85ms)
			ProcessInitializeOnLoadAttributes (2990ms)
			ProcessInitializeOnLoadMethodAttributes (549ms)
			AfterProcessingInitializeOnLoad (5ms)
			EditorAssembliesLoaded (10ms)
		AwakeInstancesAfterBackupRestoration (16ms)
Starting: C:\Program Files\Unity\Hub\Editor\6000.5.5f1\Editor\Data\Tools\BuildPipeline\bee_backend.exe --ipc --defer-dag-verification --dagfile="Library/Bee/1900b0aE.dag" --continue-on-failure --profile="Library/Bee/backend1.traceevents" ScriptAssemblies
WorkingDir: C:/Users/myong/NaManMoo/Namanmoo_client
ExitCode: 4 Duration: 0s567ms
[1301/1725  0s] ILPP-Configuration Library/ilpp-configuration.nevergeneratedoutput
Rebuilding DAG because FileSignature timestamp changed: Library/Bee/1900b0aE-inputdata.json
*** Tundra requires additional run (0.55 seconds), 1 items updated, 1725 evaluated
Starting: C:\Program Files\Unity\Hub\Editor\6000.5.5f1\Editor\Data\netcorerun\netcorerun.exe "C:\Program Files\Unity\Hub\Editor\6000.5.5f1\Editor\Data\Tools\BuildPipeline\ScriptCompilationBuildProgram.exe" "Library/Bee/1900b0aE.dag.json" "Library/Bee/1900b0aE-inputdata.json" "Library\Bee\buildprogram0.traceevents"
WorkingDir: C:/Users/myong/NaManMoo/Namanmoo_client
ExitCode: 0 Duration: 1s458ms
Starting: C:\Program Files\Unity\Hub\Editor\6000.5.5f1\Editor\Data\Tools\BuildPipeline\bee_backend.exe --ipc --defer-dag-verification --dagfile="Library/Bee/1900b0aE.dag" --continue-on-failure --dagfilejson="Library\Bee\1900b0aE.dag.json" --profile="Library/Bee/backend2.traceevents" ScriptAssemblies
WorkingDir: C:/Users/myong/NaManMoo/Namanmoo_client
ExitCode: 0 Duration: 6s894ms
Finished compiling graph: 1729 nodes, 37041 flattened edges (30587 ToBuild, 294 ToUse), maximum node priority 2034
[ 218/1725  0s] WriteText Library/Bee/artifacts/1900b0aE.dag/UnityEditor.UI.rsp
[ 219/1725  0s] WriteText Library/Bee/artifacts/1900b0aE.dag/UnityEngine.UI.rsp
[ 220/1725  0s] WriteText Library/Bee/artifacts/1900b0aE.dag/Unity.InputSystem.rsp
[ 223/1725  0s] WriteText Library/Bee/artifacts/1900b0aE.dag/Unity.AI.Toolkit.Utility.rsp
[ 228/1725  0s] WriteText Library/Bee/artifacts/1900b0aE.dag/Unity.Burst.CodeGen.rsp
[ 234/1725  0s] WriteText Library/Bee/artifacts/1900b0aE.dag/UnityEngine.TestRunner.rsp
[ 236/1725  0s] WriteText Library/Bee/artifacts/1900b0aE.dag/UnityEditor.TestRunner.rsp
[ 242/1725  0s] WriteText Library/Bee/artifacts/1900b0aE.dag/Unity.AI.Toolkit.Asset.rsp
[ 248/1725  0s] WriteText Library/Bee/artifacts/1900b0aE.dag/Unity.RenderPipelines.Core.Runtime.rsp
[ 252/1725  0s] WriteText Library/Bee/artifacts/1900b0aE.dag/Unity.AI.Toolkit.Compliance.rsp
[ 253/1725  0s] WriteText Library/Bee/artifacts/1900b0aE.dag/Unity.Collections.CodeGen.rsp
[ 263/1725  0s] WriteText Library/Bee/artifacts/1900b0aE.dag/Unity.AI.Toolkit.Async.rsp
[ 267/1725  0s] WriteText Library/Bee/artifacts/1900b0aE.dag/Unity.Burst.rsp
[ 270/1725  0s] WriteText Library/Bee/artifacts/1900b0aE.dag/Unity.AI.Generators.Redux.rsp
[ 273/1725  0s] WriteText Library/Bee/artifacts/1900b0aE.dag/Unity.AI.Tracing.rsp
[ 278/1725  0s] WriteText Library/Bee/artifacts/1900b0aE.dag/Unity.AI.Toolkit.Accounts.rsp
[ 282/1725  0s] WriteText Library/Bee/artifacts/1900b0aE.dag/Unity.AI.Generators.Asset.rsp
[ 284/1725  0s] WriteText Library/Bee/artifacts/1900b0aE.dag/Unity.UnifiedRayTracing.Runtime.rsp
[ 292/1725  0s] WriteText Library/Bee/artifacts/1900b0aE.dag/Unity.AI.Generators.IO.Srp.rsp
[ 293/1725  0s] WriteText Library/Bee/artifacts/1900b0aE.dag/Unity.Collections.rsp
[ 294/1725  0s] WriteText Library/Bee/artifacts/1900b0aE.dag/Unity.AI.Assistant.Runtime.rsp
[ 299/1725  0s] WriteText Library/Bee/artifacts/1900b0aE.dag/Unity.InternalAPIEngineBridge.RenderPipelines.Core.Runtime.Shared.rsp
[ 307/1725  0s] WriteText Library/Bee/artifacts/1900b0aE.dag/Unity.PathTracing.Runtime.rsp
[ 317/1725  0s] WriteText Library/Bee/artifacts/1900b0aE.dag/Unity.AI.Assistant.Bridge.Editor.rsp
[ 319/1725  0s] WriteText Library/Bee/artifacts/1900b0aE.dag/Unity.AI.Assistant.Agent.Dynamic.Extension.Editor.rsp
[ 320/1725  0s] WriteText Library/Bee/artifacts/1900b0aE.dag/Unity.RenderPipelines.GPUDriven.Runtime.rsp
[ 321/1725  0s] WriteText Library/Bee/artifacts/1900b0aE.dag/Unity.AI.Generators.IO.rsp
[ 322/1725  0s] WriteText Library/Bee/artifacts/1900b0aE.dag/Unity.RenderPipelines.Core.Runtime.Shared.rsp
[ 325/1725  0s] WriteText Library/Bee/artifacts/1900b0aE.dag/Unity.Mathematics.rsp
[ 326/1725  0s] WriteText Library/Bee/artifacts/1900b0aE.dag/Unity.2D.Sprite.Editor.rsp
[ 328/1725  0s] WriteText Library/Bee/artifacts/1900b0aE.dag/Unity.SurfaceCache.Runtime.rsp
[ 331/1725  0s] WriteText Library/Bee/artifacts/1900b0aE.dag/Unity.RenderPipeline.Universal.ShaderLibrary.rsp
[ 354/1725  0s] WriteText Library/Bee/artifacts/1900b0aE.dag/Unity.AI.Generators.UI.rsp
[ 355/1725  0s] WriteText Library/Bee/artifacts/1900b0aE.dag/Unity.RenderPipelines.Universal.Config.Runtime.rsp
[ 356/1725  0s] WriteText Library/Bee/artifacts/1900b0aE.dag/Unity.2D.Common.Runtime.rsp
[ 361/1725  0s] WriteText Library/Bee/artifacts/1900b0aE.dag/Unity.AI.Generators.Sdk.rsp
[ 364/1725  0s] WriteText Library/Bee/artifacts/1900b0aE.dag/Unity.InternalAPIEngineBridge.001.rsp
[ 365/1725  0s] WriteText Library/Bee/artifacts/1900b0aE.dag/Unity.AppUI.InternalAPIBridge.rsp
[ 366/1725  0s] WriteText Library/Bee/artifacts/1900b0aE.dag/Unity.InferenceEngine.rsp
[ 377/1725  0s] WriteText Library/Bee/artifacts/1900b0aE.dag/Unity.AI.Assistant.Editor.rsp
[ 381/1725  0s] WriteText Library/Bee/artifacts/1900b0aE.dag/Unity.RenderPipelines.Universal.Runtime.rsp
[ 383/1725  0s] WriteText Library/Bee/artifacts/1900b0aE.dag/Unity.VisualScripting.Core.rsp
[ 385/1725  0s] WriteText Library/Bee/artifacts/1900b0aE.dag/Unity.2D.Animation.Runtime.rsp
[ 387/1725  0s] WriteText Library/Bee/artifacts/1900b0aE.dag/Unity.AI.Toolkit.GenerationObjectPicker.rsp
[ 389/1725  0s] WriteText Library/Bee/artifacts/1900b0aE.dag/Unity.AI.Generators.Contexts.rsp
[ 397/1725  0s] WriteText Library/Bee/artifacts/1900b0aE.dag/Unity.AI.Search.Editor.rsp
[ 401/1725  0s] WriteText Library/Bee/artifacts/1900b0aE.dag/Unity.AI.ModelSelector.rsp
[ 410/1725  0s] WriteText Library/Bee/artifacts/1900b0aE.dag/HFDownloader.rsp
[ 422/1725  0s] WriteText Library/Bee/artifacts/1900b0aE.dag/Unity.AI.Generators.UI.AIDropdownIntegrations.rsp
[ 429/1725  0s] WriteText Library/Bee/artifacts/1900b0aE.dag/Unity.AppUI.rsp
[ 430/1725  0s] WriteText Library/Bee/artifacts/1900b0aE.dag/Unity.InternalAPIEngineBridge.RenderPipelines.Core.Editor.rsp
[ 431/1725  0s] WriteText Library/Bee/artifacts/1900b0aE.dag/Unity.PathTracing.Editor.rsp
[ 432/1725  0s] WriteText Library/Bee/artifacts/1900b0aE.dag/Unity.VisualScripting.Flow.rsp
[ 435/1725  0s] WriteText Library/Bee/artifacts/1900b0aE.dag/Unity.AI.Toolkit.GenerationContextMenu.rsp
[ 436/1725  0s] WriteText Library/Bee/artifacts/1900b0aE.dag/Unity.InternalAPIEditorBridge.001.rsp
[ 448/1725  0s] WriteText Library/Bee/artifacts/1900b0aE.dag/Unity.AI.Assistant.Tools.Editor.rsp
[ 461/1725  0s] WriteText Library/Bee/artifacts/1900b0aE.dag/Unity.AI.Pbr.Srp.rsp
[ 464/1725  0s] WriteText Library/Bee/artifacts/1900b0aE.dag/Unity.AI.Animate.Motion.Runtime.rsp
[ 467/1725  0s] WriteText Library/Bee/artifacts/1900b0aE.dag/Unity.AI.Assistant.Annotations.Editor.rsp
[ 468/1725  0s] WriteText Library/Bee/artifacts/1900b0aE.dag/Unity.2D.Common.Editor.rsp
[ 469/1725  0s] WriteText Library/Bee/artifacts/1900b0aE.dag/Unity.AI.Animate.rsp
[ 470/1725  0s] WriteText Library/Bee/artifacts/1900b0aE.dag/Unity.2D.SpriteShape.Runtime.rsp
[ 471/1725  0s] WriteText Library/Bee/artifacts/1900b0aE.dag/Unity.VisualScripting.Core.Editor.rsp
[ 472/1725  0s] WriteText Library/Bee/artifacts/1900b0aE.dag/Unity.AI.Sound.rsp
[ 473/1725  0s] WriteText Library/Bee/artifacts/1900b0aE.dag/Unity.AI.Image.rsp
[ 474/1725  0s] WriteText Library/Bee/artifacts/1900b0aE.dag/Unity.AI.Mesh.rsp
[ 476/1725  0s] WriteText Library/Bee/artifacts/1900b0aE.dag/Unity.RenderPipelines.Core.Editor.rsp
[ 480/1725  0s] WriteText Library/Bee/artifacts/1900b0aE.dag/Unity.2D.Tilemap.Editor.rsp
[ 489/1725  0s] WriteText Library/Bee/artifacts/1900b0aE.dag/Unity.VisualScripting.Flow.Editor.rsp
[ 491/1725  0s] WriteText Library/Bee/artifacts/1900b0aE.dag/Unity.InternalAPIEngineBridge.004.rsp
[ 510/1725  0s] WriteText Library/Bee/artifacts/1900b0aE.dag/Unity.VisualScripting.State.rsp
[ 537/1725  0s] WriteText Library/Bee/artifacts/1900b0aE.dag/Unity.Searcher.Editor.rsp
[ 538/1725  0s] WriteText Library/Bee/artifacts/1900b0aE.dag/Unity.InternalAPIEditorBridge.ShaderGraph.Editor.rsp
[ 539/1725  0s] WriteText Library/Bee/artifacts/1900b0aE.dag/Unity.AI.Assistant.UI.Editor.rsp
[ 540/1725  0s] WriteText Library/Bee/artifacts/1900b0aE.dag/Unity.2D.Triangulation.Runtime.rsp
[ 541/1725  0s] WriteText Library/Bee/artifacts/1900b0aE.dag/Unity.ShaderGraph.Utilities.rsp
[ 547/1725  0s] WriteText Library/Bee/artifacts/1900b0aE.dag/Unity.AppUI.Redux.rsp
[ 552/1725  0s] WriteText Library/Bee/artifacts/1900b0aE.dag/Unity.AI.Generators.Tools.rsp
[ 558/1725  0s] WriteText Library/Bee/artifacts/1900b0aE.dag/Unity.RenderPipelines.Universal.2D.Runtime.rsp
[ 559/1725  0s] WriteText Library/Bee/artifacts/1900b0aE.dag/Unity.PlasticSCM.Editor.rsp
[ 560/1725  0s] WriteText Library/Bee/artifacts/1900b0aE.dag/Unity.InferenceEngine.Microsoft.Msagl.rsp
[ 561/1725  0s] WriteText Library/Bee/artifacts/1900b0aE.dag/Unity.2D.Common.Path.Editor.rsp
[ 562/1725  0s] WriteText Library/Bee/artifacts/1900b0aE.dag/NaManMoo.Runtime.rsp
[ 563/1725  0s] WriteText Library/Bee/artifacts/1900b0aE.dag/Unity.AppUI.Editor.rsp
[ 564/1725  0s] WriteText Library/Bee/artifacts/1900b0aE.dag/Unity.Burst.Editor.rsp
[ 565/1725  0s] WriteText Library/Bee/artifacts/1900b0aE.dag/Unity.AI.Pbr.rsp
[ 566/1725  0s] WriteText Library/Bee/artifacts/1900b0aE.dag/Unity.ShaderGraph.Editor.rsp
[ 567/1725  0s] WriteText Library/Bee/artifacts/1900b0aE.dag/Unity.AI.Assistant.API.Editor.rsp
[ 568/1725  0s] WriteText Library/Bee/artifacts/1900b0aE.dag/Unity.RenderPipelines.Core.Editor.Shared.rsp
[ 569/1725  0s] WriteText Library/Bee/artifacts/1900b0aE.dag/Unity.InferenceEngine.Editor.Visualizer.rsp
[ 570/1725  0s] WriteText Library/Bee/artifacts/1900b0aE.dag/Unity.AI.Assistant.AssetGenerators.Editor.rsp
[ 577/1725  0s] WriteText Library/Bee/artifacts/1900b0aE.dag/Unity.AI.MCP.Runtime.rsp
[ 578/1725  0s] WriteText Library/Bee/artifacts/1900b0aE.dag/Unity.TextMeshPro.rsp
[ 579/1725  0s] WriteText Library/Bee/artifacts/1900b0aE.dag/Unity.InferenceEngine.ONNX.Editor.rsp
[ 581/1725  0s] WriteText Library/Bee/artifacts/1900b0aE.dag/Unity.PerformanceTesting.rsp
[ 591/1725  0s] WriteText Library/Bee/artifacts/1900b0aE.dag/Unity.2D.Animation.Editor.rsp
[ 592/1725  0s] WriteText Library/Bee/artifacts/1900b0aE.dag/Unity.2D.Tilemap.Extras.rsp
[ 594/1725  0s] WriteText Library/Bee/artifacts/1900b0aE.dag/Unity.2D.Aseprite.Common.rsp
[ 623/1725  0s] WriteText Library/Bee/artifacts/1900b0aE.dag/Unity.Multiplayer.Center.Common.rsp
[ 666/1725  0s] WriteText Library/Bee/artifacts/1900b0aE.dag/Unity.AppUI.Navigation.rsp
[ 674/1725  0s] WriteText Library/Bee/artifacts/1900b0aE.dag/Unity.Timeline.rsp
[ 678/1725  0s] WriteText Library/Bee/artifacts/1900b0aE.dag/Unity.2D.IK.Runtime.rsp
[ 683/1725  0s] WriteText Library/Bee/artifacts/1900b0aE.dag/Unity.InputSystem.TestFramework.rsp
[ 693/1725  0s] WriteText Library/Bee/artifacts/1900b0aE.dag/Unity.VisualScripting.State.Editor.rsp
[ 698/1725  0s] WriteText Library/Bee/artifacts/1900b0aE.dag/PsdPlugin.rsp
[ 705/1725  0s] WriteText Library/Bee/artifacts/1900b0aE.dag/NaManMoo.Editor.rsp
[ 709/1725  0s] WriteText Library/Bee/artifacts/1900b0aE.dag/Unity.RenderPipelines.Universal.Shaders.rsp
[ 710/1725  0s] WriteText Library/Bee/artifacts/1900b0aE.dag/Unity.AppUI.MVVM.rsp
[ 711/1725  0s] WriteText Library/Bee/artifacts/1900b0aE.dag/Unity.InputSystem.ForUI.rsp
[ 712/1725  0s] WriteText Library/Bee/artifacts/1900b0aE.dag/Unity.RenderPipelines.Core.ShaderLibrary.rsp
[ 713/1725  0s] WriteText Library/Bee/artifacts/1900b0aE.dag/Unity.RenderPipelines.ShaderGraph.ShaderGraphLibrary.rsp
[ 714/1725  0s] WriteText Library/Bee/artifacts/1900b0aE.dag/Unity.InferenceEngine.Tokenization.rsp
[ 715/1725  0s] WriteText Library/Bee/artifacts/1900b0aE.dag/NaManMoo.PlayModeTests.rsp
[ 718/1725  0s] WriteText Library/Bee/artifacts/1900b0aE.dag/Unity.AppUI.Undo.rsp
[ 720/1725  0s] WriteText Library/Bee/artifacts/1900b0aE.dag/Unity.VisualScripting.DocCodeExamples.rsp
[ 721/1725  0s] WriteText Library/Bee/artifacts/1900b0aE.dag/Unity.RenderPipelines.Universal.Editor.rsp
[ 722/1725  0s] WriteText Library/Bee/artifacts/1900b0aE.dag/NaManMoo.EditorTests.rsp
[ 723/1725  0s] WriteText Library/Bee/artifacts/1900b0aE.dag/Unity.AI.Assistant.Integrations.Profiler.Editor.rsp
[ 724/1725  0s] WriteText Library/Bee/artifacts/1900b0aE.dag/Unity.InferenceEngine.MacBLAS.rsp
[ 726/1725  0s] WriteText Library/Bee/artifacts/1900b0aE.dag/Unity.RenderPipelines.Universal.2D.Editor.Overrides.rsp
[ 727/1725  0s] WriteText Library/Bee/artifacts/1900b0aE.dag/Unity.Rendering.LightTransport.Editor.rsp
[ 728/1725  0s] WriteText Library/Bee/artifacts/1900b0aE.dag/Unity.2D.Psdimporter.Editor.rsp
[ 729/1725  0s] WriteText Library/Bee/artifacts/1900b0aE.dag/Unity.2D.Tooling.Editor.rsp
[ 730/1725  0s] WriteText Library/Bee/artifacts/1900b0aE.dag/Unity.AI.MCP.Editor.rsp
[ 731/1725  0s] WriteText Library/Bee/artifacts/1900b0aE.dag/Unity.Collections.Editor.rsp
[ 732/1725  0s] WriteText Library/Bee/artifacts/1900b0aE.dag/Unity.VisualScripting.SettingsProvider.Editor.rsp
[ 733/1725  0s] WriteText Library/Bee/artifacts/1900b0aE.dag/Unity.2D.Tilemap.Extras.Editor.rsp
[ 734/1725  0s] WriteText Library/Bee/artifacts/1900b0aE.dag/Unity.2D.IK.Editor.rsp
[ 736/1725  0s] WriteText Library/Bee/artifacts/1900b0aE.dag/Unity.TextMeshPro.Editor.rsp
[ 738/1725  0s] WriteText Library/Bee/artifacts/1900b0aE.dag/Unity.Multiplayer.Center.Editor.rsp
[ 739/1725  0s] WriteText Library/Bee/artifacts/1900b0aE.dag/Unity.AppUI.Redux.Editor.rsp
[ 740/1725  0s] WriteText Library/Bee/artifacts/1900b0aE.dag/Unity.PlasticSCM.Editor.Entities.rsp
[ 741/1725  0s] WriteText Library/Bee/artifacts/1900b0aE.dag/Unity.VisualScripting.Shared.Editor.rsp
[ 742/1725  0s] WriteText Library/Bee/artifacts/1900b0aE.dag/Unity.InferenceEngine.iOSBLAS.rsp
[ 743/1725  0s] WriteText Library/Bee/artifacts/1900b0aE.dag/Unity.InputSystem.DocCodeSamples.rsp
[ 744/1725  0s] WriteResponseFile Library/Bee/artifacts/rsp/17346584914308636752.rsp
[ 745/1725  0s] WriteResponseFile Library/Bee/artifacts/rsp/11344994280883157806.rsp
[ 746/1725  0s] WriteResponseFile Library/Bee/artifacts/rsp/1410676725171572189.rsp
[ 747/1725  0s] WriteText Library/Bee/artifacts/1900b0aE.dag/Unity.AppUI.Navigation.Editor.rsp
[ 748/1725  0s] WriteText Library/Bee/artifacts/1900b0aE.dag/Unity.CollabProxy.Editor.rsp
[ 749/1725  0s] WriteResponseFile Library/Bee/artifacts/rsp/1418726328684876121.rsp
[ 750/1725  0s] WriteText Library/Bee/artifacts/1900b0aE.dag/Unity.PlasticSCM.Editor.Assistant.rsp
[ 751/1725  0s] WriteResponseFile Library/Bee/artifacts/rsp/15966515983506956808.rsp
[ 752/1725  0s] WriteResponseFile Library/Bee/artifacts/rsp/5465330626836213513.rsp
[ 753/1725  0s] WriteText Library/Bee/artifacts/1900b0aE.dag/ScriptablePacker.rsp
[ 754/1725  0s] WriteText Library/Bee/artifacts/1900b0aE.dag/Unity.2D.Aseprite.Editor.rsp
[ 755/1725  0s] WriteResponseFile Library/Bee/artifacts/rsp/5916180605834378387.rsp
[ 756/1725  0s] WriteText Library/Bee/artifacts/1900b0aE.dag/Unity.Timeline.Editor.rsp
[ 757/1725  0s] WriteText Library/Bee/artifacts/1900b0aE.dag/Unity.2D.SpriteShape.Editor.rsp
[ 758/1725  0s] WriteText Library/Bee/artifacts/1900b0aE.dag/Unity.PerformanceTesting.Editor.rsp
[ 759/1725  0s] WriteResponseFile Library/Bee/artifacts/rsp/10142702499866438521.rsp
[ 760/1725  0s] WriteResponseFile Library/Bee/artifacts/rsp/13909235412005675431.rsp
[ 761/1725  0s] WriteResponseFile Library/Bee/artifacts/rsp/9870516708743257357.rsp
[ 762/1725  0s] WriteText Library/Bee/artifacts/1900b0aE.dag/Unity.InferenceEngine.Editor.rsp
[ 763/1725  0s] WriteResponseFile Library/Bee/artifacts/rsp/8157786106806150916.rsp
[ 764/1725  0s] WriteResponseFile Library/Bee/artifacts/rsp/18218310762646611085.rsp
[ 765/1725  0s] WriteResponseFile Library/Bee/artifacts/rsp/10654656162358534522.rsp
[ 766/1725  0s] WriteText Library/Bee/artifacts/1900b0aE.dag/UnityEditor.UI.Analytics.rsp
[ 767/1725  0s] WriteResponseFile Library/Bee/artifacts/rsp/12192641585883629681.rsp
[ 768/1725  0s] WriteResponseFile Library/Bee/artifacts/rsp/7606483801609891643.rsp
[ 769/1725  0s] WriteResponseFile Library/Bee/artifacts/rsp/2157608619508796868.rsp
[ 770/1725  0s] WriteResponseFile Library/Bee/artifacts/rsp/5546506141355401238.rsp
[ 771/1725  0s] WriteResponseFile Library/Bee/artifacts/rsp/3064155424177982801.rsp
[ 772/1725  0s] WriteResponseFile Library/Bee/artifacts/rsp/15183482696195477058.rsp
[ 773/1725  0s] WriteResponseFile Library/Bee/artifacts/rsp/10571807241835812913.rsp
[ 774/1725  0s] WriteResponseFile Library/Bee/artifacts/rsp/3258459190130463912.rsp
[ 775/1725  0s] WriteResponseFile Library/Bee/artifacts/rsp/5803490648119114145.rsp
[ 776/1725  0s] WriteResponseFile Library/Bee/artifacts/rsp/8899139255040401798.rsp
[ 777/1725  0s] WriteResponseFile Library/Bee/artifacts/rsp/3116656848610092085.rsp
[ 778/1725  0s] WriteResponseFile Library/Bee/artifacts/rsp/7038082120299526273.rsp
[ 779/1725  0s] WriteResponseFile Library/Bee/artifacts/rsp/2897256077774953845.rsp
[ 780/1725  0s] WriteResponseFile Library/Bee/artifacts/rsp/17525389461119239690.rsp
[ 781/1725  0s] WriteResponseFile Library/Bee/artifacts/rsp/8687634500575384782.rsp
[ 782/1725  0s] WriteResponseFile Library/Bee/artifacts/rsp/8622521327744862675.rsp
[ 783/1725  0s] WriteResponseFile Library/Bee/artifacts/rsp/10397561839769426034.rsp
[ 784/1725  0s] WriteResponseFile Library/Bee/artifacts/rsp/10411718816959651794.rsp
[ 785/1725  0s] WriteResponseFile Library/Bee/artifacts/rsp/7144934147629065502.rsp
[ 786/1725  0s] WriteResponseFile Library/Bee/artifacts/rsp/11932646040550446581.rsp
[ 787/1725  0s] WriteResponseFile Library/Bee/artifacts/rsp/9362519405459664194.rsp
[ 788/1725  0s] WriteResponseFile Library/Bee/artifacts/rsp/15085861467720516389.rsp
[ 789/1725  0s] WriteResponseFile Library/Bee/artifacts/rsp/1241893138779591018.rsp
[ 790/1725  0s] WriteResponseFile Library/Bee/artifacts/rsp/10010842633742469623.rsp
[ 791/1725  0s] WriteResponseFile Library/Bee/artifacts/rsp/11294775302662683298.rsp
[ 792/1725  0s] WriteResponseFile Library/Bee/artifacts/rsp/16955349575566033662.rsp
[ 793/1725  0s] WriteResponseFile Library/Bee/artifacts/rsp/5369032799409425086.rsp
[ 794/1725  0s] WriteResponseFile Library/Bee/artifacts/rsp/4691676790321305727.rsp
[ 795/1725  0s] WriteResponseFile Library/Bee/artifacts/rsp/586417172420051083.rsp
[ 796/1725  0s] WriteResponseFile Library/Bee/artifacts/rsp/5249134988916615986.rsp
[ 797/1725  0s] WriteResponseFile Library/Bee/artifacts/rsp/8051171512430532380.rsp
[ 798/1725  0s] WriteResponseFile Library/Bee/artifacts/rsp/9971674143059154378.rsp
[ 799/1725  0s] WriteResponseFile Library/Bee/artifacts/rsp/3635558437569565769.rsp
[ 800/1725  0s] WriteResponseFile Library/Bee/artifacts/rsp/4014436084419441659.rsp
[ 801/1725  0s] WriteResponseFile Library/Bee/artifacts/rsp/8938601496673716560.rsp
[ 802/1725  0s] WriteResponseFile Library/Bee/artifacts/rsp/1478594098268573080.rsp
[ 803/1725  0s] WriteResponseFile Library/Bee/artifacts/rsp/13686715218353603589.rsp
[ 804/1725  0s] WriteResponseFile Library/Bee/artifacts/rsp/1237274906319909237.rsp
[ 805/1725  0s] WriteText Library/Bee/artifacts/1900b0aE.dag/Unity.Rider.Editor.rsp
[ 806/1725  0s] WriteResponseFile Library/Bee/artifacts/rsp/8430359774541989196.rsp
[ 807/1725  0s] WriteResponseFile Library/Bee/artifacts/rsp/8053311100599596929.rsp
[ 808/1725  0s] WriteResponseFile Library/Bee/artifacts/rsp/8842765153177570536.rsp
[ 809/1725  0s] WriteResponseFile Library/Bee/artifacts/rsp/12248871281822510316.rsp
[ 810/1725  0s] WriteResponseFile Library/Bee/artifacts/rsp/9111662996337956171.rsp
[ 811/1725  0s] WriteResponseFile Library/Bee/artifacts/rsp/4179407414357894406.rsp
[ 812/1725  0s] WriteResponseFile Library/Bee/artifacts/rsp/6065712226328768301.rsp
[ 813/1725  0s] WriteResponseFile Library/Bee/artifacts/rsp/16125158746970884189.rsp
[ 814/1725  0s] WriteResponseFile Library/Bee/artifacts/rsp/12697856024727907050.rsp
[ 815/1725  0s] WriteResponseFile Library/Bee/artifacts/rsp/5652260764500437206.rsp
[ 816/1725  0s] WriteResponseFile Library/Bee/artifacts/rsp/5521740788080646575.rsp
[ 817/1725  0s] WriteResponseFile Library/Bee/artifacts/rsp/5776641215966470922.rsp
[ 818/1725  0s] WriteResponseFile Library/Bee/artifacts/rsp/8336928665352126947.rsp
[ 819/1725  0s] WriteResponseFile Library/Bee/artifacts/rsp/8821647045857962150.rsp
[ 820/1725  0s] WriteResponseFile Library/Bee/artifacts/rsp/1000725841676588325.rsp
[ 820/1725  0s] Csc Library/Bee/artifacts/1900b0aE.dag/UnityEngine.TestRunner.dll (+2 others) [CacheHit 9e7a5d7b678c6a9b7477ff87035704df00000000000000000000000000000006]
[ 821/1725  0s] Csc Library/Bee/artifacts/1900b0aE.dag/UnityEngine.TestRunner.dll (+2 others)
[ 823/1725  0s] WriteResponseFile Library/Bee/artifacts/rsp/17808041319785689290.rsp
[ 824/1725  0s] WriteText Library/Bee/artifacts/1900b0aE.dag/Unity.VisualStudio.Editor.rsp
[ 825/1725  0s] WriteResponseFile Library/Bee/artifacts/rsp/5666034229570516919.rsp
[ 826/1725  0s] WriteResponseFile Library/Bee/artifacts/rsp/8425637358010165737.rsp
[ 827/1725  0s] WriteResponseFile Library/Bee/artifacts/rsp/14566447020836459352.rsp
[ 828/1725  0s] WriteResponseFile Library/Bee/artifacts/rsp/8863518860715653438.rsp
[ 829/1725  0s] WriteResponseFile Library/Bee/artifacts/rsp/12812556936427222528.rsp
[ 830/1725  0s] WriteResponseFile Library/Bee/artifacts/rsp/18426938688076938391.rsp
[ 831/1725  0s] WriteResponseFile Library/Bee/artifacts/rsp/1723042715960067801.rsp
[ 832/1725  0s] WriteResponseFile Library/Bee/artifacts/rsp/4418271852702483934.rsp
[ 833/1725  0s] WriteResponseFile Library/Bee/artifacts/rsp/17285932722338182573.rsp
[ 834/1725  0s] WriteResponseFile Library/Bee/artifacts/rsp/6193514961945018322.rsp
[ 835/1725  0s] WriteResponseFile Library/Bee/artifacts/rsp/1733524820046661633.rsp
[ 836/1725  0s] WriteResponseFile Library/Bee/artifacts/rsp/8339687817580181739.rsp
[ 837/1725  0s] WriteResponseFile Library/Bee/artifacts/rsp/7759033573704817190.rsp
[ 838/1725  0s] WriteResponseFile Library/Bee/artifacts/rsp/10864296189774257271.rsp
[ 839/1725  0s] WriteResponseFile Library/Bee/artifacts/rsp/11295897478892413411.rsp
[ 840/1725  0s] WriteResponseFile Library/Bee/artifacts/rsp/2959687213209438319.rsp
[ 841/1725  0s] WriteResponseFile Library/Bee/artifacts/rsp/3938377011463375229.rsp
[ 842/1725  0s] WriteResponseFile Library/Bee/artifacts/rsp/9963604852455136489.rsp
[ 843/1725  0s] WriteResponseFile Library/Bee/artifacts/rsp/7453980399897704163.rsp
[ 844/1725  0s] WriteResponseFile Library/Bee/artifacts/rsp/6294510702601876485.rsp
[ 845/1725  0s] WriteResponseFile Library/Bee/artifacts/rsp/10831531723267835799.rsp
[ 846/1725  0s] WriteResponseFile Library/Bee/artifacts/rsp/9708598661318103069.rsp
[ 847/1725  0s] WriteResponseFile Library/Bee/artifacts/rsp/1364033343444103190.rsp
[ 848/1725  0s] WriteResponseFile Library/Bee/artifacts/rsp/10869332526472877478.rsp
[ 849/1725  0s] WriteResponseFile Library/Bee/artifacts/rsp/1459738325685585650.rsp
[ 850/1725  0s] WriteResponseFile Library/Bee/artifacts/rsp/12900333509587573630.rsp
[ 851/1725  0s] WriteResponseFile Library/Bee/artifacts/rsp/7750146619039987931.rsp
[ 852/1725  0s] WriteResponseFile Library/Bee/artifacts/rsp/9703144790800738880.rsp
[ 853/1725  0s] WriteResponseFile Library/Bee/artifacts/rsp/2240406767038398906.rsp
[ 855/1725  0s] WriteResponseFile Library/Bee/artifacts/rsp/12122055926670147868.rsp
[ 857/1725  0s] WriteResponseFile Library/Bee/artifacts/rsp/17296387151066238333.rsp
[ 856/1725  0s] Csc Library/Bee/artifacts/1900b0aE.dag/UnityEngine.UI.dll (+2 others) [CacheHit 0ba407c36081eac978dbc85ee3138dbd00000000000000000000000000000006]
[ 858/1725  0s] WriteResponseFile Library/Bee/artifacts/rsp/288488174905559534.rsp
[ 859/1725  0s] WriteResponseFile Library/Bee/artifacts/rsp/3388064732626934676.rsp
[ 860/1725  0s] Csc Library/Bee/artifacts/1900b0aE.dag/UnityEngine.UI.dll (+2 others)
[ 862/1725  0s] WriteResponseFile Library/Bee/artifacts/rsp/10890691014931692714.rsp
[ 863/1725  0s] WriteResponseFile Library/Bee/artifacts/rsp/10697766251284399165.rsp
[ 864/1725  0s] WriteResponseFile Library/Bee/artifacts/rsp/4772145154433932943.rsp
[ 865/1725  0s] WriteResponseFile Library/Bee/artifacts/rsp/6841316898876630997.rsp
[ 866/1725  0s] WriteResponseFile Library/Bee/artifacts/rsp/6083568660615989563.rsp
[ 867/1725  0s] WriteResponseFile Library/Bee/artifacts/rsp/592391121486274934.rsp
[ 868/1725  0s] WriteResponseFile Library/Bee/artifacts/rsp/17560367951316853787.rsp
[ 869/1725  0s] WriteResponseFile Library/Bee/artifacts/rsp/13439087796855272166.rsp
[ 870/1725  0s] WriteResponseFile Library/Bee/artifacts/rsp/13502134870798640059.rsp
[ 871/1725  0s] WriteResponseFile Library/Bee/artifacts/rsp/1488387367365330867.rsp
[ 872/1725  0s] WriteResponseFile Library/Bee/artifacts/rsp/6413563044966999158.rsp
[ 873/1725  0s] WriteResponseFile Library/Bee/artifacts/rsp/16942202937359522267.rsp
[ 874/1725  0s] WriteResponseFile Library/Bee/artifacts/rsp/6210570011482043853.rsp
[ 875/1725  0s] WriteResponseFile Library/Bee/artifacts/rsp/4462417561080226904.rsp
[ 876/1725  0s] WriteResponseFile Library/Bee/artifacts/rsp/4906633768252269426.rsp
[ 877/1725  0s] WriteResponseFile Library/Bee/artifacts/rsp/13445476680238899994.rsp
[ 878/1725  0s] WriteResponseFile Library/Bee/artifacts/rsp/15394042617203071315.rsp
[ 879/1725  0s] WriteResponseFile Library/Bee/artifacts/rsp/17234613055290522353.rsp
[ 880/1725  0s] WriteResponseFile Library/Bee/artifacts/rsp/3043913547040211301.rsp
[ 881/1725  0s] WriteResponseFile Library/Bee/artifacts/rsp/7896521298153392796.rsp
[ 882/1725  0s] WriteResponseFile Library/Bee/artifacts/rsp/13534715222809159398.rsp
[ 883/1725  0s] WriteResponseFile Library/Bee/artifacts/rsp/15312589170787849123.rsp
[ 884/1725  0s] WriteResponseFile Library/Bee/artifacts/rsp/11820488456832421373.rsp
[ 885/1725  0s] WriteResponseFile Library/Bee/artifacts/rsp/6828830881514808964.rsp
[ 886/1725  0s] WriteResponseFile Library/Bee/artifacts/rsp/15183149355271759364.rsp
[ 887/1725  0s] WriteResponseFile Library/Bee/artifacts/rsp/12104082219611891248.rsp
[ 888/1725  0s] WriteResponseFile Library/Bee/artifacts/rsp/5076401413164530033.rsp
[ 889/1725  0s] WriteResponseFile Library/Bee/artifacts/rsp/8984082599389543581.rsp
[ 891/1725  0s] WriteResponseFile Library/Bee/artifacts/rsp/10292501669419677951.rsp
[ 892/1725  0s] WriteResponseFile Library/Bee/artifacts/rsp/1759290155104201900.rsp
[ 893/1725  0s] WriteResponseFile Library/Bee/artifacts/rsp/5806762800881712256.rsp
[ 894/1725  0s] WriteResponseFile Library/Bee/artifacts/rsp/8976826243146042383.rsp
[ 895/1725  0s] WriteResponseFile Library/Bee/artifacts/rsp/17723086061372457914.rsp
[ 896/1725  0s] WriteResponseFile Library/Bee/artifacts/rsp/9675442845102135732.rsp
[ 897/1725  0s] WriteResponseFile Library/Bee/artifacts/rsp/2651563713784943047.rsp
[ 898/1725  0s] WriteResponseFile Library/Bee/artifacts/rsp/6262281476893245489.rsp
[ 899/1725  0s] WriteResponseFile Library/Bee/artifacts/rsp/6809154955867194459.rsp
[ 900/1725  0s] WriteResponseFile Library/Bee/artifacts/rsp/3648465134513896125.rsp
[ 901/1725  0s] WriteResponseFile Library/Bee/artifacts/rsp/11564738420230795162.rsp
[ 902/1725  0s] CopyFiles Library/ScriptAssemblies/UnityEngine.TestRunner.pdb
[ 903/1725  0s] WriteResponseFile Library/Bee/artifacts/rsp/17738801749825545598.rsp
[ 904/1725  0s] WriteResponseFile Library/Bee/artifacts/rsp/2499735490941455596.rsp
[ 902/1725  0s] Csc Library/Bee/artifacts/1900b0aE.dag/UnityEditor.TestRunner.dll (+2 others) [CacheHit b72446d9dfef59bc211d56cfb780293b00000000000000000000000000000006]
[ 905/1725  0s] Csc Library/Bee/artifacts/1900b0aE.dag/UnityEditor.TestRunner.dll (+2 others)
[ 907/1725  0s] CopyFiles Library/ScriptAssemblies/UnityEditor.TestRunner.pdb
[ 910/1725  0s] CopyFiles Library/ScriptAssemblies/UnityEngine.TestRunner.dll
[ 907/1725  0s] Csc Library/Bee/artifacts/1900b0aE.dag/UnityEditor.UI.dll (+2 others) [CacheHit 770f65fbc5a807c570a3d7da35174fce00000000000000000000000000000006]
[ 911/1725  0s] Csc Library/Bee/artifacts/1900b0aE.dag/UnityEditor.UI.dll (+2 others)
[ 929/1725  0s] CopyFiles Library/ScriptAssemblies/UnityEditor.TestRunner.dll
[ 926/1725  0s] Csc Library/Bee/artifacts/1900b0aE.dag/Unity.AI.Generators.IO.Srp.dll (+2 others) [CacheHit 1a8103a00fec0351fd418d704691700b00000000000000000000000000000006]
[ 931/1725  0s] Csc Library/Bee/artifacts/1900b0aE.dag/Unity.AI.Generators.IO.Srp.dll (+2 others)
[ 929/1725  0s] Csc Library/Bee/artifacts/1900b0aE.dag/Unity.AI.Toolkit.Compliance.dll (+2 others) [CacheHit abdb615aedfd57105368f0bb2c143ace00000000000000000000000000000006]
[ 935/1725  0s] Csc Library/Bee/artifacts/1900b0aE.dag/Unity.AI.Toolkit.Compliance.dll (+2 others)
[ 930/1725  0s] Csc Library/Bee/artifacts/1900b0aE.dag/Unity.AI.Toolkit.Async.dll (+2 others) [CacheHit 5cd9a7feea9d2bff6f2c558ee8c5cea600000000000000000000000000000006]
[ 937/1725  0s] Csc Library/Bee/artifacts/1900b0aE.dag/Unity.AI.Toolkit.Async.dll (+2 others)
[ 931/1725  0s] Csc Library/Bee/artifacts/1900b0aE.dag/Unity.Burst.dll (+2 others) [CacheHit f0666c38b296a5ae7ce30792f45e0b5b00000000000000000000000000000006]
[ 939/1725  0s] Csc Library/Bee/artifacts/1900b0aE.dag/Unity.Burst.dll (+2 others)
[ 932/1725  0s] Csc Library/Bee/artifacts/1900b0aE.dag/Unity.InternalAPIEngineBridge.001.dll (+2 others) [CacheHit c5ece1b728603316c7202c6ed30ecf6300000000000000000000000000000006]
[ 941/1725  0s] Csc Library/Bee/artifacts/1900b0aE.dag/Unity.InternalAPIEngineBridge.001.dll (+2 others)
[ 937/1725  0s] Csc Library/Bee/artifacts/1900b0aE.dag/Unity.2D.Sprite.Editor.dll (+2 others) [CacheHit 3ae65ff1835e8d54ab05158bfc6dd60e00000000000000000000000000000006]
[ 947/1725  0s] Csc Library/Bee/artifacts/1900b0aE.dag/Unity.2D.Sprite.Editor.dll (+2 others)
[ 937/1725  0s] Csc Library/Bee/artifacts/1900b0aE.dag/Unity.AI.Tracing.dll (+2 others) [CacheHit 98f9fc038c2978572d75fa1201b371ed00000000000000000000000000000006]
[ 949/1725  0s] Csc Library/Bee/artifacts/1900b0aE.dag/Unity.AI.Tracing.dll (+2 others)
[ 939/1725  0s] Csc Library/Bee/artifacts/1900b0aE.dag/Unity.AI.Toolkit.Utility.dll (+2 others) [CacheHit 5214a546ac50acbbcee43886aecc9b2000000000000000000000000000000006]
[ 951/1725  0s] Csc Library/Bee/artifacts/1900b0aE.dag/Unity.AI.Toolkit.Utility.dll (+2 others)
[ 940/1725  0s] Csc Library/Bee/artifacts/1900b0aE.dag/Unity.Mathematics.dll (+2 others) [CacheHit c32f4ad32d187297d7883ef3c1cf169b00000000000000000000000000000006]
[ 953/1725  0s] Csc Library/Bee/artifacts/1900b0aE.dag/Unity.Mathematics.dll (+2 others)
[ 941/1725  0s] Csc Library/Bee/artifacts/1900b0aE.dag/Unity.AI.Assistant.Bridge.Editor.dll (+2 others) [CacheHit 221f59c9ac8fb138c70265f2a38c98cc00000000000000000000000000000006]
[ 955/1725  0s] Csc Library/Bee/artifacts/1900b0aE.dag/Unity.AI.Assistant.Bridge.Editor.dll (+2 others)
[ 942/1725  0s] Csc Library/Bee/artifacts/1900b0aE.dag/Unity.AppUI.InternalAPIBridge.dll (+2 others) [CacheHit 186f598373c2994299b90470d379c85d00000000000000000000000000000006]
[ 957/1725  0s] Csc Library/Bee/artifacts/1900b0aE.dag/Unity.AppUI.InternalAPIBridge.dll (+2 others)
[ 943/1725  0s] Csc Library/Bee/artifacts/1900b0aE.dag/Unity.AI.Assistant.Agent.Dynamic.Extension.Editor.dll (+2 others) [CacheHit 1bd2638bb7a223450db83a8a99b507df00000000000000000000000000000006]
[ 959/1725  0s] Csc Library/Bee/artifacts/1900b0aE.dag/Unity.AI.Assistant.Agent.Dynamic.Extension.Editor.dll (+2 others)
[ 946/1725  0s] Csc Library/Bee/artifacts/1900b0aE.dag/Unity.InputSystem.dll (+2 others) [CacheHit 9763504195503e946d03aef8f3ab10b300000000000000000000000000000006]
[ 963/1725  0s] Csc Library/Bee/artifacts/1900b0aE.dag/Unity.InputSystem.dll (+2 others)
[ 947/1725  0s] Csc Library/Bee/artifacts/1900b0aE.dag/Unity.InternalAPIEngineBridge.RenderPipelines.Core.Runtime.Shared.dll (+2 others) [CacheHit acd4decc45bcfc87ad40cee765a37b9700000000000000000000000000000006]
[ 965/1725  0s] Csc Library/Bee/artifacts/1900b0aE.dag/Unity.InternalAPIEngineBridge.RenderPipelines.Core.Runtime.Shared.dll (+2 others)
[ 950/1725  0s] Csc Library/Bee/artifacts/1900b0aE.dag/Unity.AI.Generators.Contexts.dll (+2 others) [CacheHit 5507d76f5be464978037ba8dee9c0a9c00000000000000000000000000000006]
[ 969/1725  0s] Csc Library/Bee/artifacts/1900b0aE.dag/Unity.AI.Generators.Contexts.dll (+2 others)
[ 970/1725  0s] Csc Library/Bee/artifacts/1900b0aE.dag/Unity.InternalAPIEngineBridge.RenderPipelines.Core.Editor.dll (+2 others) [CacheHit 07194871c5edb7f841d3f5628efc3ab700000000000000000000000000000006]
[ 990/1725  0s] Csc Library/Bee/artifacts/1900b0aE.dag/Unity.InternalAPIEngineBridge.RenderPipelines.Core.Editor.dll (+2 others)
[ 972/1725  0s] Csc Library/Bee/artifacts/1900b0aE.dag/HFDownloader.dll (+2 others) [CacheHit 0067f5da4a82df85ce2f9f2e29a22e0900000000000000000000000000000006]
[ 993/1725  0s] Csc Library/Bee/artifacts/1900b0aE.dag/HFDownloader.dll (+2 others)
[ 977/1725  0s] Csc Library/Bee/artifacts/1900b0aE.dag/Unity.AI.Pbr.Srp.dll (+2 others) [CacheHit 2cf63ee057047d0f8842c3729a9c632b00000000000000000000000000000006]
[ 999/1725  0s] Csc Library/Bee/artifacts/1900b0aE.dag/Unity.AI.Pbr.Srp.dll (+2 others)
[ 978/1725  0s] Csc Library/Bee/artifacts/1900b0aE.dag/Unity.2D.Tilemap.Editor.dll (+2 others) [CacheHit d3742ab2a9b8a95fad35d12c3948445000000000000000000000000000000006]
[1001/1725  0s] Csc Library/Bee/artifacts/1900b0aE.dag/Unity.2D.Tilemap.Editor.dll (+2 others)
[ 980/1725  0s] Csc Library/Bee/artifacts/1900b0aE.dag/Unity.AI.Assistant.Annotations.Editor.dll (+2 others) [CacheHit 0bc7203c26b42309c7f597333d8ee10100000000000000000000000000000006]
[1004/1725  0s] Csc Library/Bee/artifacts/1900b0aE.dag/Unity.AI.Assistant.Annotations.Editor.dll (+2 others)
[ 984/1725  0s] Csc Library/Bee/artifacts/1900b0aE.dag/Unity.AI.Animate.Motion.Runtime.dll (+2 others) [CacheHit 6f944b6fdc42eafcd8770935714bf62200000000000000000000000000000006]
[1009/1725  0s] Csc Library/Bee/artifacts/1900b0aE.dag/Unity.AI.Animate.Motion.Runtime.dll (+2 others)
[ 986/1725  0s] Csc Library/Bee/artifacts/1900b0aE.dag/Unity.AI.Assistant.Runtime.dll (+2 others) [CacheHit 6bcf6fec247dc873e51ef0f7fb23e7a700000000000000000000000000000006]
[1012/1725  0s] Csc Library/Bee/artifacts/1900b0aE.dag/Unity.AI.Assistant.Runtime.dll (+2 others)
[ 987/1725  0s] Csc Library/Bee/artifacts/1900b0aE.dag/Unity.AI.Toolkit.Asset.dll (+2 others) [CacheHit 3d29c1971b4a418577a1861073f4564f00000000000000000000000000000006]
[1014/1725  0s] Csc Library/Bee/artifacts/1900b0aE.dag/Unity.AI.Toolkit.Asset.dll (+2 others)
[ 988/1725  0s] Csc Library/Bee/artifacts/1900b0aE.dag/Unity.Collections.dll (+2 others) [CacheHit fe2907de1057ce3a84f3c52deab385ab00000000000000000000000000000006]
[1016/1725  0s] Csc Library/Bee/artifacts/1900b0aE.dag/Unity.Collections.dll (+2 others)
[ 989/1725  0s] Csc Library/Bee/artifacts/1900b0aE.dag/Unity.Searcher.Editor.dll (+2 others) [CacheHit af5f74d8d29d685b14ceeaa74696171a00000000000000000000000000000006]
[1018/1725  0s] Csc Library/Bee/artifacts/1900b0aE.dag/Unity.Searcher.Editor.dll (+2 others)
[ 990/1725  0s] Csc Library/Bee/artifacts/1900b0aE.dag/Unity.InternalAPIEditorBridge.ShaderGraph.Editor.dll (+2 others) [CacheHit fd21444ecd179050b8af4715dcfb171c00000000000000000000000000000006]
[1020/1725  0s] Csc Library/Bee/artifacts/1900b0aE.dag/Unity.InternalAPIEditorBridge.ShaderGraph.Editor.dll (+2 others)
[ 991/1725  0s] Csc Library/Bee/artifacts/1900b0aE.dag/Unity.ShaderGraph.Utilities.dll (+2 others) [CacheHit 16e5e2905f2e943929ca49eae166817000000000000000000000000000000006]
[1022/1725  0s] Csc Library/Bee/artifacts/1900b0aE.dag/Unity.ShaderGraph.Utilities.dll (+2 others)
[1002/1725  0s] Csc Library/Bee/artifacts/1900b0aE.dag/Unity.AI.Generators.Redux.dll (+2 others) [CacheHit 03b56614b7d1d72614d9ade04217a8c600000000000000000000000000000006]
[1034/1725  0s] Csc Library/Bee/artifacts/1900b0aE.dag/Unity.AI.Generators.Redux.dll (+2 others)
[1003/1725  0s] Csc Library/Bee/artifacts/1900b0aE.dag/Unity.InternalAPIEngineBridge.004.dll (+2 others) [CacheHit c5d5dd6d7183abf2bed47bcdfc5e9fc000000000000000000000000000000006]
[1036/1725  0s] Csc Library/Bee/artifacts/1900b0aE.dag/Unity.InternalAPIEngineBridge.004.dll (+2 others)
[1006/1725  0s] Csc Library/Bee/artifacts/1900b0aE.dag/Unity.InternalAPIEditorBridge.001.dll (+2 others) [CacheHit 88ef1c7f6d4aff93b595fc6cf294c8f400000000000000000000000000000006]
[1040/1725  0s] Csc Library/Bee/artifacts/1900b0aE.dag/Unity.InternalAPIEditorBridge.001.dll (+2 others)
[1014/1725  0s] Csc Library/Bee/artifacts/1900b0aE.dag/Unity.Burst.CodeGen.dll (+2 others) [CacheHit 058aebf1feeddee2a965b3b3fe25af4900000000000000000000000000000006]
[1049/1725  0s] Csc Library/Bee/artifacts/1900b0aE.dag/Unity.Burst.CodeGen.dll (+2 others)
[1016/1725  0s] Csc Library/Bee/artifacts/1900b0aE.dag/Unity.AppUI.dll (+2 others) [CacheHit c4c407ad9659aae0c7b3faddf380984000000000000000000000000000000006]
[1052/1725  0s] Csc Library/Bee/artifacts/1900b0aE.dag/Unity.AppUI.dll (+2 others)
[1022/1725  0s] Csc Library/Bee/artifacts/1900b0aE.dag/Unity.VisualScripting.Core.dll (+2 others) [CacheHit 1c880daa1405e1e4b98a206b7228e70100000000000000000000000000000006]
[1059/1725  0s] Csc Library/Bee/artifacts/1900b0aE.dag/Unity.VisualScripting.Core.dll (+2 others)
[1023/1725  0s] Csc Library/Bee/artifacts/1900b0aE.dag/Unity.InferenceEngine.Microsoft.Msagl.dll (+2 others) [CacheHit ee81ac2ebeebf145aaa9512952d859e900000000000000000000000000000006]
[1061/1725  0s] Csc Library/Bee/artifacts/1900b0aE.dag/Unity.InferenceEngine.Microsoft.Msagl.dll (+2 others)
[1024/1725  0s] Csc Library/Bee/artifacts/1900b0aE.dag/Unity.Timeline.dll (+2 others) [CacheHit 5f834544dc9e7fd07b13ad981a3a18cd00000000000000000000000000000006]
[1063/1725  0s] Csc Library/Bee/artifacts/1900b0aE.dag/Unity.Timeline.dll (+2 others)
[1026/1725  0s] Csc Library/Bee/artifacts/1900b0aE.dag/Unity.Burst.Editor.dll (+2 others) [CacheHit e23e3fa8193f1b5ff10fdf50943790f400000000000000000000000000000006]
[1066/1725  0s] Csc Library/Bee/artifacts/1900b0aE.dag/Unity.Burst.Editor.dll (+2 others)
[1027/1725  0s] Csc Library/Bee/artifacts/1900b0aE.dag/Unity.2D.Common.Path.Editor.dll (+2 others) [CacheHit 08f55df11eef245f484298435917aacc00000000000000000000000000000006]
[1068/1725  0s] Csc Library/Bee/artifacts/1900b0aE.dag/Unity.2D.Common.Path.Editor.dll (+2 others)
[1028/1725  0s] Csc Library/Bee/artifacts/1900b0aE.dag/Unity.2D.Tilemap.Extras.dll (+2 others) [CacheHit c8560b78320b8de37d005a9396752bf900000000000000000000000000000006]
[1070/1725  0s] Csc Library/Bee/artifacts/1900b0aE.dag/Unity.2D.Tilemap.Extras.dll (+2 others)
[1029/1725  0s] Csc Library/Bee/artifacts/1900b0aE.dag/Unity.Collections.CodeGen.dll (+2 others) [CacheHit 814375dd6a4718c045300cd708f7bae100000000000000000000000000000006]
[1072/1725  0s] Csc Library/Bee/artifacts/1900b0aE.dag/Unity.Collections.CodeGen.dll (+2 others)
[1030/1725  0s] Csc Library/Bee/artifacts/1900b0aE.dag/Unity.TextMeshPro.dll (+2 others) [CacheHit 24de10693fc8078afba9cb29e463cdc500000000000000000000000000000006]
[1074/1725  0s] Csc Library/Bee/artifacts/1900b0aE.dag/Unity.TextMeshPro.dll (+2 others)
[1031/1725  0s] Csc Library/Bee/artifacts/1900b0aE.dag/Unity.AI.MCP.Runtime.dll (+2 others) [CacheHit 224b2ae4c6981647736a1a9fd4457ea100000000000000000000000000000006]
[1076/1725  0s] Csc Library/Bee/artifacts/1900b0aE.dag/Unity.AI.MCP.Runtime.dll (+2 others)
[1038/1725  0s] Csc Library/Bee/artifacts/1900b0aE.dag/Unity.Multiplayer.Center.Common.dll (+2 others) [CacheHit 0c341824fe652f9f9c548cb425140d5500000000000000000000000000000006]
[1084/1725  0s] Csc Library/Bee/artifacts/1900b0aE.dag/Unity.Multiplayer.Center.Common.dll (+2 others)
[1040/1725  0s] Csc Library/Bee/artifacts/1900b0aE.dag/Unity.AI.Toolkit.Accounts.dll (+2 others) [CacheHit 3c252440f10d9296b3fef71416b41f5300000000000000000000000000000006]
[1087/1725  0s] Csc Library/Bee/artifacts/1900b0aE.dag/Unity.AI.Toolkit.Accounts.dll (+2 others)
[1041/1725  0s] Csc Library/Bee/artifacts/1900b0aE.dag/Unity.RenderPipelines.Core.Runtime.dll (+2 others) [CacheHit a214a4f3af68a551e2ee9cc4b86a8d4f00000000000000000000000000000006]
[1089/1725  0s] Csc Library/Bee/artifacts/1900b0aE.dag/Unity.RenderPipelines.Core.Runtime.dll (+2 others)
[1044/1725  0s] Csc Library/Bee/artifacts/1900b0aE.dag/Unity.AI.Generators.Asset.dll (+2 others) [CacheHit 2eeacfc5290455fbaebfb768349cf39700000000000000000000000000000006]
[1093/1725  0s] Csc Library/Bee/artifacts/1900b0aE.dag/Unity.AI.Generators.Asset.dll (+2 others)
[1045/1725  0s] Csc Library/Bee/artifacts/1900b0aE.dag/Unity.2D.Common.Runtime.dll (+2 others) [CacheHit d0cd1a4cb52b20082418543da5a2d69100000000000000000000000000000006]
[1095/1725  0s] Csc Library/Bee/artifacts/1900b0aE.dag/Unity.2D.Common.Runtime.dll (+2 others)
[1046/1725  0s] Csc Library/Bee/artifacts/1900b0aE.dag/Unity.UnifiedRayTracing.Runtime.dll (+2 others) [CacheHit b4f5ddf8e08466434ddf378f605d3c5f00000000000000000000000000000006]
[1097/1725  0s] Csc Library/Bee/artifacts/1900b0aE.dag/Unity.UnifiedRayTracing.Runtime.dll (+2 others)
[1047/1725  0s] Csc Library/Bee/artifacts/1900b0aE.dag/Unity.InferenceEngine.dll (+2 others) [CacheHit 0edaab0b21223a1c644af6f0689c9a0200000000000000000000000000000006]
[1099/1725  0s] Csc Library/Bee/artifacts/1900b0aE.dag/Unity.InferenceEngine.dll (+2 others)
[1050/1725  0s] Csc Library/Bee/artifacts/1900b0aE.dag/Unity.PerformanceTesting.dll (+2 others) [CacheHit 7d57f14cd458e91226a8f59d9751dd1300000000000000000000000000000006]
[1103/1725  0s] Csc Library/Bee/artifacts/1900b0aE.dag/Unity.PerformanceTesting.dll (+2 others)
[1058/1725  0s] Csc Library/Bee/artifacts/1900b0aE.dag/Unity.PlasticSCM.Editor.dll (+2 others) [CacheHit 3c2c6d5018c934fa436b4eac3b77c12000000000000000000000000000000006]
[1112/1725  0s] Csc Library/Bee/artifacts/1900b0aE.dag/Unity.PlasticSCM.Editor.dll (+2 others)
[1064/1725  0s] Csc Library/Bee/artifacts/1900b0aE.dag/Unity.AppUI.Editor.dll (+2 others) [CacheHit a726908ac94a0ff34b869f20237287e900000000000000000000000000000006]
[1119/1725  0s] Csc Library/Bee/artifacts/1900b0aE.dag/Unity.AppUI.Editor.dll (+2 others)
[1066/1725  0s] Csc Library/Bee/artifacts/1900b0aE.dag/Unity.AppUI.Redux.dll (+2 others) [CacheHit 420881c7031ee3cf0654248cec912f4e00000000000000000000000000000006]
[1122/1725  0s] Csc Library/Bee/artifacts/1900b0aE.dag/Unity.AppUI.Redux.dll (+2 others)
[1068/1725  0s] Csc Library/Bee/artifacts/1900b0aE.dag/Unity.2D.Aseprite.Common.dll (+2 others) [CacheHit 8f260c56aff6557e23a9c10285b9201100000000000000000000000000000006]
[1125/1725  0s] Csc Library/Bee/artifacts/1900b0aE.dag/Unity.2D.Aseprite.Common.dll (+2 others)
[1070/1725  0s] Csc Library/Bee/artifacts/1900b0aE.dag/Unity.InputSystem.TestFramework.dll (+2 others) [CacheHit 2719d1c69c9e19e5e6f68d0cdb2fc16d00000000000000000000000000000006]
[1128/1725  0s] Csc Library/Bee/artifacts/1900b0aE.dag/Unity.InputSystem.TestFramework.dll (+2 others)
[1072/1725  0s] Csc Library/Bee/artifacts/1900b0aE.dag/Unity.AppUI.Navigation.dll (+2 others) [CacheHit 9631d1cbc8a66eb6cd4bd231733879e600000000000000000000000000000006]
[1131/1725  0s] Csc Library/Bee/artifacts/1900b0aE.dag/Unity.AppUI.Navigation.dll (+2 others)
[1074/1725  0s] Csc Library/Bee/artifacts/1900b0aE.dag/Unity.RenderPipelines.Core.Runtime.Shared.dll (+2 others) [CacheHit 2725fcedc84645384ba9d6ce3546c49400000000000000000000000000000006]
[1134/1725  0s] Csc Library/Bee/artifacts/1900b0aE.dag/Unity.RenderPipelines.Core.Runtime.Shared.dll (+2 others)
[1075/1725  0s] Csc Library/Bee/artifacts/1900b0aE.dag/Unity.VisualScripting.Flow.dll (+2 others) [CacheHit b74135eb9cf15c2fecc4a7c02ddd3b2600000000000000000000000000000006]
[1136/1725  0s] Csc Library/Bee/artifacts/1900b0aE.dag/Unity.VisualScripting.Flow.dll (+2 others)
[1076/1725  0s] Csc Library/Bee/artifacts/1900b0aE.dag/Unity.AI.Assistant.Editor.dll (+2 others) [CacheHit 6a89bdd2a673ec93b111bbb0cc7c56dd00000000000000000000000000000006]
[1138/1725  0s] Csc Library/Bee/artifacts/1900b0aE.dag/Unity.AI.Assistant.Editor.dll (+2 others)
[1077/1725  0s] Csc Library/Bee/artifacts/1900b0aE.dag/Unity.VisualScripting.Core.Editor.dll (+2 others) [CacheHit d6240b9b8e4bc75eeeebe41e294cddb400000000000000000000000000000006]
[1140/1725  0s] Csc Library/Bee/artifacts/1900b0aE.dag/Unity.VisualScripting.Core.Editor.dll (+2 others)
[1078/1725  0s] Csc Library/Bee/artifacts/1900b0aE.dag/Unity.AI.Toolkit.GenerationContextMenu.dll (+2 others) [CacheHit df5897ecedc92f4db4022ee23342eb0000000000000000000000000000000006]
[1142/1725  0s] Csc Library/Bee/artifacts/1900b0aE.dag/Unity.AI.Toolkit.GenerationContextMenu.dll (+2 others)
[1079/1725  0s] Csc Library/Bee/artifacts/1900b0aE.dag/Unity.AI.Generators.IO.dll (+2 others) [CacheHit 88e30ce23de23aeb149e808795d3887500000000000000000000000000000006]
[1144/1725  0s] Csc Library/Bee/artifacts/1900b0aE.dag/Unity.AI.Generators.IO.dll (+2 others)
[1081/1725  0s] Csc Library/Bee/artifacts/1900b0aE.dag/Unity.PathTracing.Runtime.dll (+2 others) [CacheHit f7ff616c9ff4a089e11fcd92e5deac0700000000000000000000000000000006]
[1147/1725  0s] Csc Library/Bee/artifacts/1900b0aE.dag/Unity.PathTracing.Runtime.dll (+2 others)
[1086/1725  0s] Csc Library/Bee/artifacts/1900b0aE.dag/Unity.2D.SpriteShape.Runtime.dll (+2 others) [CacheHit 637aaa47c5336566eb822e382c344d7300000000000000000000000000000006]
[1153/1725  0s] Csc Library/Bee/artifacts/1900b0aE.dag/Unity.2D.SpriteShape.Runtime.dll (+2 others)
[1087/1725  0s] Csc Library/Bee/artifacts/1900b0aE.dag/Unity.RenderPipelines.GPUDriven.Runtime.dll (+2 others) [CacheHit bb72dd9547f042ffef3eb6a2d9c8c76100000000000000000000000000000006]
[1155/1725  0s] Csc Library/Bee/artifacts/1900b0aE.dag/Unity.RenderPipelines.GPUDriven.Runtime.dll (+2 others)
[1090/1725  0s] Csc Library/Bee/artifacts/1900b0aE.dag/Unity.AI.Generators.UI.AIDropdownIntegrations.dll (+2 others) [CacheHit 58bf4e83489b1f70e1873269bdc0eb2a00000000000000000000000000000006]
[1159/1725  0s] Csc Library/Bee/artifacts/1900b0aE.dag/Unity.AI.Generators.UI.AIDropdownIntegrations.dll (+2 others)
[1091/1725  0s] Csc Library/Bee/artifacts/1900b0aE.dag/Unity.AI.Toolkit.GenerationObjectPicker.dll (+2 others) [CacheHit ffc719f2452f0789efae8225273579e700000000000000000000000000000006]
[1161/1725  0s] Csc Library/Bee/artifacts/1900b0aE.dag/Unity.AI.Toolkit.GenerationObjectPicker.dll (+2 others)
[1102/1725  0s] Csc Library/Bee/artifacts/1900b0aE.dag/Unity.RenderPipeline.Universal.ShaderLibrary.dll (+2 others) [CacheHit 2d00ab3d861f42f0e4bc072b751fd0fc00000000000000000000000000000006]
[1173/1725  0s] Csc Library/Bee/artifacts/1900b0aE.dag/Unity.RenderPipeline.Universal.ShaderLibrary.dll (+2 others)
[1103/1725  0s] Csc Library/Bee/artifacts/1900b0aE.dag/Unity.2D.Common.Editor.dll (+2 others) [CacheHit e315cc552847efa937fe2d913055544500000000000000000000000000000006]
[1175/1725  0s] Csc Library/Bee/artifacts/1900b0aE.dag/Unity.2D.Common.Editor.dll (+2 others)
[1106/1725  0s] Csc Library/Bee/artifacts/1900b0aE.dag/Unity.RenderPipelines.Universal.Config.Runtime.dll (+2 others) [CacheHit a0e84138c36473b6a3d7b30b2172937e00000000000000000000000000000006]
[1179/1725  0s] Csc Library/Bee/artifacts/1900b0aE.dag/Unity.RenderPipelines.Universal.Config.Runtime.dll (+2 others)
[1110/1725  0s] Csc Library/Bee/artifacts/1900b0aE.dag/Unity.2D.Triangulation.Runtime.dll (+2 others) [CacheHit ac0d0b1f38a2c9b98b4cef94df85ac8000000000000000000000000000000006]
[1184/1725  0s] Csc Library/Bee/artifacts/1900b0aE.dag/Unity.2D.Triangulation.Runtime.dll (+2 others)
[1114/1725  0s] Csc Library/Bee/artifacts/1900b0aE.dag/Unity.InferenceEngine.ONNX.Editor.dll (+2 others) [CacheHit 9f8aa4ed635e2e95ffb96ce84bc26c5c00000000000000000000000000000006]
[1189/1725  0s] Csc Library/Bee/artifacts/1900b0aE.dag/Unity.InferenceEngine.ONNX.Editor.dll (+2 others)
[1144/1725  0s] Csc Library/Bee/artifacts/1900b0aE.dag/Unity.AI.Generators.Sdk.dll (+2 others) [CacheHit 8e0d764b9157efac639fe2a94c69e4a700000000000000000000000000000006]
[1221/1725  0s] Csc Library/Bee/artifacts/1900b0aE.dag/Unity.AI.Generators.Sdk.dll (+2 others)
[1155/1725  0s] Csc Library/Bee/artifacts/1900b0aE.dag/Unity.VisualScripting.State.dll (+2 others) [CacheHit 5a8ab9a793b060592b2ad8235117646b00000000000000000000000000000006]
[1232/1725  0s] Csc Library/Bee/artifacts/1900b0aE.dag/Unity.VisualScripting.State.dll (+2 others)
[1158/1725  0s] Csc Library/Bee/artifacts/1900b0aE.dag/Unity.PathTracing.Editor.dll (+2 others) [CacheHit 81283231200681a528545d3c2a8fe7f500000000000000000000000000000006]
[1236/1725  0s] Csc Library/Bee/artifacts/1900b0aE.dag/Unity.PathTracing.Editor.dll (+2 others)
[1165/1725  0s] Csc Library/Bee/artifacts/1900b0aE.dag/Unity.AI.Search.Editor.dll (+2 others) [CacheHit 8f9642330c4b65823baa73131e27d3c800000000000000000000000000000006]
[1244/1725  0s] Csc Library/Bee/artifacts/1900b0aE.dag/Unity.AI.Search.Editor.dll (+2 others)
[1166/1725  0s] Csc Library/Bee/artifacts/1900b0aE.dag/Unity.AI.Generators.UI.dll (+2 others) [CacheHit 54ee6d48f58605d7022199fd528a79bd00000000000000000000000000000006]
[1246/1725  0s] Csc Library/Bee/artifacts/1900b0aE.dag/Unity.AI.Generators.UI.dll (+2 others)
[1167/1725  0s] Csc Library/Bee/artifacts/1900b0aE.dag/Unity.InferenceEngine.Editor.Visualizer.dll (+2 others) [CacheHit d2ee071411d5dbea6adbbc4953eb678900000000000000000000000000000006]
[1248/1725  0s] Csc Library/Bee/artifacts/1900b0aE.dag/Unity.InferenceEngine.Editor.Visualizer.dll (+2 others)
[1168/1725  0s] Csc Library/Bee/artifacts/1900b0aE.dag/Unity.SurfaceCache.Runtime.dll (+2 others) [CacheHit d9be4eb6e5d2530183a53dfc7c01819700000000000000000000000000000006]
[1250/1725  0s] Csc Library/Bee/artifacts/1900b0aE.dag/Unity.SurfaceCache.Runtime.dll (+2 others)
[1169/1725  0s] Csc Library/Bee/artifacts/1900b0aE.dag/Unity.VisualScripting.Flow.Editor.dll (+2 others) [CacheHit 2b4d8dce644ad9cc9004d755c725ceed00000000000000000000000000000006]
[1252/1725  0s] Csc Library/Bee/artifacts/1900b0aE.dag/Unity.VisualScripting.Flow.Editor.dll (+2 others)
[1172/1725  0s] Csc Library/Bee/artifacts/1900b0aE.dag/PsdPlugin.dll (+2 others) [CacheHit bfabc0632774e64a7b404bc97975d1be00000000000000000000000000000006]
[1256/1725  0s] Csc Library/Bee/artifacts/1900b0aE.dag/PsdPlugin.dll (+2 others)
[1175/1725  0s] Csc Library/Bee/artifacts/1900b0aE.dag/Unity.InferenceEngine.iOSBLAS.dll (+2 others) [CacheHit a53b8cf1a38d76cbf796f12971cfb53400000000000000000000000000000006]
[1260/1725  0s] Csc Library/Bee/artifacts/1900b0aE.dag/Unity.InferenceEngine.iOSBLAS.dll (+2 others)
[1176/1725  0s] Csc Library/Bee/artifacts/1900b0aE.dag/Unity.RenderPipelines.ShaderGraph.ShaderGraphLibrary.dll (+2 others) [CacheHit a468a767be2680f7a78f6f5f1594f41e00000000000000000000000000000006]
[1262/1725  0s] Csc Library/Bee/artifacts/1900b0aE.dag/Unity.RenderPipelines.ShaderGraph.ShaderGraphLibrary.dll (+2 others)
[1177/1725  0s] Csc Library/Bee/artifacts/1900b0aE.dag/Unity.RenderPipelines.Core.ShaderLibrary.dll (+2 others) [CacheHit a34e88c355f06b3e2f0e3f7865b2904700000000000000000000000000000006]
[1264/1725  0s] Csc Library/Bee/artifacts/1900b0aE.dag/Unity.RenderPipelines.Core.ShaderLibrary.dll (+2 others)
[1178/1725  0s] Csc Library/Bee/artifacts/1900b0aE.dag/Unity.InferenceEngine.MacBLAS.dll (+2 others) [CacheHit cbb8d4e600d73eacd897d22a3753d5d400000000000000000000000000000006]
[1266/1725  0s] Csc Library/Bee/artifacts/1900b0aE.dag/Unity.InferenceEngine.MacBLAS.dll (+2 others)
[1183/1725  0s] Csc Library/Bee/artifacts/1900b0aE.dag/Unity.AppUI.MVVM.dll (+2 others) [CacheHit 38d799249049d4f598607d5caa512f3400000000000000000000000000000006]
[1272/1725  0s] Csc Library/Bee/artifacts/1900b0aE.dag/Unity.AppUI.MVVM.dll (+2 others)
[1185/1725  0s] Csc Library/Bee/artifacts/1900b0aE.dag/Unity.InputSystem.ForUI.dll (+2 others) [CacheHit 109453a166b7365b9f03025e4349b81200000000000000000000000000000006]
[1275/1725  0s] Csc Library/Bee/artifacts/1900b0aE.dag/Unity.InputSystem.ForUI.dll (+2 others)
[1186/1725  0s] Csc Library/Bee/artifacts/1900b0aE.dag/Unity.AppUI.Undo.dll (+2 others) [CacheHit 222d023a857c400a482a2fa37e9c133300000000000000000000000000000006]
[1277/1725  0s] Csc Library/Bee/artifacts/1900b0aE.dag/Unity.AppUI.Undo.dll (+2 others)
[1187/1725  0s] Csc Library/Bee/artifacts/1900b0aE.dag/Unity.VisualScripting.DocCodeExamples.dll (+2 others) [CacheHit 4036d453d73c43fb3552fd44d2e5b50a00000000000000000000000000000006]
[1279/1725  0s] Csc Library/Bee/artifacts/1900b0aE.dag/Unity.VisualScripting.DocCodeExamples.dll (+2 others)
[1188/1725  0s] Csc Library/Bee/artifacts/1900b0aE.dag/Unity.RenderPipelines.Universal.Runtime.dll (+2 others) [CacheHit f6df548c0a54495bf6700ea59e1cdad700000000000000000000000000000006]
[1281/1725  0s] Csc Library/Bee/artifacts/1900b0aE.dag/Unity.RenderPipelines.Universal.Runtime.dll (+2 others)
[1189/1725  0s] Csc Library/Bee/artifacts/1900b0aE.dag/Unity.RenderPipelines.Universal.Shaders.dll (+2 others) [CacheHit d6c5b700cf30cb1d592a7426e873cb2900000000000000000000000000000006]
[1283/1725  0s] Csc Library/Bee/artifacts/1900b0aE.dag/Unity.RenderPipelines.Universal.Shaders.dll (+2 others)
[1190/1725  0s] Csc Library/Bee/artifacts/1900b0aE.dag/Unity.RenderPipelines.Core.Editor.dll (+2 others) [CacheHit 42f739be6be0d91657d8962d98f5c4b200000000000000000000000000000006]
[1285/1725  0s] Csc Library/Bee/artifacts/1900b0aE.dag/Unity.RenderPipelines.Core.Editor.dll (+2 others)
[1191/1725  0s] Csc Library/Bee/artifacts/1900b0aE.dag/Unity.AI.Assistant.Tools.Editor.dll (+2 others) [CacheHit 2efd5fcf9e05d97f5bf45ffaec57d65e00000000000000000000000000000006]
[1287/1725  0s] Csc Library/Bee/artifacts/1900b0aE.dag/Unity.AI.Assistant.Tools.Editor.dll (+2 others)
[1192/1725  0s] Csc Library/Bee/artifacts/1900b0aE.dag/Unity.2D.Tilemap.Extras.Editor.dll (+2 others) [CacheHit 87e1aba6ad17cae8a2b8870a7130989300000000000000000000000000000006]
[1289/1725  0s] Csc Library/Bee/artifacts/1900b0aE.dag/Unity.2D.Tilemap.Extras.Editor.dll (+2 others)
[1193/1725  0s] Csc Library/Bee/artifacts/1900b0aE.dag/Unity.PerformanceTesting.Editor.dll (+2 others) [CacheHit 35dbfdfa712af54a4886b88f825ced7f00000000000000000000000000000006]
[1291/1725  0s] Csc Library/Bee/artifacts/1900b0aE.dag/Unity.PerformanceTesting.Editor.dll (+2 others)
[1194/1725  0s] Csc Library/Bee/artifacts/1900b0aE.dag/Unity.Timeline.Editor.dll (+2 others) [CacheHit 84d44316547beb39fe26c28c8f52ac9a00000000000000000000000000000006]
[1293/1725  0s] Csc Library/Bee/artifacts/1900b0aE.dag/Unity.Timeline.Editor.dll (+2 others)
[1195/1725  0s] Csc Library/Bee/artifacts/1900b0aE.dag/Unity.VisualScripting.State.Editor.dll (+2 others) [CacheHit 0c1ec42b41644409abe64bb1d60f6ad700000000000000000000000000000006]
[1295/1725  0s] Csc Library/Bee/artifacts/1900b0aE.dag/Unity.VisualScripting.State.Editor.dll (+2 others)
[1198/1725  0s] Csc Library/Bee/artifacts/1900b0aE.dag/Unity.AppUI.Navigation.Editor.dll (+2 others) [CacheHit eaa26d03889015ff33af4266b07a375f00000000000000000000000000000006]
[1299/1725  0s] Csc Library/Bee/artifacts/1900b0aE.dag/Unity.AppUI.Navigation.Editor.dll (+2 others)
[1200/1725  0s] Csc Library/Bee/artifacts/1900b0aE.dag/Unity.AI.ModelSelector.dll (+2 others) [CacheHit b5d0e72f5a51f9af0e9ad9db0d711f1300000000000000000000000000000006]
[1302/1725  0s] Csc Library/Bee/artifacts/1900b0aE.dag/Unity.AI.ModelSelector.dll (+2 others)
[1206/1725  0s] Csc Library/Bee/artifacts/1900b0aE.dag/Unity.VisualScripting.SettingsProvider.Editor.dll (+2 others) [CacheHit cadad6b7e3d32f0a4002294e94c567d100000000000000000000000000000006]
[1309/1725  0s] Csc Library/Bee/artifacts/1900b0aE.dag/Unity.VisualScripting.SettingsProvider.Editor.dll (+2 others)
[1207/1725  0s] Csc Library/Bee/artifacts/1900b0aE.dag/Unity.Rendering.LightTransport.Editor.dll (+2 others) [CacheHit ed2f93d7d5dfd0a7b249c481d6a2729a00000000000000000000000000000006]
[1311/1725  0s] Csc Library/Bee/artifacts/1900b0aE.dag/Unity.Rendering.LightTransport.Editor.dll (+2 others)
[1208/1725  0s] Csc Library/Bee/artifacts/1900b0aE.dag/Unity.InferenceEngine.Tokenization.dll (+2 others) [CacheHit 4f9996fc0020ab58020d2b5b665753ec00000000000000000000000000000006]
[1313/1725  0s] Csc Library/Bee/artifacts/1900b0aE.dag/Unity.InferenceEngine.Tokenization.dll (+2 others)
[1217/1725  0s] Csc Library/Bee/artifacts/1900b0aE.dag/UnityEditor.UI.Analytics.dll (+2 others) [CacheHit c9aeabd3600fc9b5853cc91f0089678300000000000000000000000000000006]
[1323/1725  0s] Csc Library/Bee/artifacts/1900b0aE.dag/UnityEditor.UI.Analytics.dll (+2 others)
[1218/1725  0s] Csc Library/Bee/artifacts/1900b0aE.dag/ScriptablePacker.dll (+2 others) [CacheHit 4d77f2a4770e0f383fba3ed023fb30be00000000000000000000000000000006]
[1325/1725  0s] Csc Library/Bee/artifacts/1900b0aE.dag/ScriptablePacker.dll (+2 others)
[1219/1725  0s] Csc Library/Bee/artifacts/1900b0aE.dag/Unity.InputSystem.DocCodeSamples.dll (+2 others) [CacheHit 78ab8e5258c069dabc53a47a1d03318900000000000000000000000000000006]
[1327/1725  0s] Csc Library/Bee/artifacts/1900b0aE.dag/Unity.InputSystem.DocCodeSamples.dll (+2 others)
[1220/1725  0s] Csc Library/Bee/artifacts/1900b0aE.dag/Unity.Collections.Editor.dll (+2 others) [CacheHit 40c3cbfc82aa1032ef74428d4e0f677700000000000000000000000000000006]
[1329/1725  0s] Csc Library/Bee/artifacts/1900b0aE.dag/Unity.Collections.Editor.dll (+2 others)
[1221/1725  0s] Csc Library/Bee/artifacts/1900b0aE.dag/Unity.2D.Animation.Runtime.dll (+2 others) [CacheHit e28b5019874abce04830621348e974d300000000000000000000000000000006]
[1331/1725  0s] Csc Library/Bee/artifacts/1900b0aE.dag/Unity.2D.Animation.Runtime.dll (+2 others)
[1222/1725  0s] Csc Library/Bee/artifacts/1900b0aE.dag/Unity.2D.Tooling.Editor.dll (+2 others) [CacheHit d9f64efe32128c39471d2e015a8f8a1e00000000000000000000000000000006]
[1333/1725  0s] Csc Library/Bee/artifacts/1900b0aE.dag/Unity.2D.Tooling.Editor.dll (+2 others)
[1223/1725  0s] Csc Library/Bee/artifacts/1900b0aE.dag/Unity.CollabProxy.Editor.dll (+2 others) [CacheHit cf9a9f6cfa51e7d6011877735de4ed3900000000000000000000000000000006]
[1335/1725  0s] Csc Library/Bee/artifacts/1900b0aE.dag/Unity.CollabProxy.Editor.dll (+2 others)
[1224/1725  0s] Csc Library/Bee/artifacts/1900b0aE.dag/Unity.RenderPipelines.Core.Editor.Shared.dll (+2 others) [CacheHit a2d32852f887657dd98ab35aa338052d00000000000000000000000000000006]
[1337/1725  0s] Csc Library/Bee/artifacts/1900b0aE.dag/Unity.RenderPipelines.Core.Editor.Shared.dll (+2 others)
[1225/1725  0s] Csc Library/Bee/artifacts/1900b0aE.dag/Unity.AI.Assistant.UI.Editor.dll (+2 others) [CacheHit 6652d003b9397d9aa84992b396e1ae1400000000000000000000000000000006]
[1339/1725  0s] Csc Library/Bee/artifacts/1900b0aE.dag/Unity.AI.Assistant.UI.Editor.dll (+2 others)
[1226/1725  0s] Csc Library/Bee/artifacts/1900b0aE.dag/Unity.TextMeshPro.Editor.dll (+2 others) [CacheHit 71e5917860467bc01678aad0555bac4600000000000000000000000000000006]
[1341/1725  0s] Csc Library/Bee/artifacts/1900b0aE.dag/Unity.TextMeshPro.Editor.dll (+2 others)
[1227/1725  0s] Csc Library/Bee/artifacts/1900b0aE.dag/Unity.ShaderGraph.Editor.dll (+2 others) [CacheHit 0294bec21af53435c073bf9cda95d4d600000000000000000000000000000006]
[1343/1725  0s] Csc Library/Bee/artifacts/1900b0aE.dag/Unity.ShaderGraph.Editor.dll (+2 others)
[1228/1725  0s] Csc Library/Bee/artifacts/1900b0aE.dag/Unity.VisualScripting.Shared.Editor.dll (+2 others) [CacheHit 26d0d9f3bed41b11d559d0e83afb5a6c00000000000000000000000000000006]
[1345/1725  0s] Csc Library/Bee/artifacts/1900b0aE.dag/Unity.VisualScripting.Shared.Editor.dll (+2 others)
[1233/1725  0s] Csc Library/Bee/artifacts/1900b0aE.dag/Unity.AI.Pbr.dll (+2 others) [CacheHit 1a9aa332446d0abb5c6da68a52de02e600000000000000000000000000000006]
[1351/1725  0s] Csc Library/Bee/artifacts/1900b0aE.dag/Unity.AI.Pbr.dll (+2 others)
[1234/1725  0s] Csc Library/Bee/artifacts/1900b0aE.dag/Unity.AI.Mesh.dll (+2 others) [CacheHit d159ee7c420417b44974edfbd0a7006d00000000000000000000000000000006]
[1353/1725  0s] Csc Library/Bee/artifacts/1900b0aE.dag/Unity.AI.Mesh.dll (+2 others)
[1235/1725  0s] Csc Library/Bee/artifacts/1900b0aE.dag/Unity.AI.Sound.dll (+2 others) [CacheHit 24652f3146cdc6136dee2f76b89d693b00000000000000000000000000000006]
[1355/1725  0s] Csc Library/Bee/artifacts/1900b0aE.dag/Unity.AI.Sound.dll (+2 others)
[1359/1725  0s] MovedFromExtractor Library/Bee/artifacts/mvdfrm/Unity.InferenceEngine.Editor.Visualizer.ref.dll_DF84C9EF207349E4.mvfrm
[1239/1725  0s] Csc Library/Bee/artifacts/1900b0aE.dag/Unity.AI.Image.dll (+2 others) [CacheHit 90beb59d471e0f849a6068c5c26b0d8d00000000000000000000000000000006]
[1360/1725  0s] Csc Library/Bee/artifacts/1900b0aE.dag/Unity.AI.Image.dll (+2 others)
[1240/1725  0s] Csc Library/Bee/artifacts/1900b0aE.dag/Unity.AI.Animate.dll (+2 others) [CacheHit 284aa0e3744d7b6c3f26c477f352ab2a00000000000000000000000000000006]
[1362/1725  0s] Csc Library/Bee/artifacts/1900b0aE.dag/Unity.AI.Animate.dll (+2 others)
[1243/1725  0s] Csc Library/Bee/artifacts/1900b0aE.dag/Unity.PlasticSCM.Editor.Entities.dll (+2 others) [CacheHit d43e238de2a5f3943e5972c644024f7300000000000000000000000000000006]
[1366/1725  0s] Csc Library/Bee/artifacts/1900b0aE.dag/Unity.PlasticSCM.Editor.Entities.dll (+2 others)
[1249/1725  0s] Csc Library/Bee/artifacts/1900b0aE.dag/Unity.AppUI.Redux.Editor.dll (+2 others) [CacheHit 90125b1984d61142dac84637e209c5c700000000000000000000000000000006]
[1373/1725  0s] Csc Library/Bee/artifacts/1900b0aE.dag/Unity.AppUI.Redux.Editor.dll (+2 others)
[1375/1725  0s] CopyFiles Library/ScriptAssemblies/Unity.Collections.CodeGen.pdb
[1376/1725  0s] CopyFiles Library/ScriptAssemblies/Unity.Burst.CodeGen.dll
[1252/1725  0s] Csc Library/Bee/artifacts/1900b0aE.dag/Unity.PlasticSCM.Editor.Assistant.dll (+2 others) [CacheHit 6e32826b35a6707371372f17fbbe235300000000000000000000000000000006]
[1377/1725  0s] Csc Library/Bee/artifacts/1900b0aE.dag/Unity.PlasticSCM.Editor.Assistant.dll (+2 others)
[1254/1725  0s] Csc Library/Bee/artifacts/1900b0aE.dag/Unity.RenderPipelines.Universal.2D.Runtime.dll (+2 others) [CacheHit fdd97551d3276fe217af7f927cf5703400000000000000000000000000000006]
[1380/1725  0s] CopyFiles Library/ScriptAssemblies/Unity.Burst.CodeGen.pdb
[1381/1725  0s] Csc Library/Bee/artifacts/1900b0aE.dag/Unity.RenderPipelines.Universal.2D.Runtime.dll (+2 others)
[1258/1725  0s] Csc Library/Bee/artifacts/1900b0aE.dag/Unity.2D.SpriteShape.Editor.dll (+2 others) [CacheHit c367389dd6e208637ea7c70d1796900000000000000000000000000000000006]
[1385/1725  0s] Csc Library/Bee/artifacts/1900b0aE.dag/Unity.2D.SpriteShape.Editor.dll (+2 others)
[1259/1725  0s] Csc Library/Bee/artifacts/1900b0aE.dag/Unity.2D.IK.Runtime.dll (+2 others) [CacheHit f75f170fb6328eaaa44de4f357c49c2400000000000000000000000000000006]
[1387/1725  0s] Csc Library/Bee/artifacts/1900b0aE.dag/Unity.2D.IK.Runtime.dll (+2 others)
[1260/1725  0s] Csc Library/Bee/artifacts/1900b0aE.dag/Unity.2D.Animation.Editor.dll (+2 others) [CacheHit 23b5d7e89855abd92f86a9b52f62a69100000000000000000000000000000006]
[1389/1725  0s] Csc Library/Bee/artifacts/1900b0aE.dag/Unity.2D.Animation.Editor.dll (+2 others)
[1266/1725  0s] Csc Library/Bee/artifacts/1900b0aE.dag/Unity.Rider.Editor.dll (+2 others) [CacheHit 13ce3fcdd2f76b09aabebd839f6ac6e600000000000000000000000000000006]
[1396/1725  0s] Csc Library/Bee/artifacts/1900b0aE.dag/Unity.Rider.Editor.dll (+2 others)
[1268/1725  0s] Csc Library/Bee/artifacts/1900b0aE.dag/Unity.VisualStudio.Editor.dll (+2 others) [CacheHit 5c2f6f72af124a6b5f3dff011b0f7be200000000000000000000000000000006]
[1399/1725  0s] Csc Library/Bee/artifacts/1900b0aE.dag/Unity.VisualStudio.Editor.dll (+2 others)
[1401/1725  0s] CopyFiles Library/ScriptAssemblies/Unity.Rider.Editor.pdb
[1402/1725  0s] CopyFiles Library/ScriptAssemblies/Unity.Collections.CodeGen.dll
[1406/1725  0s] CopyFiles Library/ScriptAssemblies/Unity.VisualStudio.Editor.pdb
[1275/1725  0s] Csc Library/Bee/artifacts/1900b0aE.dag/Unity.Multiplayer.Center.Editor.dll (+2 others) [CacheHit 053efff150aa0f6dd74362b75f5a76bc00000000000000000000000000000006]
[1407/1725  0s] Csc Library/Bee/artifacts/1900b0aE.dag/Unity.Multiplayer.Center.Editor.dll (+2 others)
[1276/1725  0s] Csc Library/Bee/artifacts/1900b0aE.dag/Unity.AI.Assistant.API.Editor.dll (+2 others) [CacheHit ff2113188c5d89b4bc9ac15fb9ae996900000000000000000000000000000006]
[1409/1725  0s] Csc Library/Bee/artifacts/1900b0aE.dag/Unity.AI.Assistant.API.Editor.dll (+2 others)
[1279/1725  0s] Csc Library/Bee/artifacts/1900b0aE.dag/Unity.AI.Generators.Tools.dll (+2 others) [CacheHit 06d4fc07752ef113ddad8ecfa03fa78000000000000000000000000000000006]
[1413/1725  0s] Csc Library/Bee/artifacts/1900b0aE.dag/Unity.AI.Generators.Tools.dll (+2 others)
[1280/1725  0s] Csc Library/Bee/artifacts/1900b0aE.dag/Unity.RenderPipelines.Universal.2D.Editor.Overrides.dll (+2 others) [CacheHit e8e251231ef93df20642e14fbf7c631400000000000000000000000000000006]
[1415/1725  0s] Csc Library/Bee/artifacts/1900b0aE.dag/Unity.RenderPipelines.Universal.2D.Editor.Overrides.dll (+2 others)
[1281/1725  0s] Csc Library/Bee/artifacts/1900b0aE.dag/Unity.2D.Aseprite.Editor.dll (+2 others) [CacheHit 67375ed11cbf562993247ba2ded1499100000000000000000000000000000006]
[1417/1725  0s] Csc Library/Bee/artifacts/1900b0aE.dag/Unity.2D.Aseprite.Editor.dll (+2 others)
[1282/1725  0s] Csc Library/Bee/artifacts/1900b0aE.dag/Unity.RenderPipelines.Universal.Editor.dll (+2 others) [CacheHit dd4c3e76a15dbc4e6dd09daf5847555b00000000000000000000000000000006]
[1419/1725  0s] Csc Library/Bee/artifacts/1900b0aE.dag/Unity.RenderPipelines.Universal.Editor.dll (+2 others)
[1283/1725  0s] Csc Library/Bee/artifacts/1900b0aE.dag/Unity.2D.IK.Editor.dll (+2 others) [CacheHit 6a5f4b292d022db63b02e7eddf62b13400000000000000000000000000000006]
[1421/1725  0s] Csc Library/Bee/artifacts/1900b0aE.dag/Unity.2D.IK.Editor.dll (+2 others)
[1286/1725  0s] Csc Library/Bee/artifacts/1900b0aE.dag/Unity.2D.Psdimporter.Editor.dll (+2 others) [CacheHit 1effca2ad2c18504f5b614652a9a7a8900000000000000000000000000000006]
[1425/1725  0s] Csc Library/Bee/artifacts/1900b0aE.dag/Unity.2D.Psdimporter.Editor.dll (+2 others)
[1427/1725  0s] CopyFiles Library/ScriptAssemblies/Unity.VisualStudio.Editor.dll
[1288/1725  0s] Csc Library/Bee/artifacts/1900b0aE.dag/Unity.AI.Assistant.Integrations.Profiler.Editor.dll (+2 others) [CacheHit 7f52b8963261b238a31e85c3ba52114b00000000000000000000000000000006]
[1428/1725  0s] Csc Library/Bee/artifacts/1900b0aE.dag/Unity.AI.Assistant.Integrations.Profiler.Editor.dll (+2 others)
[1430/1725  0s] MovedFromExtractor-Combine Library/Bee/artifacts/1900b0aE.dag/Unity.InferenceEngine.Editor.dll.mvfrm
[1290/1725  0s] Csc Library/Bee/artifacts/1900b0aE.dag/Unity.AI.Assistant.AssetGenerators.Editor.dll (+2 others) [CacheHit feed7f864d2171671162048fc850d58a00000000000000000000000000000006]
[1431/1725  0s] Csc Library/Bee/artifacts/1900b0aE.dag/Unity.AI.Assistant.AssetGenerators.Editor.dll (+2 others)
[1291/1725  0s] Csc Library/Bee/artifacts/1900b0aE.dag/Unity.InferenceEngine.Editor.dll (+2 others) [CacheHit 545c224bb5fb51737a64fe2f8cbe3a2a00000000000000000000000000000006]
[1433/1725  0s] Csc Library/Bee/artifacts/1900b0aE.dag/Unity.InferenceEngine.Editor.dll (+2 others)
[1294/1725  0s] Csc Library/Bee/artifacts/1900b0aE.dag/Unity.AI.MCP.Editor.dll (+2 others) [CacheHit 3402e09b689d2665ed2f41f80eecc26600000000000000000000000000000006]
[1437/1725  0s] Csc Library/Bee/artifacts/1900b0aE.dag/Unity.AI.MCP.Editor.dll (+2 others)
[1439/1725  0s] CopyFiles Library/ScriptAssemblies/Unity.Rider.Editor.dll
[1440/1725  0s] Csc Library/Bee/artifacts/1900b0aE.dag/NaManMoo.Runtime.dll (+2 others)
Assets\Scripts\Dungeon\DungeonRunner.cs(277,26): warning CS0618: 'FindObjectsSortMode' is obsolete: 'FindObjectsSortMode has been deprecated. Use the FindObjectsByType overloads that do not take a FindObjectsSortMode parameter.'

Assets\Scripts\Dungeon\DungeonRunner.cs(275,38): warning CS0618: 'Object.FindObjectsByType<T>(FindObjectsInactive, FindObjectsSortMode)' is obsolete: 'FindObjectsByType with FindObjectsSortMode parameter has been deprecated. Use FindObjectsByType<T>() or FindObjectsByType<T>(FindObjectsInactive) instead. InstanceID will be replaced in the future with EntityId and previous sort order cannot be maintained.'
[1441/1725  0s] ILPP-Configuration Library/ilpp-configuration.nevergeneratedoutput
[1442/1725  0s] ILPostProcess Library/Bee/artifacts/1900b0aE.dag/post-processed/UnityEngine.UI.dll (+pdb)
Processing assembly Library/Bee/artifacts/1900b0aE.dag/UnityEngine.UI.dll, with 149 defines and 296 references

processors: Unity.Jobs.CodeGen.JobsILPostProcessor, zzzUnity.Burst.CodeGen.BurstILPostProcessor

running Unity.Jobs.CodeGen.JobsILPostProcessor

running zzzUnity.Burst.CodeGen.BurstILPostProcessor
[1443/1725  0s] ILPostProcess Library/Bee/artifacts/1900b0aE.dag/post-processed/Unity.InternalAPIEngineBridge.001.dll (+pdb)
Processing assembly Library/Bee/artifacts/1900b0aE.dag/Unity.InternalAPIEngineBridge.001.dll, with 143 defines and 298 references

processors: Unity.Jobs.CodeGen.JobsILPostProcessor, zzzUnity.Burst.CodeGen.BurstILPostProcessor

running Unity.Jobs.CodeGen.JobsILPostProcessor

running zzzUnity.Burst.CodeGen.BurstILPostProcessor
[1444/1725  0s] ILPostProcess Library/Bee/artifacts/1900b0aE.dag/post-processed/Unity.InferenceEngine.MacBLAS.dll (+pdb)
Processing assembly Library/Bee/artifacts/1900b0aE.dag/Unity.InferenceEngine.MacBLAS.dll, with 143 defines and 299 references

processors: Unity.Jobs.CodeGen.JobsILPostProcessor, zzzUnity.Burst.CodeGen.BurstILPostProcessor

running Unity.Jobs.CodeGen.JobsILPostProcessor

running zzzUnity.Burst.CodeGen.BurstILPostProcessor
[1445/1725  0s] ILPostProcess Library/Bee/artifacts/1900b0aE.dag/post-processed/Unity.InferenceEngine.iOSBLAS.dll (+pdb)
Processing assembly Library/Bee/artifacts/1900b0aE.dag/Unity.InferenceEngine.iOSBLAS.dll, with 143 defines and 299 references

processors: Unity.Jobs.CodeGen.JobsILPostProcessor, zzzUnity.Burst.CodeGen.BurstILPostProcessor

running Unity.Jobs.CodeGen.JobsILPostProcessor

running zzzUnity.Burst.CodeGen.BurstILPostProcessor
[1446/1725  0s] ILPostProcess Library/Bee/artifacts/1900b0aE.dag/post-processed/Unity.InferenceEngine.Tokenization.dll (+pdb)
Processing assembly Library/Bee/artifacts/1900b0aE.dag/Unity.InferenceEngine.Tokenization.dll, with 143 defines and 283 references

processors: Unity.Jobs.CodeGen.JobsILPostProcessor, zzzUnity.Burst.CodeGen.BurstILPostProcessor

running Unity.Jobs.CodeGen.JobsILPostProcessor

running zzzUnity.Burst.CodeGen.BurstILPostProcessor
[1447/1725  0s] Csc Library/Bee/artifacts/1900b0aE.dag/NaManMoo.Editor.dll (+2 others)
[1448/1725  0s] ILPostProcess Library/Bee/artifacts/1900b0aE.dag/post-processed/Unity.TextMeshPro.dll (+pdb)
Processing assembly Library/Bee/artifacts/1900b0aE.dag/Unity.TextMeshPro.dll, with 144 defines and 299 references

processors: Unity.Jobs.CodeGen.JobsILPostProcessor, zzzUnity.Burst.CodeGen.BurstILPostProcessor

running Unity.Jobs.CodeGen.JobsILPostProcessor

running zzzUnity.Burst.CodeGen.BurstILPostProcessor
[1449/1725  0s] Csc Library/Bee/artifacts/1900b0aE.dag/NaManMoo.PlayModeTests.dll (+2 others)
Assets\Tests\PlayMode\DungeonBossPlayModeTests.cs(147,77): warning CS0618: 'FindObjectsSortMode' is obsolete: 'FindObjectsSortMode has been deprecated. Use the FindObjectsByType overloads that do not take a FindObjectsSortMode parameter.'

Assets\Tests\PlayMode\DungeonBossPlayModeTests.cs(147,39): warning CS0618: 'Object.FindObjectsByType<T>(FindObjectsSortMode)' is obsolete: 'FindObjectsByType with FindObjectsSortMode parameter has been deprecated. Use FindObjectsByType<T>() or FindObjectsByType<T>(FindObjectsInactive) instead. InstanceID will be replaced in the future with EntityId and previous sort order cannot be maintained.'

Assets\Tests\PlayMode\DungeonScenePlayModeTests.cs(31,22): warning CS0618: 'Object.FindFirstObjectByType<T>()' is obsolete: 'FindFirstObjectByType has been deprecated because it relies on instance ID ordering. Use FindAnyObjectByType instead, which does not depend on ordering.'

Assets\Tests\PlayMode\DungeonBossPlayModeTests.cs(184,26): warning CS0618: 'Object.FindFirstObjectByType<T>()' is obsolete: 'FindFirstObjectByType has been deprecated because it relies on instance ID ordering. Use FindAnyObjectByType instead, which does not depend on ordering.'

Assets\Tests\PlayMode\DungeonScenePlayModeTests.cs(74,83): warning CS0618: 'FindObjectsSortMode' is obsolete: 'FindObjectsSortMode has been deprecated. Use the FindObjectsByType overloads that do not take a FindObjectsSortMode parameter.'

Assets\Tests\PlayMode\DungeonScenePlayModeTests.cs(74,42): warning CS0618: 'Object.FindObjectsByType<T>(FindObjectsSortMode)' is obsolete: 'FindObjectsByType with FindObjectsSortMode parameter has been deprecated. Use FindObjectsByType<T>() or FindObjectsByType<T>(FindObjectsInactive) instead. InstanceID will be replaced in the future with EntityId and previous sort order cannot be maintained.'

Assets\Tests\PlayMode\DungeonScenePlayModeTests.cs(94,22): warning CS0618: 'Object.FindFirstObjectByType<T>()' is obsolete: 'FindFirstObjectByType has been deprecated because it relies on instance ID ordering. Use FindAnyObjectByType instead, which does not depend on ordering.'

Assets\Tests\PlayMode\DungeonScenePlayModeTests.cs(95,25): warning CS0618: 'Object.FindFirstObjectByType<T>()' is obsolete: 'FindFirstObjectByType has been deprecated because it relies on instance ID ordering. Use FindAnyObjectByType instead, which does not depend on ordering.'

Assets\Tests\PlayMode\DungeonScenePlayModeTests.cs(122,51): warning CS0618: 'FindObjectsSortMode' is obsolete: 'FindObjectsSortMode has been deprecated. Use the FindObjectsByType overloads that do not take a FindObjectsSortMode parameter.'

Assets\Tests\PlayMode\DungeonScenePlayModeTests.cs(122,13): warning CS0618: 'Object.FindObjectsByType<T>(FindObjectsSortMode)' is obsolete: 'FindObjectsByType with FindObjectsSortMode parameter has been deprecated. Use FindObjectsByType<T>() or FindObjectsByType<T>(FindObjectsInactive) instead. InstanceID will be replaced in the future with EntityId and previous sort order cannot be maintained.'

Assets\Tests\PlayMode\DungeonBossPlayModeTests.cs(225,26): warning CS0618: 'Object.FindFirstObjectByType<T>()' is obsolete: 'FindFirstObjectByType has been deprecated because it relies on instance ID ordering. Use FindAnyObjectByType instead, which does not depend on ordering.'

Assets\Tests\PlayMode\DungeonBossPlayModeTests.cs(265,21): warning CS0618: 'Object.FindFirstObjectByType<T>()' is obsolete: 'FindFirstObjectByType has been deprecated because it relies on instance ID ordering. Use FindAnyObjectByType instead, which does not depend on ordering.'

Assets\Tests\PlayMode\DungeonBossPlayModeTests.cs(267,21): warning CS0618: 'Object.FindFirstObjectByType<T>()' is obsolete: 'FindFirstObjectByType has been deprecated because it relies on instance ID ordering. Use FindAnyObjectByType instead, which does not depend on ordering.'

Assets\Tests\PlayMode\DungeonRunnerPlayModeTests.cs(460,13): warning CS0618: 'FindObjectsSortMode' is obsolete: 'FindObjectsSortMode has been deprecated. Use the FindObjectsByType overloads that do not take a FindObjectsSortMode parameter.'

Assets\Tests\PlayMode\DungeonRunnerPlayModeTests.cs(458,16): warning CS0618: 'Object.FindObjectsByType<T>(FindObjectsInactive, FindObjectsSortMode)' is obsolete: 'FindObjectsByType with FindObjectsSortMode parameter has been deprecated. Use FindObjectsByType<T>() or FindObjectsByType<T>(FindObjectsInactive) instead. InstanceID will be replaced in the future with EntityId and previous sort order cannot be maintained.'

Assets\Tests\PlayMode\DungeonScenePlayModeTests.cs(133,20): warning CS0618: 'Object.FindFirstObjectByType<T>()' is obsolete: 'FindFirstObjectByType has been deprecated because it relies on instance ID ordering. Use FindAnyObjectByType instead, which does not depend on ordering.'

Assets\Tests\PlayMode\DungeonScenePlayModeTests.cs(154,22): warning CS0618: 'Object.FindFirstObjectByType<T>()' is obsolete: 'FindFirstObjectByType has been deprecated because it relies on instance ID ordering. Use FindAnyObjectByType instead, which does not depend on ordering.'

Assets\Tests\PlayMode\DungeonScenePlayModeTests.cs(204,21): warning CS0618: 'Object.FindFirstObjectByType<T>()' is obsolete: 'FindFirstObjectByType has been deprecated because it relies on instance ID ordering. Use FindAnyObjectByType instead, which does not depend on ordering.'

Assets\Tests\PlayMode\DungeonScenePlayModeTests.cs(207,22): warning CS0618: 'Object.FindFirstObjectByType<T>()' is obsolete: 'FindFirstObjectByType has been deprecated because it relies on instance ID ordering. Use FindAnyObjectByType instead, which does not depend on ordering.'

Assets\Tests\PlayMode\DungeonScenePlayModeTests.cs(259,76): warning CS0618: 'FindObjectsSortMode' is obsolete: 'FindObjectsSortMode has been deprecated. Use the FindObjectsByType overloads that do not take a FindObjectsSortMode parameter.'

Assets\Tests\PlayMode\DungeonScenePlayModeTests.cs(259,38): warning CS0618: 'Object.FindObjectsByType<T>(FindObjectsSortMode)' is obsolete: 'FindObjectsByType with FindObjectsSortMode parameter has been deprecated. Use FindObjectsByType<T>() or FindObjectsByType<T>(FindObjectsInactive) instead. InstanceID will be replaced in the future with EntityId and previous sort order cannot be maintained.'
[1450/1725  0s] ILPostProcess Library/Bee/artifacts/1900b0aE.dag/post-processed/Unity.VisualScripting.Core.dll (+pdb)
Processing assembly Library/Bee/artifacts/1900b0aE.dag/Unity.VisualScripting.Core.dll, with 148 defines and 299 references

processors: Unity.Jobs.CodeGen.JobsILPostProcessor, zzzUnity.Burst.CodeGen.BurstILPostProcessor

running Unity.Jobs.CodeGen.JobsILPostProcessor

running zzzUnity.Burst.CodeGen.BurstILPostProcessor
[1451/1725  0s] ILPostProcess Library/Bee/artifacts/1900b0aE.dag/post-processed/Unity.AppUI.Undo.dll (+pdb)
Processing assembly Library/Bee/artifacts/1900b0aE.dag/Unity.AppUI.Undo.dll, with 143 defines and 284 references

processors: Unity.Jobs.CodeGen.JobsILPostProcessor, zzzUnity.Burst.CodeGen.BurstILPostProcessor

running Unity.Jobs.CodeGen.JobsILPostProcessor

running zzzUnity.Burst.CodeGen.BurstILPostProcessor
[1452/1725  0s] ILPostProcess Library/Bee/artifacts/1900b0aE.dag/post-processed/Unity.AppUI.MVVM.dll (+pdb)
Processing assembly Library/Bee/artifacts/1900b0aE.dag/Unity.AppUI.MVVM.dll, with 144 defines and 286 references

processors: Unity.Jobs.CodeGen.JobsILPostProcessor, zzzUnity.Burst.CodeGen.BurstILPostProcessor

running Unity.Jobs.CodeGen.JobsILPostProcessor

running zzzUnity.Burst.CodeGen.BurstILPostProcessor
[1453/1725  0s] ILPostProcess Library/Bee/artifacts/1900b0aE.dag/post-processed/Unity.AppUI.Navigation.dll (+pdb)
Processing assembly Library/Bee/artifacts/1900b0aE.dag/Unity.AppUI.Navigation.dll, with 145 defines and 286 references

processors: Unity.Jobs.CodeGen.JobsILPostProcessor, zzzUnity.Burst.CodeGen.BurstILPostProcessor

running Unity.Jobs.CodeGen.JobsILPostProcessor

running zzzUnity.Burst.CodeGen.BurstILPostProcessor
[1454/1725  0s] ILPostProcess Library/Bee/artifacts/1900b0aE.dag/post-processed/Unity.RenderPipelines.Universal.Config.Runtime.dll (+pdb)
Processing assembly Library/Bee/artifacts/1900b0aE.dag/Unity.RenderPipelines.Universal.Config.Runtime.dll, with 143 defines and 299 references

processors: Unity.Jobs.CodeGen.JobsILPostProcessor, zzzUnity.Burst.CodeGen.BurstILPostProcessor

running Unity.Jobs.CodeGen.JobsILPostProcessor

running zzzUnity.Burst.CodeGen.BurstILPostProcessor
[1455/1725  0s] ILPostProcess Library/Bee/artifacts/1900b0aE.dag/post-processed/Unity.RenderPipeline.Universal.ShaderLibrary.dll (+pdb)
Processing assembly Library/Bee/artifacts/1900b0aE.dag/Unity.RenderPipeline.Universal.ShaderLibrary.dll, with 143 defines and 299 references

processors: Unity.Jobs.CodeGen.JobsILPostProcessor, zzzUnity.Burst.CodeGen.BurstILPostProcessor

running Unity.Jobs.CodeGen.JobsILPostProcessor

running zzzUnity.Burst.CodeGen.BurstILPostProcessor
[1456/1725  0s] ILPostProcess Library/Bee/artifacts/1900b0aE.dag/post-processed/Unity.InputSystem.ForUI.dll (+pdb)
Processing assembly Library/Bee/artifacts/1900b0aE.dag/Unity.InputSystem.ForUI.dll, with 143 defines and 299 references

processors: Unity.Jobs.CodeGen.JobsILPostProcessor, zzzUnity.Burst.CodeGen.BurstILPostProcessor

running Unity.Jobs.CodeGen.JobsILPostProcessor

running zzzUnity.Burst.CodeGen.BurstILPostProcessor
[1457/1725  0s] ILPostProcess Library/Bee/artifacts/1900b0aE.dag/post-processed/Unity.AI.MCP.Runtime.dll (+pdb)
Processing assembly Library/Bee/artifacts/1900b0aE.dag/Unity.AI.MCP.Runtime.dll, with 143 defines and 298 references

processors: Unity.Jobs.CodeGen.JobsILPostProcessor, zzzUnity.Burst.CodeGen.BurstILPostProcessor

running Unity.Jobs.CodeGen.JobsILPostProcessor

running zzzUnity.Burst.CodeGen.BurstILPostProcessor
[1458/1725  0s] ILPostProcess Library/Bee/artifacts/1900b0aE.dag/post-processed/Unity.VisualScripting.DocCodeExamples.dll (+pdb)
Processing assembly Library/Bee/artifacts/1900b0aE.dag/Unity.VisualScripting.DocCodeExamples.dll, with 143 defines and 284 references

processors: Unity.Jobs.CodeGen.JobsILPostProcessor, zzzUnity.Burst.CodeGen.BurstILPostProcessor

running Unity.Jobs.CodeGen.JobsILPostProcessor

running zzzUnity.Burst.CodeGen.BurstILPostProcessor
[1459/1725  0s] ILPostProcess Library/Bee/artifacts/1900b0aE.dag/post-processed/Unity.SurfaceCache.Runtime.dll (+pdb)
Processing assembly Library/Bee/artifacts/1900b0aE.dag/Unity.SurfaceCache.Runtime.dll, with 143 defines and 302 references

processors: Unity.Jobs.CodeGen.JobsILPostProcessor, zzzUnity.Burst.CodeGen.BurstILPostProcessor

running Unity.Jobs.CodeGen.JobsILPostProcessor

running zzzUnity.Burst.CodeGen.BurstILPostProcessor
[1460/1725  0s] ILPostProcess Library/Bee/artifacts/1900b0aE.dag/post-processed/Unity.VisualScripting.State.dll (+pdb)
Processing assembly Library/Bee/artifacts/1900b0aE.dag/Unity.VisualScripting.State.dll, with 143 defines and 300 references

processors: Unity.Jobs.CodeGen.JobsILPostProcessor, zzzUnity.Burst.CodeGen.BurstILPostProcessor

running Unity.Jobs.CodeGen.JobsILPostProcessor

running zzzUnity.Burst.CodeGen.BurstILPostProcessor
[1461/1725  0s] ILPostProcess Library/Bee/artifacts/1900b0aE.dag/post-processed/Unity.AppUI.InternalAPIBridge.dll (+pdb)
Processing assembly Library/Bee/artifacts/1900b0aE.dag/Unity.AppUI.InternalAPIBridge.dll, with 144 defines and 284 references

processors: Unity.Jobs.CodeGen.JobsILPostProcessor, zzzUnity.Burst.CodeGen.BurstILPostProcessor

running Unity.Jobs.CodeGen.JobsILPostProcessor

running zzzUnity.Burst.CodeGen.BurstILPostProcessor
[1462/1725  0s] ILPostProcess Library/Bee/artifacts/1900b0aE.dag/post-processed/Unity.RenderPipelines.Core.ShaderLibrary.dll (+pdb)
Processing assembly Library/Bee/artifacts/1900b0aE.dag/Unity.RenderPipelines.Core.ShaderLibrary.dll, with 143 defines and 298 references

processors: Unity.Jobs.CodeGen.JobsILPostProcessor, zzzUnity.Burst.CodeGen.BurstILPostProcessor

running Unity.Jobs.CodeGen.JobsILPostProcessor

running zzzUnity.Burst.CodeGen.BurstILPostProcessor
[1463/1725  0s] ILPostProcess Library/Bee/artifacts/1900b0aE.dag/post-processed/Unity.PerformanceTesting.dll (+pdb)
Processing assembly Library/Bee/artifacts/1900b0aE.dag/Unity.PerformanceTesting.dll, with 144 defines and 281 references

processors: Unity.Jobs.CodeGen.JobsILPostProcessor, zzzUnity.Burst.CodeGen.BurstILPostProcessor

running Unity.Jobs.CodeGen.JobsILPostProcessor

running zzzUnity.Burst.CodeGen.BurstILPostProcessor
[1464/1725  0s] ILPostProcess Library/Bee/artifacts/1900b0aE.dag/post-processed/Unity.RenderPipelines.ShaderGraph.ShaderGraphLibrary.dll (+pdb)
Processing assembly Library/Bee/artifacts/1900b0aE.dag/Unity.RenderPipelines.ShaderGraph.ShaderGraphLibrary.dll, with 143 defines and 298 references

processors: Unity.Jobs.CodeGen.JobsILPostProcessor, zzzUnity.Burst.CodeGen.BurstILPostProcessor

running Unity.Jobs.CodeGen.JobsILPostProcessor

running zzzUnity.Burst.CodeGen.BurstILPostProcessor
[1465/1725  0s] Csc Library/Bee/artifacts/1900b0aE.dag/NaManMoo.EditorTests.dll (+2 others)
Assets\Tests\Editor\ApproachAndShootEnemyControllerTests.cs(40,59): warning CS0618: 'FindObjectsSortMode' is obsolete: 'FindObjectsSortMode has been deprecated. Use the FindObjectsByType overloads that do not take a FindObjectsSortMode parameter.'

Assets\Tests\Editor\ApproachAndShootEnemyControllerTests.cs(40,17): warning CS0618: 'Object.FindObjectsByType<T>(FindObjectsSortMode)' is obsolete: 'FindObjectsByType with FindObjectsSortMode parameter has been deprecated. Use FindObjectsByType<T>() or FindObjectsByType<T>(FindObjectsInactive) instead. InstanceID will be replaced in the future with EntityId and previous sort order cannot be maintained.'

Assets\Tests\Editor\ApproachAndShootEnemyControllerTests.cs(57,59): warning CS0618: 'FindObjectsSortMode' is obsolete: 'FindObjectsSortMode has been deprecated. Use the FindObjectsByType overloads that do not take a FindObjectsSortMode parameter.'

Assets\Tests\Editor\ApproachAndShootEnemyControllerTests.cs(57,17): warning CS0618: 'Object.FindObjectsByType<T>(FindObjectsSortMode)' is obsolete: 'FindObjectsByType with FindObjectsSortMode parameter has been deprecated. Use FindObjectsByType<T>() or FindObjectsByType<T>(FindObjectsInactive) instead. InstanceID will be replaced in the future with EntityId and previous sort order cannot be maintained.'

Assets\Tests\Editor\ApproachAndShootEnemyControllerTests.cs(82,59): warning CS0618: 'FindObjectsSortMode' is obsolete: 'FindObjectsSortMode has been deprecated. Use the FindObjectsByType overloads that do not take a FindObjectsSortMode parameter.'

Assets\Tests\Editor\ApproachAndShootEnemyControllerTests.cs(82,17): warning CS0618: 'Object.FindObjectsByType<T>(FindObjectsSortMode)' is obsolete: 'FindObjectsByType with FindObjectsSortMode parameter has been deprecated. Use FindObjectsByType<T>() or FindObjectsByType<T>(FindObjectsInactive) instead. InstanceID will be replaced in the future with EntityId and previous sort order cannot be maintained.'

Assets\Tests\Editor\ApproachAndShootEnemyControllerTests.cs(98,67): warning CS0618: 'FindObjectsSortMode' is obsolete: 'FindObjectsSortMode has been deprecated. Use the FindObjectsByType overloads that do not take a FindObjectsSortMode parameter.'

Assets\Tests\Editor\ApproachAndShootEnemyControllerTests.cs(98,25): warning CS0618: 'Object.FindObjectsByType<T>(FindObjectsSortMode)' is obsolete: 'FindObjectsByType with FindObjectsSortMode parameter has been deprecated. Use FindObjectsByType<T>() or FindObjectsByType<T>(FindObjectsInactive) instead. InstanceID will be replaced in the future with EntityId and previous sort order cannot be maintained.'

Assets\Tests\Editor\EffectActionsTests.cs(19,42): warning CS0618: 'FindObjectsSortMode' is obsolete: 'FindObjectsSortMode has been deprecated. Use the FindObjectsByType overloads that do not take a FindObjectsSortMode parameter.'

Assets\Tests\Editor\EffectActionsTests.cs(18,42): warning CS0618: 'Object.FindObjectsByType<T>(FindObjectsInactive, FindObjectsSortMode)' is obsolete: 'FindObjectsByType with FindObjectsSortMode parameter has been deprecated. Use FindObjectsByType<T>() or FindObjectsByType<T>(FindObjectsInactive) instead. InstanceID will be replaced in the future with EntityId and previous sort order cannot be maintained.'

Assets\Tests\Editor\EffectRunnerTests.cs(40,42): warning CS0618: 'FindObjectsSortMode' is obsolete: 'FindObjectsSortMode has been deprecated. Use the FindObjectsByType overloads that do not take a FindObjectsSortMode parameter.'

Assets\Tests\Editor\EffectRunnerTests.cs(39,42): warning CS0618: 'Object.FindObjectsByType<T>(FindObjectsInactive, FindObjectsSortMode)' is obsolete: 'FindObjectsByType with FindObjectsSortMode parameter has been deprecated. Use FindObjectsByType<T>() or FindObjectsByType<T>(FindObjectsInactive) instead. InstanceID will be replaced in the future with EntityId and previous sort order cannot be maintained.'

Assets\Tests\Editor\MeleeStrikeTests.cs(24,42): warning CS0618: 'FindObjectsSortMode' is obsolete: 'FindObjectsSortMode has been deprecated. Use the FindObjectsByType overloads that do not take a FindObjectsSortMode parameter.'

Assets\Tests\Editor\MeleeStrikeTests.cs(23,42): warning CS0618: 'Object.FindObjectsByType<T>(FindObjectsInactive, FindObjectsSortMode)' is obsolete: 'FindObjectsByType with FindObjectsSortMode parameter has been deprecated. Use FindObjectsByType<T>() or FindObjectsByType<T>(FindObjectsInactive) instead. InstanceID will be replaced in the future with EntityId and previous sort order cannot be maintained.'

Assets\Tests\Editor\SampleStageSceneTests.cs(26,25): warning CS0618: 'Object.FindFirstObjectByType<T>()' is obsolete: 'FindFirstObjectByType has been deprecated because it relies on instance ID ordering. Use FindAnyObjectByType instead, which does not depend on ordering.'

Assets\Tests\Editor\SampleStageSceneTests.cs(36,29): warning CS0618: 'Object.FindFirstObjectByType<T>()' is obsolete: 'FindFirstObjectByType has been deprecated because it relies on instance ID ordering. Use FindAnyObjectByType instead, which does not depend on ordering.'

Assets\Tests\Editor\SampleStageSceneTests.cs(57,39): warning CS0618: 'Object.FindFirstObjectByType<T>()' is obsolete: 'FindFirstObjectByType has been deprecated because it relies on instance ID ordering. Use FindAnyObjectByType instead, which does not depend on ordering.'

Assets\Tests\Editor\Stage1BossEncounterIntegrationTests.cs(25,13): warning CS0618: 'Object.FindFirstObjectByType<T>()' is obsolete: 'FindFirstObjectByType has been deprecated because it relies on instance ID ordering. Use FindAnyObjectByType instead, which does not depend on ordering.'

Assets\Tests\Editor\Stage1BossEncounterIntegrationTests.cs(34,21): warning CS0618: 'Object.FindFirstObjectByType<T>()' is obsolete: 'FindFirstObjectByType has been deprecated because it relies on instance ID ordering. Use FindAnyObjectByType instead, which does not depend on ordering.'

Assets\Tests\Editor\StationaryFourWayShooterControllerTests.cs(15,55): warning CS0618: 'FindObjectsSortMode' is obsolete: 'FindObjectsSortMode has been deprecated. Use the FindObjectsByType overloads that do not take a FindObjectsSortMode parameter.'

Assets\Tests\Editor\StationaryFourWayShooterControllerTests.cs(15,13): warning CS0618: 'Object.FindObjectsByType<T>(FindObjectsSortMode)' is obsolete: 'FindObjectsByType with FindObjectsSortMode parameter has been deprecated. Use FindObjectsByType<T>() or FindObjectsByType<T>(FindObjectsInactive) instead. InstanceID will be replaced in the future with EntityId and previous sort order cannot be maintained.'

Assets\Tests\Editor\StationaryFourWayShooterControllerTests.cs(43,55): warning CS0618: 'FindObjectsSortMode' is obsolete: 'FindObjectsSortMode has been deprecated. Use the FindObjectsByType overloads that do not take a FindObjectsSortMode parameter.'

Assets\Tests\Editor\StationaryFourWayShooterControllerTests.cs(43,13): warning CS0618: 'Object.FindObjectsByType<T>(FindObjectsSortMode)' is obsolete: 'FindObjectsByType with FindObjectsSortMode parameter has been deprecated. Use FindObjectsByType<T>() or FindObjectsByType<T>(FindObjectsInactive) instead. InstanceID will be replaced in the future with EntityId and previous sort order cannot be maintained.'

Assets\Tests\Editor\StationaryFourWayShooterControllerTests.cs(48,55): warning CS0618: 'FindObjectsSortMode' is obsolete: 'FindObjectsSortMode has been deprecated. Use the FindObjectsByType overloads that do not take a FindObjectsSortMode parameter.'

Assets\Tests\Editor\StationaryFourWayShooterControllerTests.cs(48,13): warning CS0618: 'Object.FindObjectsByType<T>(FindObjectsSortMode)' is obsolete: 'FindObjectsByType with FindObjectsSortMode parameter has been deprecated. Use FindObjectsByType<T>() or FindObjectsByType<T>(FindObjectsInactive) instead. InstanceID will be replaced in the future with EntityId and previous sort order cannot be maintained.'

Assets\Tests\Editor\Stage1MushroomEncounterIntegrationTests.cs(30,13): warning CS0618: 'FindObjectsSortMode' is obsolete: 'FindObjectsSortMode has been deprecated. Use the FindObjectsByType overloads that do not take a FindObjectsSortMode parameter.'

Assets\Tests\Editor\Stage1MushroomEncounterIntegrationTests.cs(28,51): warning CS0618: 'Object.FindObjectsByType<T>(FindObjectsInactive, FindObjectsSortMode)' is obsolete: 'FindObjectsByType with FindObjectsSortMode parameter has been deprecated. Use FindObjectsByType<T>() or FindObjectsByType<T>(FindObjectsInactive) instead. InstanceID will be replaced in the future with EntityId and previous sort order cannot be maintained.'

Assets\Tests\Editor\Stage1MushroomEncounterIntegrationTests.cs(64,36): warning CS0618: 'Object.FindFirstObjectByType<T>()' is obsolete: 'FindFirstObjectByType has been deprecated because it relies on instance ID ordering. Use FindAnyObjectByType instead, which does not depend on ordering.'

Assets\Tests\Editor\TitleSceneBuilderTests.cs(29,25): warning CS0618: 'Object.FindFirstObjectByType<T>()' is obsolete: 'FindFirstObjectByType has been deprecated because it relies on instance ID ordering. Use FindAnyObjectByType instead, which does not depend on ordering.'

Assets\Tests\Editor\TitleSceneBuilderTests.cs(49,35): warning CS0618: 'Object.FindFirstObjectByType<T>()' is obsolete: 'FindFirstObjectByType has been deprecated because it relies on instance ID ordering. Use FindAnyObjectByType instead, which does not depend on ordering.'

Assets\Tests\Editor\WeaponProjectilePierceTests.cs(32,42): warning CS0618: 'FindObjectsSortMode' is obsolete: 'FindObjectsSortMode has been deprecated. Use the FindObjectsByType overloads that do not take a FindObjectsSortMode parameter.'

Assets\Tests\Editor\WeaponProjectilePierceTests.cs(31,47): warning CS0618: 'Object.FindObjectsByType<T>(FindObjectsInactive, FindObjectsSortMode)' is obsolete: 'FindObjectsByType with FindObjectsSortMode parameter has been deprecated. Use FindObjectsByType<T>() or FindObjectsByType<T>(FindObjectsInactive) instead. InstanceID will be replaced in the future with EntityId and previous sort order cannot be maintained.'

Assets\Tests\Editor\WeaponProjectilePierceTests.cs(38,42): warning CS0618: 'FindObjectsSortMode' is obsolete: 'FindObjectsSortMode has been deprecated. Use the FindObjectsByType overloads that do not take a FindObjectsSortMode parameter.'

Assets\Tests\Editor\WeaponProjectilePierceTests.cs(37,42): warning CS0618: 'Object.FindObjectsByType<T>(FindObjectsInactive, FindObjectsSortMode)' is obsolete: 'FindObjectsByType with FindObjectsSortMode parameter has been deprecated. Use FindObjectsByType<T>() or FindObjectsByType<T>(FindObjectsInactive) instead. InstanceID will be replaced in the future with EntityId and previous sort order cannot be maintained.'
[1466/1725  0s] ILPostProcess Library/Bee/artifacts/1900b0aE.dag/post-processed/Unity.RenderPipelines.Core.Runtime.dll (+pdb)
Processing assembly Library/Bee/artifacts/1900b0aE.dag/Unity.RenderPipelines.Core.Runtime.dll, with 147 defines and 302 references

processors: Unity.Jobs.CodeGen.JobsILPostProcessor, zzzUnity.Burst.CodeGen.BurstILPostProcessor

running Unity.Jobs.CodeGen.JobsILPostProcessor

running zzzUnity.Burst.CodeGen.BurstILPostProcessor
[1467/1725  0s] ILPostProcess Library/Bee/artifacts/1900b0aE.dag/post-processed/Unity.AI.Tracing.dll (+pdb)
Processing assembly Library/Bee/artifacts/1900b0aE.dag/Unity.AI.Tracing.dll, with 143 defines and 283 references

processors: Unity.Jobs.CodeGen.JobsILPostProcessor, zzzUnity.Burst.CodeGen.BurstILPostProcessor

running Unity.Jobs.CodeGen.JobsILPostProcessor

running zzzUnity.Burst.CodeGen.BurstILPostProcessor
[1468/1725  0s] ILPostProcess Library/Bee/artifacts/1900b0aE.dag/post-processed/NaManMoo.PlayModeTests.dll (+pdb)
Processing assembly Library/Bee/artifacts/1900b0aE.dag/NaManMoo.PlayModeTests.dll, with 143 defines and 284 references

processors: Unity.Jobs.CodeGen.JobsILPostProcessor, zzzUnity.Burst.CodeGen.BurstILPostProcessor

running Unity.Jobs.CodeGen.JobsILPostProcessor

running zzzUnity.Burst.CodeGen.BurstILPostProcessor
[1469/1725  0s] ILPostProcess Library/Bee/artifacts/1900b0aE.dag/post-processed/Unity.RenderPipelines.Universal.Shaders.dll (+pdb)
Processing assembly Library/Bee/artifacts/1900b0aE.dag/Unity.RenderPipelines.Universal.Shaders.dll, with 143 defines and 298 references

processors: Unity.Jobs.CodeGen.JobsILPostProcessor, zzzUnity.Burst.CodeGen.BurstILPostProcessor

running Unity.Jobs.CodeGen.JobsILPostProcessor

running zzzUnity.Burst.CodeGen.BurstILPostProcessor
[1470/1725  0s] ILPostProcess Library/Bee/artifacts/1900b0aE.dag/post-processed/Unity.InternalAPIEngineBridge.RenderPipelines.Core.Runtime.Shared.dll (+pdb)
Processing assembly Library/Bee/artifacts/1900b0aE.dag/Unity.InternalAPIEngineBridge.RenderPipelines.Core.Runtime.Shared.dll, with 143 defines and 298 references

processors: Unity.Jobs.CodeGen.JobsILPostProcessor, zzzUnity.Burst.CodeGen.BurstILPostProcessor

running Unity.Jobs.CodeGen.JobsILPostProcessor

running zzzUnity.Burst.CodeGen.BurstILPostProcessor
[1471/1725  0s] ILPostProcess Library/Bee/artifacts/1900b0aE.dag/post-processed/Unity.InputSystem.dll (+pdb)
Processing assembly Library/Bee/artifacts/1900b0aE.dag/Unity.InputSystem.dll, with 155 defines and 298 references

processors: Unity.Jobs.CodeGen.JobsILPostProcessor, zzzUnity.Burst.CodeGen.BurstILPostProcessor

running Unity.Jobs.CodeGen.JobsILPostProcessor

running zzzUnity.Burst.CodeGen.BurstILPostProcessor
[1472/1725  1s] ILPostProcess Library/Bee/artifacts/1900b0aE.dag/post-processed/Unity.2D.SpriteShape.Runtime.dll (+pdb)
Processing assembly Library/Bee/artifacts/1900b0aE.dag/Unity.2D.SpriteShape.Runtime.dll, with 144 defines and 302 references

processors: Unity.Jobs.CodeGen.JobsILPostProcessor, zzzUnity.Burst.CodeGen.BurstILPostProcessor

running Unity.Jobs.CodeGen.JobsILPostProcessor

running zzzUnity.Burst.CodeGen.BurstILPostProcessor
[1473/1725  0s] ILPostProcess Library/Bee/artifacts/1900b0aE.dag/post-processed/Unity.Burst.dll (+pdb)
Processing assembly Library/Bee/artifacts/1900b0aE.dag/Unity.Burst.dll, with 143 defines and 283 references

processors: Unity.Jobs.CodeGen.JobsILPostProcessor, zzzUnity.Burst.CodeGen.BurstILPostProcessor

running Unity.Jobs.CodeGen.JobsILPostProcessor

running zzzUnity.Burst.CodeGen.BurstILPostProcessor
[1474/1725  0s] ILPostProcess Library/Bee/artifacts/1900b0aE.dag/post-processed/Unity.RenderPipelines.Core.Runtime.Shared.dll (+pdb)
Processing assembly Library/Bee/artifacts/1900b0aE.dag/Unity.RenderPipelines.Core.Runtime.Shared.dll, with 143 defines and 301 references

processors: Unity.Jobs.CodeGen.JobsILPostProcessor, zzzUnity.Burst.CodeGen.BurstILPostProcessor

running Unity.Jobs.CodeGen.JobsILPostProcessor

running zzzUnity.Burst.CodeGen.BurstILPostProcessor
[1475/1725  0s] ILPostProcess Library/Bee/artifacts/1900b0aE.dag/post-processed/Unity.2D.IK.Runtime.dll (+pdb)
Processing assembly Library/Bee/artifacts/1900b0aE.dag/Unity.2D.IK.Runtime.dll, with 143 defines and 302 references

processors: Unity.Jobs.CodeGen.JobsILPostProcessor, zzzUnity.Burst.CodeGen.BurstILPostProcessor

running Unity.Jobs.CodeGen.JobsILPostProcessor

running zzzUnity.Burst.CodeGen.BurstILPostProcessor
[1476/1725  0s] ILPostProcess Library/Bee/artifacts/1900b0aE.dag/post-processed/Unity.VisualScripting.Flow.dll (+pdb)
Processing assembly Library/Bee/artifacts/1900b0aE.dag/Unity.VisualScripting.Flow.dll, with 151 defines and 300 references

processors: Unity.Jobs.CodeGen.JobsILPostProcessor, zzzUnity.Burst.CodeGen.BurstILPostProcessor

running Unity.Jobs.CodeGen.JobsILPostProcessor

running zzzUnity.Burst.CodeGen.BurstILPostProcessor
[1477/1725  0s] ILPostProcess Library/Bee/artifacts/1900b0aE.dag/post-processed/NaManMoo.Runtime.dll (+pdb)
Processing assembly Library/Bee/artifacts/1900b0aE.dag/NaManMoo.Runtime.dll, with 143 defines and 300 references

processors: Unity.Jobs.CodeGen.JobsILPostProcessor, zzzUnity.Burst.CodeGen.BurstILPostProcessor

running Unity.Jobs.CodeGen.JobsILPostProcessor

running zzzUnity.Burst.CodeGen.BurstILPostProcessor
[1478/1725  0s] ILPostProcess Library/Bee/artifacts/1900b0aE.dag/post-processed/Unity.RenderPipelines.Universal.Runtime.dll (+pdb)
Processing assembly Library/Bee/artifacts/1900b0aE.dag/Unity.RenderPipelines.Universal.Runtime.dll, with 150 defines and 308 references

processors: Unity.Jobs.CodeGen.JobsILPostProcessor, zzzUnity.Burst.CodeGen.BurstILPostProcessor

running Unity.Jobs.CodeGen.JobsILPostProcessor

running zzzUnity.Burst.CodeGen.BurstILPostProcessor
[1479/1725  0s] ILPostProcess Library/Bee/artifacts/1900b0aE.dag/post-processed/Unity.2D.Common.Runtime.dll (+pdb)
Processing assembly Library/Bee/artifacts/1900b0aE.dag/Unity.2D.Common.Runtime.dll, with 143 defines and 301 references

processors: Unity.Jobs.CodeGen.JobsILPostProcessor, zzzUnity.Burst.CodeGen.BurstILPostProcessor

running Unity.Jobs.CodeGen.JobsILPostProcessor

running zzzUnity.Burst.CodeGen.BurstILPostProcessor
[1480/1725  0s] ILPostProcess Library/Bee/artifacts/1900b0aE.dag/post-processed/Unity.Multiplayer.Center.Common.dll (+pdb)
Processing assembly Library/Bee/artifacts/1900b0aE.dag/Unity.Multiplayer.Center.Common.dll, with 143 defines and 298 references

processors: Unity.Jobs.CodeGen.JobsILPostProcessor, zzzUnity.Burst.CodeGen.BurstILPostProcessor

running Unity.Jobs.CodeGen.JobsILPostProcessor

running zzzUnity.Burst.CodeGen.BurstILPostProcessor
[1481/1725  0s] ILPostProcess Library/Bee/artifacts/1900b0aE.dag/post-processed/Unity.RenderPipelines.Universal.2D.Runtime.dll (+pdb)
Processing assembly Library/Bee/artifacts/1900b0aE.dag/Unity.RenderPipelines.Universal.2D.Runtime.dll, with 149 defines and 306 references

processors: Unity.Jobs.CodeGen.JobsILPostProcessor, zzzUnity.Burst.CodeGen.BurstILPostProcessor

running Unity.Jobs.CodeGen.JobsILPostProcessor

running zzzUnity.Burst.CodeGen.BurstILPostProcessor
[1482/1725  0s] ILPostProcess Library/Bee/artifacts/1900b0aE.dag/post-processed/Unity.InputSystem.TestFramework.dll (+pdb)
Processing assembly Library/Bee/artifacts/1900b0aE.dag/Unity.InputSystem.TestFramework.dll, with 144 defines and 283 references

processors: Unity.Jobs.CodeGen.JobsILPostProcessor, zzzUnity.Burst.CodeGen.BurstILPostProcessor

running Unity.Jobs.CodeGen.JobsILPostProcessor

running zzzUnity.Burst.CodeGen.BurstILPostProcessor
[1483/1725  0s] ILPostProcess Library/Bee/artifacts/1900b0aE.dag/post-processed/Unity.AI.Assistant.Runtime.dll (+pdb)
Processing assembly Library/Bee/artifacts/1900b0aE.dag/Unity.AI.Assistant.Runtime.dll, with 143 defines and 281 references

processors: Unity.Jobs.CodeGen.JobsILPostProcessor, zzzUnity.Burst.CodeGen.BurstILPostProcessor

running Unity.Jobs.CodeGen.JobsILPostProcessor

running zzzUnity.Burst.CodeGen.BurstILPostProcessor
[1484/1725  0s] ILPostProcess Library/Bee/artifacts/1900b0aE.dag/post-processed/Unity.UnifiedRayTracing.Runtime.dll (+pdb)
Processing assembly Library/Bee/artifacts/1900b0aE.dag/Unity.UnifiedRayTracing.Runtime.dll, with 144 defines and 301 references

processors: Unity.Jobs.CodeGen.JobsILPostProcessor, zzzUnity.Burst.CodeGen.BurstILPostProcessor

running Unity.Jobs.CodeGen.JobsILPostProcessor

running zzzUnity.Burst.CodeGen.BurstILPostProcessor
[1485/1725  0s] ILPostProcess Library/Bee/artifacts/1900b0aE.dag/post-processed/Unity.PathTracing.Runtime.dll (+pdb)
Processing assembly Library/Bee/artifacts/1900b0aE.dag/Unity.PathTracing.Runtime.dll, with 144 defines and 302 references

processors: Unity.Jobs.CodeGen.JobsILPostProcessor, zzzUnity.Burst.CodeGen.BurstILPostProcessor

running Unity.Jobs.CodeGen.JobsILPostProcessor

running zzzUnity.Burst.CodeGen.BurstILPostProcessor
[1486/1725  0s] ILPostProcess Library/Bee/artifacts/1900b0aE.dag/post-processed/Unity.AppUI.dll (+pdb)
Processing assembly Library/Bee/artifacts/1900b0aE.dag/Unity.AppUI.dll, with 152 defines and 286 references

processors: Unity.Jobs.CodeGen.JobsILPostProcessor, zzzUnity.Burst.CodeGen.BurstILPostProcessor

running Unity.Jobs.CodeGen.JobsILPostProcessor

running zzzUnity.Burst.CodeGen.BurstILPostProcessor
[1487/1725  0s] ILPostProcess Library/Bee/artifacts/1900b0aE.dag/post-processed/Unity.Mathematics.dll (+pdb)
Processing assembly Library/Bee/artifacts/1900b0aE.dag/Unity.Mathematics.dll, with 143 defines and 298 references

processors: Unity.Jobs.CodeGen.JobsILPostProcessor, zzzUnity.Burst.CodeGen.BurstILPostProcessor

running Unity.Jobs.CodeGen.JobsILPostProcessor

running zzzUnity.Burst.CodeGen.BurstILPostProcessor
[1488/1725  0s] ILPostProcess Library/Bee/artifacts/1900b0aE.dag/post-processed/Unity.InternalAPIEngineBridge.004.dll (+pdb)
Processing assembly Library/Bee/artifacts/1900b0aE.dag/Unity.InternalAPIEngineBridge.004.dll, with 143 defines and 298 references

processors: Unity.Jobs.CodeGen.JobsILPostProcessor, zzzUnity.Burst.CodeGen.BurstILPostProcessor

running Unity.Jobs.CodeGen.JobsILPostProcessor

running zzzUnity.Burst.CodeGen.BurstILPostProcessor
[1489/1725  0s] ILPostProcess Library/Bee/artifacts/1900b0aE.dag/post-processed/Unity.AI.Animate.Motion.Runtime.dll (+pdb)
Processing assembly Library/Bee/artifacts/1900b0aE.dag/Unity.AI.Animate.Motion.Runtime.dll, with 143 defines and 284 references

processors: Unity.Jobs.CodeGen.JobsILPostProcessor, zzzUnity.Burst.CodeGen.BurstILPostProcessor

running Unity.Jobs.CodeGen.JobsILPostProcessor

running zzzUnity.Burst.CodeGen.BurstILPostProcessor
[1490/1725  0s] ILPostProcess Library/Bee/artifacts/1900b0aE.dag/post-processed/Unity.AppUI.Redux.dll (+pdb)
Processing assembly Library/Bee/artifacts/1900b0aE.dag/Unity.AppUI.Redux.dll, with 143 defines and 286 references

processors: Unity.Jobs.CodeGen.JobsILPostProcessor, zzzUnity.Burst.CodeGen.BurstILPostProcessor

running Unity.Jobs.CodeGen.JobsILPostProcessor

running zzzUnity.Burst.CodeGen.BurstILPostProcessor
[1491/1725  1s] ILPostProcess Library/Bee/artifacts/1900b0aE.dag/post-processed/Unity.2D.Animation.Runtime.dll (+pdb)
Processing assembly Library/Bee/artifacts/1900b0aE.dag/Unity.2D.Animation.Runtime.dll, with 145 defines and 304 references

processors: Unity.Jobs.CodeGen.JobsILPostProcessor, zzzUnity.Burst.CodeGen.BurstILPostProcessor

running Unity.Jobs.CodeGen.JobsILPostProcessor

running zzzUnity.Burst.CodeGen.BurstILPostProcessor
[1492/1725  0s] ILPostProcess Library/Bee/artifacts/1900b0aE.dag/post-processed/Unity.2D.Tilemap.Extras.dll (+pdb)
Processing assembly Library/Bee/artifacts/1900b0aE.dag/Unity.2D.Tilemap.Extras.dll, with 143 defines and 299 references

processors: Unity.Jobs.CodeGen.JobsILPostProcessor, zzzUnity.Burst.CodeGen.BurstILPostProcessor

running Unity.Jobs.CodeGen.JobsILPostProcessor

running zzzUnity.Burst.CodeGen.BurstILPostProcessor
[1493/1725  0s] ILPostProcess Library/Bee/artifacts/1900b0aE.dag/post-processed/NaManMoo.EditorTests.dll (+pdb)
Processing assembly Library/Bee/artifacts/1900b0aE.dag/NaManMoo.EditorTests.dll, with 141 defines and 295 references

processors: Unity.Jobs.CodeGen.JobsILPostProcessor, zzzUnity.Burst.CodeGen.BurstILPostProcessor

running Unity.Jobs.CodeGen.JobsILPostProcessor

running zzzUnity.Burst.CodeGen.BurstILPostProcessor
[1494/1725  0s] ILPostProcess Library/Bee/artifacts/1900b0aE.dag/post-processed/Unity.Timeline.dll (+pdb)
Processing assembly Library/Bee/artifacts/1900b0aE.dag/Unity.Timeline.dll, with 144 defines and 298 references

processors: Unity.Jobs.CodeGen.JobsILPostProcessor, zzzUnity.Burst.CodeGen.BurstILPostProcessor

running Unity.Jobs.CodeGen.JobsILPostProcessor

running zzzUnity.Burst.CodeGen.BurstILPostProcessor
[1495/1725  0s] ILPostProcess Library/Bee/artifacts/1900b0aE.dag/post-processed/Unity.AI.Generators.IO.Srp.dll (+pdb)
Processing assembly Library/Bee/artifacts/1900b0aE.dag/Unity.AI.Generators.IO.Srp.dll, with 141 defines and 307 references

processors: Unity.Jobs.CodeGen.JobsILPostProcessor, zzzUnity.Burst.CodeGen.BurstILPostProcessor

running Unity.Jobs.CodeGen.JobsILPostProcessor

running zzzUnity.Burst.CodeGen.BurstILPostProcessor
[1496/1725  0s] ILPostProcess Library/Bee/artifacts/1900b0aE.dag/post-processed/Unity.InternalAPIEngineBridge.RenderPipelines.Core.Editor.dll (+pdb)
Processing assembly Library/Bee/artifacts/1900b0aE.dag/Unity.InternalAPIEngineBridge.RenderPipelines.Core.Editor.dll, with 141 defines and 307 references

processors: Unity.Jobs.CodeGen.JobsILPostProcessor, zzzUnity.Burst.CodeGen.BurstILPostProcessor

running Unity.Jobs.CodeGen.JobsILPostProcessor

running zzzUnity.Burst.CodeGen.BurstILPostProcessor
[1497/1725  0s] ILPostProcess Library/Bee/artifacts/1900b0aE.dag/post-processed/Unity.InternalAPIEditorBridge.001.dll (+pdb)
Processing assembly Library/Bee/artifacts/1900b0aE.dag/Unity.InternalAPIEditorBridge.001.dll, with 142 defines and 308 references

processors: Unity.Jobs.CodeGen.JobsILPostProcessor, zzzUnity.Burst.CodeGen.BurstILPostProcessor

running Unity.Jobs.CodeGen.JobsILPostProcessor

running zzzUnity.Burst.CodeGen.BurstILPostProcessor
[1498/1725  0s] ILPostProcess Library/Bee/artifacts/1900b0aE.dag/post-processed/Unity.InferenceEngine.ONNX.Editor.dll (+pdb)
Processing assembly Library/Bee/artifacts/1900b0aE.dag/Unity.InferenceEngine.ONNX.Editor.dll, with 141 defines and 292 references

processors: Unity.Jobs.CodeGen.JobsILPostProcessor, zzzUnity.Burst.CodeGen.BurstILPostProcessor

running Unity.Jobs.CodeGen.JobsILPostProcessor

running zzzUnity.Burst.CodeGen.BurstILPostProcessor
[1499/1725  0s] ILPostProcess Library/Bee/artifacts/1900b0aE.dag/post-processed/UnityEditor.UI.dll (+pdb)
Processing assembly Library/Bee/artifacts/1900b0aE.dag/UnityEditor.UI.dll, with 144 defines and 306 references

processors: Unity.Jobs.CodeGen.JobsILPostProcessor, zzzUnity.Burst.CodeGen.BurstILPostProcessor

running Unity.Jobs.CodeGen.JobsILPostProcessor

running zzzUnity.Burst.CodeGen.BurstILPostProcessor
[1500/1725  1s] ILPostProcess Library/Bee/artifacts/1900b0aE.dag/post-processed/Unity.RenderPipelines.GPUDriven.Runtime.dll (+pdb)
Processing assembly Library/Bee/artifacts/1900b0aE.dag/Unity.RenderPipelines.GPUDriven.Runtime.dll, with 143 defines and 302 references

processors: Unity.Jobs.CodeGen.JobsILPostProcessor, zzzUnity.Burst.CodeGen.BurstILPostProcessor

running Unity.Jobs.CodeGen.JobsILPostProcessor

running zzzUnity.Burst.CodeGen.BurstILPostProcessor
[1501/1725  0s] ILPostProcess Library/Bee/artifacts/1900b0aE.dag/post-processed/Unity.VisualScripting.Core.Editor.dll (+pdb)
Processing assembly Library/Bee/artifacts/1900b0aE.dag/Unity.VisualScripting.Core.Editor.dll, with 141 defines and 308 references

processors: Unity.Jobs.CodeGen.JobsILPostProcessor, zzzUnity.Burst.CodeGen.BurstILPostProcessor

running Unity.Jobs.CodeGen.JobsILPostProcessor

running zzzUnity.Burst.CodeGen.BurstILPostProcessor
[1502/1725  0s] ILPostProcess Library/Bee/artifacts/1900b0aE.dag/post-processed/HFDownloader.dll (+pdb)
Processing assembly Library/Bee/artifacts/1900b0aE.dag/HFDownloader.dll, with 141 defines and 292 references

processors: Unity.Jobs.CodeGen.JobsILPostProcessor, zzzUnity.Burst.CodeGen.BurstILPostProcessor

running Unity.Jobs.CodeGen.JobsILPostProcessor

running zzzUnity.Burst.CodeGen.BurstILPostProcessor
[1503/1725  0s] ILPostProcess Library/Bee/artifacts/1900b0aE.dag/post-processed/Unity.2D.Tilemap.Extras.Editor.dll (+pdb)
Processing assembly Library/Bee/artifacts/1900b0aE.dag/Unity.2D.Tilemap.Extras.Editor.dll, with 141 defines and 309 references

processors: Unity.Jobs.CodeGen.JobsILPostProcessor, zzzUnity.Burst.CodeGen.BurstILPostProcessor

running Unity.Jobs.CodeGen.JobsILPostProcessor

running zzzUnity.Burst.CodeGen.BurstILPostProcessor
[1504/1725  0s] ILPostProcess Library/Bee/artifacts/1900b0aE.dag/post-processed/Unity.AI.Assistant.Editor.dll (+pdb)
Processing assembly Library/Bee/artifacts/1900b0aE.dag/Unity.AI.Assistant.Editor.dll, with 141 defines and 302 references

processors: Unity.Jobs.CodeGen.JobsILPostProcessor, zzzUnity.Burst.CodeGen.BurstILPostProcessor

running Unity.Jobs.CodeGen.JobsILPostProcessor

running zzzUnity.Burst.CodeGen.BurstILPostProcessor
[1505/1725  0s] ILPostProcess Library/Bee/artifacts/1900b0aE.dag/post-processed/Unity.AI.Assistant.Tools.Editor.dll (+pdb)
Processing assembly Library/Bee/artifacts/1900b0aE.dag/Unity.AI.Assistant.Tools.Editor.dll, with 141 defines and 301 references

processors: Unity.Jobs.CodeGen.JobsILPostProcessor, zzzUnity.Burst.CodeGen.BurstILPostProcessor

running Unity.Jobs.CodeGen.JobsILPostProcessor

running zzzUnity.Burst.CodeGen.BurstILPostProcessor
[1506/1725  0s] ILPostProcess Library/Bee/artifacts/1900b0aE.dag/post-processed/Unity.AI.Toolkit.GenerationObjectPicker.dll (+pdb)
Processing assembly Library/Bee/artifacts/1900b0aE.dag/Unity.AI.Toolkit.GenerationObjectPicker.dll, with 142 defines and 310 references

processors: Unity.Jobs.CodeGen.JobsILPostProcessor, zzzUnity.Burst.CodeGen.BurstILPostProcessor

running Unity.Jobs.CodeGen.JobsILPostProcessor

running zzzUnity.Burst.CodeGen.BurstILPostProcessor
[1507/1725  0s] ILPostProcess Library/Bee/artifacts/1900b0aE.dag/post-processed/Unity.AI.Mesh.dll (+pdb)
Processing assembly Library/Bee/artifacts/1900b0aE.dag/Unity.AI.Mesh.dll, with 141 defines and 321 references

processors: Unity.Jobs.CodeGen.JobsILPostProcessor, zzzUnity.Burst.CodeGen.BurstILPostProcessor

running Unity.Jobs.CodeGen.JobsILPostProcessor

running zzzUnity.Burst.CodeGen.BurstILPostProcessor
[1508/1725  0s] ILPostProcess Library/Bee/artifacts/1900b0aE.dag/post-processed/Unity.AI.Search.Editor.dll (+pdb)
Processing assembly Library/Bee/artifacts/1900b0aE.dag/Unity.AI.Search.Editor.dll, with 142 defines and 300 references

processors: Unity.Jobs.CodeGen.JobsILPostProcessor, zzzUnity.Burst.CodeGen.BurstILPostProcessor

running Unity.Jobs.CodeGen.JobsILPostProcessor

running zzzUnity.Burst.CodeGen.BurstILPostProcessor
[1509/1725  0s] ILPostProcess Library/Bee/artifacts/1900b0aE.dag/post-processed/Unity.AI.Generators.Sdk.dll (+pdb)
Processing assembly Library/Bee/artifacts/1900b0aE.dag/Unity.AI.Generators.Sdk.dll, with 141 defines and 311 references

processors: Unity.Jobs.CodeGen.JobsILPostProcessor, zzzUnity.Burst.CodeGen.BurstILPostProcessor

running Unity.Jobs.CodeGen.JobsILPostProcessor

running zzzUnity.Burst.CodeGen.BurstILPostProcessor
[1510/1725  0s] ILPostProcess Library/Bee/artifacts/1900b0aE.dag/post-processed/Unity.AI.ModelSelector.dll (+pdb)
Processing assembly Library/Bee/artifacts/1900b0aE.dag/Unity.AI.ModelSelector.dll, with 141 defines and 316 references

processors: Unity.Jobs.CodeGen.JobsILPostProcessor, zzzUnity.Burst.CodeGen.BurstILPostProcessor

running Unity.Jobs.CodeGen.JobsILPostProcessor

running zzzUnity.Burst.CodeGen.BurstILPostProcessor
[1511/1725  0s] ILPostProcess Library/Bee/artifacts/1900b0aE.dag/post-processed/Unity.InferenceEngine.Editor.Visualizer.dll (+pdb)
Processing assembly Library/Bee/artifacts/1900b0aE.dag/Unity.InferenceEngine.Editor.Visualizer.dll, with 141 defines and 314 references

processors: Unity.Jobs.CodeGen.JobsILPostProcessor, zzzUnity.Burst.CodeGen.BurstILPostProcessor

running Unity.Jobs.CodeGen.JobsILPostProcessor

running zzzUnity.Burst.CodeGen.BurstILPostProcessor
[1512/1725  0s] ILPostProcess Library/Bee/artifacts/1900b0aE.dag/post-processed/Unity.CollabProxy.Editor.dll (+pdb)
Processing assembly Library/Bee/artifacts/1900b0aE.dag/Unity.CollabProxy.Editor.dll, with 141 defines and 308 references

processors: Unity.Jobs.CodeGen.JobsILPostProcessor, zzzUnity.Burst.CodeGen.BurstILPostProcessor

running Unity.Jobs.CodeGen.JobsILPostProcessor

running zzzUnity.Burst.CodeGen.BurstILPostProcessor
[1513/1725  0s] ILPostProcess Library/Bee/artifacts/1900b0aE.dag/post-processed/Unity.2D.Common.Path.Editor.dll (+pdb)
Processing assembly Library/Bee/artifacts/1900b0aE.dag/Unity.2D.Common.Path.Editor.dll, with 141 defines and 307 references

processors: Unity.Jobs.CodeGen.JobsILPostProcessor, zzzUnity.Burst.CodeGen.BurstILPostProcessor

running Unity.Jobs.CodeGen.JobsILPostProcessor

running zzzUnity.Burst.CodeGen.BurstILPostProcessor
[1514/1725  1s] ILPostProcess Library/Bee/artifacts/1900b0aE.dag/post-processed/Unity.Collections.dll (+pdb)
Processing assembly Library/Bee/artifacts/1900b0aE.dag/Unity.Collections.dll, with 145 defines and 300 references

processors: Unity.Jobs.CodeGen.JobsILPostProcessor, zzzUnity.Burst.CodeGen.BurstILPostProcessor

running Unity.Jobs.CodeGen.JobsILPostProcessor

running zzzUnity.Burst.CodeGen.BurstILPostProcessor
[1515/1725  0s] ILPostProcess Library/Bee/artifacts/1900b0aE.dag/post-processed/Unity.AI.Generators.UI.AIDropdownIntegrations.dll (+pdb)
Processing assembly Library/Bee/artifacts/1900b0aE.dag/Unity.AI.Generators.UI.AIDropdownIntegrations.dll, with 141 defines and 310 references

processors: Unity.Jobs.CodeGen.JobsILPostProcessor, zzzUnity.Burst.CodeGen.BurstILPostProcessor

running Unity.Jobs.CodeGen.JobsILPostProcessor

running zzzUnity.Burst.CodeGen.BurstILPostProcessor
[1516/1725  0s] ILPostProcess Library/Bee/artifacts/1900b0aE.dag/post-processed/Unity.2D.SpriteShape.Editor.dll (+pdb)
Processing assembly Library/Bee/artifacts/1900b0aE.dag/Unity.2D.SpriteShape.Editor.dll, with 142 defines and 312 references

processors: Unity.Jobs.CodeGen.JobsILPostProcessor, zzzUnity.Burst.CodeGen.BurstILPostProcessor

running Unity.Jobs.CodeGen.JobsILPostProcessor

running zzzUnity.Burst.CodeGen.BurstILPostProcessor
[1517/1725  0s] ILPostProcess Library/Bee/artifacts/1900b0aE.dag/post-processed/Unity.2D.Sprite.Editor.dll (+pdb)
Processing assembly Library/Bee/artifacts/1900b0aE.dag/Unity.2D.Sprite.Editor.dll, with 141 defines and 307 references

processors: Unity.Jobs.CodeGen.JobsILPostProcessor, zzzUnity.Burst.CodeGen.BurstILPostProcessor

running Unity.Jobs.CodeGen.JobsILPostProcessor

running zzzUnity.Burst.CodeGen.BurstILPostProcessor
[1518/1725  0s] ILPostProcess Library/Bee/artifacts/1900b0aE.dag/post-processed/Unity.AI.Toolkit.Async.dll (+pdb)
Processing assembly Library/Bee/artifacts/1900b0aE.dag/Unity.AI.Toolkit.Async.dll, with 141 defines and 307 references

processors: Unity.Jobs.CodeGen.JobsILPostProcessor, zzzUnity.Burst.CodeGen.BurstILPostProcessor

running Unity.Jobs.CodeGen.JobsILPostProcessor

running zzzUnity.Burst.CodeGen.BurstILPostProcessor
[1519/1725  0s] ILPostProcess Library/Bee/artifacts/1900b0aE.dag/post-processed/NaManMoo.Editor.dll (+pdb)
Processing assembly Library/Bee/artifacts/1900b0aE.dag/NaManMoo.Editor.dll, with 141 defines and 311 references

processors: Unity.Jobs.CodeGen.JobsILPostProcessor, zzzUnity.Burst.CodeGen.BurstILPostProcessor

running Unity.Jobs.CodeGen.JobsILPostProcessor

running zzzUnity.Burst.CodeGen.BurstILPostProcessor
[1520/1725  0s] ILPostProcess Library/Bee/artifacts/1900b0aE.dag/post-processed/Unity.AI.Toolkit.Accounts.dll (+pdb)
Processing assembly Library/Bee/artifacts/1900b0aE.dag/Unity.AI.Toolkit.Accounts.dll, with 141 defines and 309 references

processors: Unity.Jobs.CodeGen.JobsILPostProcessor, zzzUnity.Burst.CodeGen.BurstILPostProcessor

running Unity.Jobs.CodeGen.JobsILPostProcessor

running zzzUnity.Burst.CodeGen.BurstILPostProcessor
[1521/1725  0s] ILPostProcess Library/Bee/artifacts/1900b0aE.dag/post-processed/Unity.AI.Sound.dll (+pdb)
Processing assembly Library/Bee/artifacts/1900b0aE.dag/Unity.AI.Sound.dll, with 141 defines and 323 references

processors: Unity.Jobs.CodeGen.JobsILPostProcessor, zzzUnity.Burst.CodeGen.BurstILPostProcessor

running Unity.Jobs.CodeGen.JobsILPostProcessor

running zzzUnity.Burst.CodeGen.BurstILPostProcessor
[1522/1725  0s] ILPostProcess Library/Bee/artifacts/1900b0aE.dag/post-processed/Unity.ShaderGraph.Utilities.dll (+pdb)
Processing assembly Library/Bee/artifacts/1900b0aE.dag/Unity.ShaderGraph.Utilities.dll, with 141 defines and 307 references

processors: Unity.Jobs.CodeGen.JobsILPostProcessor, zzzUnity.Burst.CodeGen.BurstILPostProcessor

running Unity.Jobs.CodeGen.JobsILPostProcessor

running zzzUnity.Burst.CodeGen.BurstILPostProcessor
[1523/1725  1s] ILPostProcess Library/Bee/artifacts/1900b0aE.dag/post-processed/Unity.PlasticSCM.Editor.dll (+pdb)
Processing assembly Library/Bee/artifacts/1900b0aE.dag/Unity.PlasticSCM.Editor.dll, with 142 defines and 297 references

processors: Unity.Jobs.CodeGen.JobsILPostProcessor, zzzUnity.Burst.CodeGen.BurstILPostProcessor

running Unity.Jobs.CodeGen.JobsILPostProcessor

running zzzUnity.Burst.CodeGen.BurstILPostProcessor
[1524/1725  0s] ILPostProcess Library/Bee/artifacts/1900b0aE.dag/post-processed/Unity.2D.Tooling.Editor.dll (+pdb)
Processing assembly Library/Bee/artifacts/1900b0aE.dag/Unity.2D.Tooling.Editor.dll, with 141 defines and 310 references

processors: Unity.Jobs.CodeGen.JobsILPostProcessor, zzzUnity.Burst.CodeGen.BurstILPostProcessor

running Unity.Jobs.CodeGen.JobsILPostProcessor

running zzzUnity.Burst.CodeGen.BurstILPostProcessor
[1525/1725  0s] ILPostProcess Library/Bee/artifacts/1900b0aE.dag/post-processed/Unity.AI.Generators.Asset.dll (+pdb)
Processing assembly Library/Bee/artifacts/1900b0aE.dag/Unity.AI.Generators.Asset.dll, with 141 defines and 312 references

processors: Unity.Jobs.CodeGen.JobsILPostProcessor, zzzUnity.Burst.CodeGen.BurstILPostProcessor

running Unity.Jobs.CodeGen.JobsILPostProcessor

running zzzUnity.Burst.CodeGen.BurstILPostProcessor
[1526/1725  0s] ILPostProcess Library/Bee/artifacts/1900b0aE.dag/post-processed/Unity.AI.Generators.Tools.dll (+pdb)
Processing assembly Library/Bee/artifacts/1900b0aE.dag/Unity.AI.Generators.Tools.dll, with 141 defines and 320 references

processors: Unity.Jobs.CodeGen.JobsILPostProcessor, zzzUnity.Burst.CodeGen.BurstILPostProcessor

running Unity.Jobs.CodeGen.JobsILPostProcessor

running zzzUnity.Burst.CodeGen.BurstILPostProcessor
[1527/1725  0s] ILPostProcess Library/Bee/artifacts/1900b0aE.dag/post-processed/Unity.2D.Triangulation.Runtime.dll (+pdb)
Processing assembly Library/Bee/artifacts/1900b0aE.dag/Unity.2D.Triangulation.Runtime.dll, with 141 defines and 295 references

processors: Unity.Jobs.CodeGen.JobsILPostProcessor, zzzUnity.Burst.CodeGen.BurstILPostProcessor

running Unity.Jobs.CodeGen.JobsILPostProcessor

running zzzUnity.Burst.CodeGen.BurstILPostProcessor
[1528/1725  0s] ILPostProcess Library/Bee/artifacts/1900b0aE.dag/post-processed/Unity.InternalAPIEditorBridge.ShaderGraph.Editor.dll (+pdb)
Processing assembly Library/Bee/artifacts/1900b0aE.dag/Unity.InternalAPIEditorBridge.ShaderGraph.Editor.dll, with 141 defines and 307 references

processors: Unity.Jobs.CodeGen.JobsILPostProcessor, zzzUnity.Burst.CodeGen.BurstILPostProcessor

running Unity.Jobs.CodeGen.JobsILPostProcessor

running zzzUnity.Burst.CodeGen.BurstILPostProcessor
[1529/1725  0s] ILPostProcess Library/Bee/artifacts/1900b0aE.dag/post-processed/Unity.AppUI.Redux.Editor.dll (+pdb)
Processing assembly Library/Bee/artifacts/1900b0aE.dag/Unity.AppUI.Redux.Editor.dll, with 145 defines and 296 references

processors: Unity.Jobs.CodeGen.JobsILPostProcessor, zzzUnity.Burst.CodeGen.BurstILPostProcessor

running Unity.Jobs.CodeGen.JobsILPostProcessor

running zzzUnity.Burst.CodeGen.BurstILPostProcessor
[1530/1725  0s] ILPostProcess Library/Bee/artifacts/1900b0aE.dag/post-processed/Unity.AI.Generators.IO.dll (+pdb)
Processing assembly Library/Bee/artifacts/1900b0aE.dag/Unity.AI.Generators.IO.dll, with 141 defines and 312 references

processors: Unity.Jobs.CodeGen.JobsILPostProcessor, zzzUnity.Burst.CodeGen.BurstILPostProcessor

running Unity.Jobs.CodeGen.JobsILPostProcessor

running zzzUnity.Burst.CodeGen.BurstILPostProcessor
[1531/1725  0s] ILPostProcess Library/Bee/artifacts/1900b0aE.dag/post-processed/Unity.AI.MCP.Editor.dll (+pdb)
Processing assembly Library/Bee/artifacts/1900b0aE.dag/Unity.AI.MCP.Editor.dll, with 141 defines and 300 references

processors: Unity.Jobs.CodeGen.JobsILPostProcessor, zzzUnity.Burst.CodeGen.BurstILPostProcessor

running Unity.Jobs.CodeGen.JobsILPostProcessor

running zzzUnity.Burst.CodeGen.BurstILPostProcessor
[1532/1725  0s] ILPostProcess Library/Bee/artifacts/1900b0aE.dag/post-processed/Unity.RenderPipelines.Core.Editor.Shared.dll (+pdb)
Processing assembly Library/Bee/artifacts/1900b0aE.dag/Unity.RenderPipelines.Core.Editor.Shared.dll, with 141 defines and 314 references

processors: Unity.Jobs.CodeGen.JobsILPostProcessor, zzzUnity.Burst.CodeGen.BurstILPostProcessor

running Unity.Jobs.CodeGen.JobsILPostProcessor

running zzzUnity.Burst.CodeGen.BurstILPostProcessor
[1533/1725  0s] ILPostProcess Library/Bee/artifacts/1900b0aE.dag/post-processed/Unity.ShaderGraph.Editor.dll (+pdb)
Processing assembly Library/Bee/artifacts/1900b0aE.dag/Unity.ShaderGraph.Editor.dll, with 141 defines and 312 references

processors: Unity.Jobs.CodeGen.JobsILPostProcessor, zzzUnity.Burst.CodeGen.BurstILPostProcessor

running Unity.Jobs.CodeGen.JobsILPostProcessor

running zzzUnity.Burst.CodeGen.BurstILPostProcessor
[1534/1725  0s] ILPostProcess Library/Bee/artifacts/1900b0aE.dag/post-processed/Unity.2D.Common.Editor.dll (+pdb)
Processing assembly Library/Bee/artifacts/1900b0aE.dag/Unity.2D.Common.Editor.dll, with 141 defines and 311 references

processors: Unity.Jobs.CodeGen.JobsILPostProcessor, zzzUnity.Burst.CodeGen.BurstILPostProcessor

running Unity.Jobs.CodeGen.JobsILPostProcessor

running zzzUnity.Burst.CodeGen.BurstILPostProcessor
[1535/1725  0s] ILPostProcess Library/Bee/artifacts/1900b0aE.dag/post-processed/Unity.RenderPipelines.Universal.2D.Editor.Overrides.dll (+pdb)
Processing assembly Library/Bee/artifacts/1900b0aE.dag/Unity.RenderPipelines.Universal.2D.Editor.Overrides.dll, with 143 defines and 317 references

processors: Unity.Jobs.CodeGen.JobsILPostProcessor, zzzUnity.Burst.CodeGen.BurstILPostProcessor

running Unity.Jobs.CodeGen.JobsILPostProcessor

running zzzUnity.Burst.CodeGen.BurstILPostProcessor
[1536/1725  0s] ILPostProcess Library/Bee/artifacts/1900b0aE.dag/post-processed/Unity.2D.IK.Editor.dll (+pdb)
Processing assembly Library/Bee/artifacts/1900b0aE.dag/Unity.2D.IK.Editor.dll, with 141 defines and 314 references

processors: Unity.Jobs.CodeGen.JobsILPostProcessor, zzzUnity.Burst.CodeGen.BurstILPostProcessor

running Unity.Jobs.CodeGen.JobsILPostProcessor

running zzzUnity.Burst.CodeGen.BurstILPostProcessor
[1537/1725  0s] ILPostProcess Library/Bee/artifacts/1900b0aE.dag/post-processed/Unity.2D.Psdimporter.Editor.dll (+pdb)
Processing assembly Library/Bee/artifacts/1900b0aE.dag/Unity.2D.Psdimporter.Editor.dll, with 143 defines and 317 references

processors: Unity.Jobs.CodeGen.JobsILPostProcessor, zzzUnity.Burst.CodeGen.BurstILPostProcessor

running Unity.Jobs.CodeGen.JobsILPostProcessor

running zzzUnity.Burst.CodeGen.BurstILPostProcessor
[1538/1725  0s] ILPostProcess Library/Bee/artifacts/1900b0aE.dag/post-processed/Unity.2D.Aseprite.Common.dll (+pdb)
Processing assembly Library/Bee/artifacts/1900b0aE.dag/Unity.2D.Aseprite.Common.dll, with 141 defines and 310 references

processors: Unity.Jobs.CodeGen.JobsILPostProcessor, zzzUnity.Burst.CodeGen.BurstILPostProcessor

running Unity.Jobs.CodeGen.JobsILPostProcessor

running zzzUnity.Burst.CodeGen.BurstILPostProcessor
[1539/1725  0s] ILPostProcess Library/Bee/artifacts/1900b0aE.dag/post-processed/Unity.AI.Toolkit.Compliance.dll (+pdb)
Processing assembly Library/Bee/artifacts/1900b0aE.dag/Unity.AI.Toolkit.Compliance.dll, with 141 defines and 307 references

processors: Unity.Jobs.CodeGen.JobsILPostProcessor, zzzUnity.Burst.CodeGen.BurstILPostProcessor

running Unity.Jobs.CodeGen.JobsILPostProcessor

running zzzUnity.Burst.CodeGen.BurstILPostProcessor
[1540/1725  0s] ILPostProcess Library/Bee/artifacts/1900b0aE.dag/post-processed/Unity.AI.Assistant.UI.Editor.dll (+pdb)
Processing assembly Library/Bee/artifacts/1900b0aE.dag/Unity.AI.Assistant.UI.Editor.dll, with 141 defines and 305 references

processors: Unity.Jobs.CodeGen.JobsILPostProcessor, zzzUnity.Burst.CodeGen.BurstILPostProcessor

running Unity.Jobs.CodeGen.JobsILPostProcessor

running zzzUnity.Burst.CodeGen.BurstILPostProcessor
[1541/1725  0s] ILPostProcess Library/Bee/artifacts/1900b0aE.dag/post-processed/Unity.AI.Pbr.dll (+pdb)
Processing assembly Library/Bee/artifacts/1900b0aE.dag/Unity.AI.Pbr.dll, with 141 defines and 323 references

processors: Unity.Jobs.CodeGen.JobsILPostProcessor, zzzUnity.Burst.CodeGen.BurstILPostProcessor

running Unity.Jobs.CodeGen.JobsILPostProcessor

running zzzUnity.Burst.CodeGen.BurstILPostProcessor
[1542/1725  0s] ILPostProcess Library/Bee/artifacts/1900b0aE.dag/post-processed/Unity.Rendering.LightTransport.Editor.dll (+pdb)
Processing assembly Library/Bee/artifacts/1900b0aE.dag/Unity.Rendering.LightTransport.Editor.dll, with 141 defines and 307 references

processors: Unity.Jobs.CodeGen.JobsILPostProcessor, zzzUnity.Burst.CodeGen.BurstILPostProcessor

running Unity.Jobs.CodeGen.JobsILPostProcessor

running zzzUnity.Burst.CodeGen.BurstILPostProcessor
[1543/1725  0s] ILPostProcess Library/Bee/artifacts/1900b0aE.dag/post-processed/Unity.Searcher.Editor.dll (+pdb)
Processing assembly Library/Bee/artifacts/1900b0aE.dag/Unity.Searcher.Editor.dll, with 141 defines and 307 references

processors: Unity.Jobs.CodeGen.JobsILPostProcessor, zzzUnity.Burst.CodeGen.BurstILPostProcessor

running Unity.Jobs.CodeGen.JobsILPostProcessor

running zzzUnity.Burst.CodeGen.BurstILPostProcessor
[1544/1725  0s] ILPostProcess Library/Bee/artifacts/1900b0aE.dag/post-processed/Unity.AI.Image.dll (+pdb)
Processing assembly Library/Bee/artifacts/1900b0aE.dag/Unity.AI.Image.dll, with 141 defines and 324 references

processors: Unity.Jobs.CodeGen.JobsILPostProcessor, zzzUnity.Burst.CodeGen.BurstILPostProcessor

running Unity.Jobs.CodeGen.JobsILPostProcessor

running zzzUnity.Burst.CodeGen.BurstILPostProcessor
[1545/1725  0s] ILPostProcess Library/Bee/artifacts/1900b0aE.dag/post-processed/Unity.2D.Tilemap.Editor.dll (+pdb)
Processing assembly Library/Bee/artifacts/1900b0aE.dag/Unity.2D.Tilemap.Editor.dll, with 141 defines and 307 references

processors: Unity.Jobs.CodeGen.JobsILPostProcessor, zzzUnity.Burst.CodeGen.BurstILPostProcessor

running Unity.Jobs.CodeGen.JobsILPostProcessor

running zzzUnity.Burst.CodeGen.BurstILPostProcessor
[1546/1725  0s] ILPostProcess Library/Bee/artifacts/1900b0aE.dag/post-processed/Unity.AI.Assistant.Annotations.Editor.dll (+pdb)
Processing assembly Library/Bee/artifacts/1900b0aE.dag/Unity.AI.Assistant.Annotations.Editor.dll, with 141 defines and 307 references

processors: Unity.Jobs.CodeGen.JobsILPostProcessor, zzzUnity.Burst.CodeGen.BurstILPostProcessor

running Unity.Jobs.CodeGen.JobsILPostProcessor

running zzzUnity.Burst.CodeGen.BurstILPostProcessor
[1547/1725  0s] ILPostProcess Library/Bee/artifacts/1900b0aE.dag/post-processed/Unity.AI.Toolkit.GenerationContextMenu.dll (+pdb)
Processing assembly Library/Bee/artifacts/1900b0aE.dag/Unity.AI.Toolkit.GenerationContextMenu.dll, with 141 defines and 308 references

processors: Unity.Jobs.CodeGen.JobsILPostProcessor, zzzUnity.Burst.CodeGen.BurstILPostProcessor

running Unity.Jobs.CodeGen.JobsILPostProcessor

running zzzUnity.Burst.CodeGen.BurstILPostProcessor
[1548/1725  0s] ILPostProcess Library/Bee/artifacts/1900b0aE.dag/post-processed/Unity.AI.Assistant.Bridge.Editor.dll (+pdb)
Processing assembly Library/Bee/artifacts/1900b0aE.dag/Unity.AI.Assistant.Bridge.Editor.dll, with 142 defines and 307 references

processors: Unity.Jobs.CodeGen.JobsILPostProcessor, zzzUnity.Burst.CodeGen.BurstILPostProcessor

running Unity.Jobs.CodeGen.JobsILPostProcessor

running zzzUnity.Burst.CodeGen.BurstILPostProcessor
[1549/1725  0s] ILPostProcess Library/Bee/artifacts/1900b0aE.dag/post-processed/Unity.AI.Assistant.AssetGenerators.Editor.dll (+pdb)
Processing assembly Library/Bee/artifacts/1900b0aE.dag/Unity.AI.Assistant.AssetGenerators.Editor.dll, with 141 defines and 297 references

processors: Unity.Jobs.CodeGen.JobsILPostProcessor, zzzUnity.Burst.CodeGen.BurstILPostProcessor

running Unity.Jobs.CodeGen.JobsILPostProcessor

running zzzUnity.Burst.CodeGen.BurstILPostProcessor
[1550/1725  0s] ILPostProcess Library/Bee/artifacts/1900b0aE.dag/post-processed/Unity.AI.Toolkit.Asset.dll (+pdb)
Processing assembly Library/Bee/artifacts/1900b0aE.dag/Unity.AI.Toolkit.Asset.dll, with 141 defines and 308 references

processors: Unity.Jobs.CodeGen.JobsILPostProcessor, zzzUnity.Burst.CodeGen.BurstILPostProcessor

running Unity.Jobs.CodeGen.JobsILPostProcessor

running zzzUnity.Burst.CodeGen.BurstILPostProcessor
[1551/1725  0s] ILPostProcess Library/Bee/artifacts/1900b0aE.dag/post-processed/Unity.PlasticSCM.Editor.Entities.dll (+pdb)
Processing assembly Library/Bee/artifacts/1900b0aE.dag/Unity.PlasticSCM.Editor.Entities.dll, with 141 defines and 308 references

processors: Unity.Jobs.CodeGen.JobsILPostProcessor, zzzUnity.Burst.CodeGen.BurstILPostProcessor

running Unity.Jobs.CodeGen.JobsILPostProcessor

running zzzUnity.Burst.CodeGen.BurstILPostProcessor
[1552/1725  0s] ILPostProcess Library/Bee/artifacts/1900b0aE.dag/post-processed/Unity.2D.Aseprite.Editor.dll (+pdb)
Processing assembly Library/Bee/artifacts/1900b0aE.dag/Unity.2D.Aseprite.Editor.dll, with 143 defines and 317 references

processors: Unity.Jobs.CodeGen.JobsILPostProcessor, zzzUnity.Burst.CodeGen.BurstILPostProcessor

running Unity.Jobs.CodeGen.JobsILPostProcessor

running zzzUnity.Burst.CodeGen.BurstILPostProcessor
[1553/1725  0s] ILPostProcess Library/Bee/artifacts/1900b0aE.dag/post-processed/Unity.AI.Animate.dll (+pdb)
Processing assembly Library/Bee/artifacts/1900b0aE.dag/Unity.AI.Animate.dll, with 141 defines and 324 references

processors: Unity.Jobs.CodeGen.JobsILPostProcessor, zzzUnity.Burst.CodeGen.BurstILPostProcessor

running Unity.Jobs.CodeGen.JobsILPostProcessor

running zzzUnity.Burst.CodeGen.BurstILPostProcessor
[1554/1725  0s] ILPostProcess Library/Bee/artifacts/1900b0aE.dag/post-processed/Unity.AI.Assistant.Agent.Dynamic.Extension.Editor.dll (+pdb)
Processing assembly Library/Bee/artifacts/1900b0aE.dag/Unity.AI.Assistant.Agent.Dynamic.Extension.Editor.dll, with 141 defines and 307 references

processors: Unity.Jobs.CodeGen.JobsILPostProcessor, zzzUnity.Burst.CodeGen.BurstILPostProcessor

running Unity.Jobs.CodeGen.JobsILPostProcessor

running zzzUnity.Burst.CodeGen.BurstILPostProcessor
[1555/1725  0s] ILPostProcess Library/Bee/artifacts/1900b0aE.dag/post-processed/Unity.Timeline.Editor.dll (+pdb)
Processing assembly Library/Bee/artifacts/1900b0aE.dag/Unity.Timeline.Editor.dll, with 142 defines and 308 references

processors: Unity.Jobs.CodeGen.JobsILPostProcessor, zzzUnity.Burst.CodeGen.BurstILPostProcessor

running Unity.Jobs.CodeGen.JobsILPostProcessor

running zzzUnity.Burst.CodeGen.BurstILPostProcessor
[1556/1725  0s] ILPostProcess Library/Bee/artifacts/1900b0aE.dag/post-processed/Unity.VisualScripting.State.Editor.dll (+pdb)
Processing assembly Library/Bee/artifacts/1900b0aE.dag/Unity.VisualScripting.State.Editor.dll, with 141 defines and 312 references

processors: Unity.Jobs.CodeGen.JobsILPostProcessor, zzzUnity.Burst.CodeGen.BurstILPostProcessor

running Unity.Jobs.CodeGen.JobsILPostProcessor

running zzzUnity.Burst.CodeGen.BurstILPostProcessor
[1557/1725  0s] ILPostProcess Library/Bee/artifacts/1900b0aE.dag/post-processed/Unity.RenderPipelines.Universal.Editor.dll (+pdb)
Processing assembly Library/Bee/artifacts/1900b0aE.dag/Unity.RenderPipelines.Universal.Editor.dll, with 145 defines and 322 references

processors: Unity.Jobs.CodeGen.JobsILPostProcessor, zzzUnity.Burst.CodeGen.BurstILPostProcessor

running Unity.Jobs.CodeGen.JobsILPostProcessor

running zzzUnity.Burst.CodeGen.BurstILPostProcessor
[1558/1725  0s] ILPostProcess Library/Bee/artifacts/1900b0aE.dag/post-processed/Unity.TextMeshPro.Editor.dll (+pdb)
Processing assembly Library/Bee/artifacts/1900b0aE.dag/Unity.TextMeshPro.Editor.dll, with 141 defines and 309 references

processors: Unity.Jobs.CodeGen.JobsILPostProcessor, zzzUnity.Burst.CodeGen.BurstILPostProcessor

running Unity.Jobs.CodeGen.JobsILPostProcessor

running zzzUnity.Burst.CodeGen.BurstILPostProcessor
[1559/1725  0s] ILPostProcess Library/Bee/artifacts/1900b0aE.dag/post-processed/Unity.PathTracing.Editor.dll (+pdb)
Processing assembly Library/Bee/artifacts/1900b0aE.dag/Unity.PathTracing.Editor.dll, with 142 defines and 311 references

processors: Unity.Jobs.CodeGen.JobsILPostProcessor, zzzUnity.Burst.CodeGen.BurstILPostProcessor

running Unity.Jobs.CodeGen.JobsILPostProcessor

running zzzUnity.Burst.CodeGen.BurstILPostProcessor
[1560/1725  0s] ILPostProcess Library/Bee/artifacts/1900b0aE.dag/post-processed/Unity.AI.Generators.Redux.dll (+pdb)
Processing assembly Library/Bee/artifacts/1900b0aE.dag/Unity.AI.Generators.Redux.dll, with 141 defines and 310 references

processors: Unity.Jobs.CodeGen.JobsILPostProcessor, zzzUnity.Burst.CodeGen.BurstILPostProcessor

running Unity.Jobs.CodeGen.JobsILPostProcessor

running zzzUnity.Burst.CodeGen.BurstILPostProcessor
[1561/1725  0s] ILPostProcess Library/Bee/artifacts/1900b0aE.dag/post-processed/Unity.VisualScripting.Shared.Editor.dll (+pdb)
Processing assembly Library/Bee/artifacts/1900b0aE.dag/Unity.VisualScripting.Shared.Editor.dll, with 141 defines and 313 references

processors: Unity.Jobs.CodeGen.JobsILPostProcessor, zzzUnity.Burst.CodeGen.BurstILPostProcessor

running Unity.Jobs.CodeGen.JobsILPostProcessor

running zzzUnity.Burst.CodeGen.BurstILPostProcessor
[1562/1725  0s] ILPostProcess Library/Bee/artifacts/1900b0aE.dag/post-processed/Unity.AI.Assistant.Integrations.Profiler.Editor.dll (+pdb)
Processing assembly Library/Bee/artifacts/1900b0aE.dag/Unity.AI.Assistant.Integrations.Profiler.Editor.dll, with 141 defines and 312 references

processors: Unity.Jobs.CodeGen.JobsILPostProcessor, zzzUnity.Burst.CodeGen.BurstILPostProcessor

running Unity.Jobs.CodeGen.JobsILPostProcessor

running zzzUnity.Burst.CodeGen.BurstILPostProcessor
[1563/1725  0s] ILPostProcess Library/Bee/artifacts/1900b0aE.dag/post-processed/Unity.Burst.Editor.dll (+pdb)
Processing assembly Library/Bee/artifacts/1900b0aE.dag/Unity.Burst.Editor.dll, with 141 defines and 308 references

processors: Unity.Jobs.CodeGen.JobsILPostProcessor, zzzUnity.Burst.CodeGen.BurstILPostProcessor

running Unity.Jobs.CodeGen.JobsILPostProcessor

running zzzUnity.Burst.CodeGen.BurstILPostProcessor
[1564/1725  0s] ILPostProcess Library/Bee/artifacts/1900b0aE.dag/post-processed/Unity.PerformanceTesting.Editor.dll (+pdb)
Processing assembly Library/Bee/artifacts/1900b0aE.dag/Unity.PerformanceTesting.Editor.dll, with 142 defines and 292 references

processors: Unity.Jobs.CodeGen.JobsILPostProcessor, zzzUnity.Burst.CodeGen.BurstILPostProcessor

running Unity.Jobs.CodeGen.JobsILPostProcessor

running zzzUnity.Burst.CodeGen.BurstILPostProcessor
[1565/1725  0s] ILPostProcess Library/Bee/artifacts/1900b0aE.dag/post-processed/Unity.InferenceEngine.Microsoft.Msagl.dll (+pdb)
Processing assembly Library/Bee/artifacts/1900b0aE.dag/Unity.InferenceEngine.Microsoft.Msagl.dll, with 141 defines and 307 references

processors: Unity.Jobs.CodeGen.JobsILPostProcessor, zzzUnity.Burst.CodeGen.BurstILPostProcessor

running Unity.Jobs.CodeGen.JobsILPostProcessor

running zzzUnity.Burst.CodeGen.BurstILPostProcessor
[1566/1725  0s] ILPostProcess Library/Bee/artifacts/1900b0aE.dag/post-processed/Unity.Multiplayer.Center.Editor.dll (+pdb)
Processing assembly Library/Bee/artifacts/1900b0aE.dag/Unity.Multiplayer.Center.Editor.dll, with 141 defines and 308 references

processors: Unity.Jobs.CodeGen.JobsILPostProcessor, zzzUnity.Burst.CodeGen.BurstILPostProcessor

running Unity.Jobs.CodeGen.JobsILPostProcessor

running zzzUnity.Burst.CodeGen.BurstILPostProcessor
[1567/1725  0s] ILPostProcess Library/Bee/artifacts/1900b0aE.dag/post-processed/Unity.PlasticSCM.Editor.Assistant.dll (+pdb)
Processing assembly Library/Bee/artifacts/1900b0aE.dag/Unity.PlasticSCM.Editor.Assistant.dll, with 142 defines and 309 references

processors: Unity.Jobs.CodeGen.JobsILPostProcessor, zzzUnity.Burst.CodeGen.BurstILPostProcessor

running Unity.Jobs.CodeGen.JobsILPostProcessor

running zzzUnity.Burst.CodeGen.BurstILPostProcessor
[1568/1725  0s] ILPostProcess Library/Bee/artifacts/1900b0aE.dag/post-processed/PsdPlugin.dll (+pdb)
Processing assembly Library/Bee/artifacts/1900b0aE.dag/PsdPlugin.dll, with 141 defines and 308 references

processors: Unity.Jobs.CodeGen.JobsILPostProcessor, zzzUnity.Burst.CodeGen.BurstILPostProcessor

running Unity.Jobs.CodeGen.JobsILPostProcessor

running zzzUnity.Burst.CodeGen.BurstILPostProcessor
[1569/1725  0s] ILPostProcess Library/Bee/artifacts/1900b0aE.dag/post-processed/Unity.VisualScripting.SettingsProvider.Editor.dll (+pdb)
Processing assembly Library/Bee/artifacts/1900b0aE.dag/Unity.VisualScripting.SettingsProvider.Editor.dll, with 141 defines and 312 references

processors: Unity.Jobs.CodeGen.JobsILPostProcessor, zzzUnity.Burst.CodeGen.BurstILPostProcessor

running Unity.Jobs.CodeGen.JobsILPostProcessor

running zzzUnity.Burst.CodeGen.BurstILPostProcessor
[1570/1725  0s] ILPostProcess Library/Bee/artifacts/1900b0aE.dag/post-processed/Unity.AI.Generators.UI.dll (+pdb)
Processing assembly Library/Bee/artifacts/1900b0aE.dag/Unity.AI.Generators.UI.dll, with 141 defines and 303 references

processors: Unity.Jobs.CodeGen.JobsILPostProcessor, zzzUnity.Burst.CodeGen.BurstILPostProcessor

running Unity.Jobs.CodeGen.JobsILPostProcessor

running zzzUnity.Burst.CodeGen.BurstILPostProcessor
[1571/1725  0s] ILPostProcess Library/Bee/artifacts/1900b0aE.dag/post-processed/Unity.InputSystem.DocCodeSamples.dll (+pdb)
Processing assembly Library/Bee/artifacts/1900b0aE.dag/Unity.InputSystem.DocCodeSamples.dll, with 141 defines and 292 references

processors: Unity.Jobs.CodeGen.JobsILPostProcessor, zzzUnity.Burst.CodeGen.BurstILPostProcessor

running Unity.Jobs.CodeGen.JobsILPostProcessor

running zzzUnity.Burst.CodeGen.BurstILPostProcessor
[1572/1725  0s] CopyFiles Library/ScriptAssemblies/Unity.RenderPipelines.ShaderGraph.ShaderGraphLibrary.dll
[1573/1725  0s] CopyFiles Library/ScriptAssemblies/Unity.InputSystem.dll
[1574/1725  0s] CopyFiles Library/ScriptAssemblies/Unity.VisualScripting.DocCodeExamples.dll
[1575/1725  0s] CopyFiles Library/ScriptAssemblies/Unity.RenderPipelines.Universal.Config.Runtime.dll
[1576/1725  0s] CopyFiles Library/ScriptAssemblies/Unity.Timeline.dll
[1577/1725  0s] CopyFiles Library/ScriptAssemblies/Unity.AI.MCP.Runtime.dll
[1578/1725  0s] CopyFiles Library/ScriptAssemblies/Unity.AI.Animate.Motion.Runtime.dll
[1579/1725  0s] CopyFiles Library/ScriptAssemblies/Unity.Collections.dll
[1580/1725  0s] CopyFiles Library/ScriptAssemblies/Unity.InternalAPIEngineBridge.004.dll
[1581/1725  0s] ILPostProcess Library/Bee/artifacts/1900b0aE.dag/post-processed/Unity.AppUI.Navigation.Editor.dll (+pdb)
Processing assembly Library/Bee/artifacts/1900b0aE.dag/Unity.AppUI.Navigation.Editor.dll, with 142 defines and 311 references

processors: Unity.Jobs.CodeGen.JobsILPostProcessor, zzzUnity.Burst.CodeGen.BurstILPostProcessor

running Unity.Jobs.CodeGen.JobsILPostProcessor

running zzzUnity.Burst.CodeGen.BurstILPostProcessor
[1582/1725  0s] CopyFiles Library/ScriptAssemblies/Unity.2D.SpriteShape.Runtime.dll
[1583/1725  0s] ILPostProcess Library/Bee/artifacts/1900b0aE.dag/post-processed/Unity.AI.Assistant.API.Editor.dll (+pdb)
Processing assembly Library/Bee/artifacts/1900b0aE.dag/Unity.AI.Assistant.API.Editor.dll, with 141 defines and 311 references

processors: Unity.Jobs.CodeGen.JobsILPostProcessor, zzzUnity.Burst.CodeGen.BurstILPostProcessor

running Unity.Jobs.CodeGen.JobsILPostProcessor

running zzzUnity.Burst.CodeGen.BurstILPostProcessor
[1584/1725  0s] CopyFiles Library/ScriptAssemblies/Unity.Burst.dll
[1585/1725  0s] CopyFiles Library/ScriptAssemblies/Unity.InternalAPIEngineBridge.001.dll
[1586/1725  0s] CopyFiles Library/ScriptAssemblies/Unity.InternalAPIEngineBridge.RenderPipelines.Core.Runtime.Shared.dll
[1587/1725  0s] CopyFiles Library/ScriptAssemblies/Unity.InputSystem.TestFramework.dll
[1588/1725  0s] CopyFiles Library/ScriptAssemblies/Unity.SurfaceCache.Runtime.dll
[1589/1725  0s] CopyFiles Library/ScriptAssemblies/Unity.2D.Tilemap.Extras.dll
[1590/1725  0s] CopyFiles Library/ScriptAssemblies/Unity.2D.IK.Runtime.dll
[1591/1725  0s] CopyFiles Library/ScriptAssemblies/Unity.VisualScripting.Flow.dll
[1592/1725  0s] CopyFiles Library/ScriptAssemblies/Unity.RenderPipeline.Universal.ShaderLibrary.dll
[1593/1725  0s] CopyFiles Library/ScriptAssemblies/Unity.UnifiedRayTracing.Runtime.dll
[1594/1725  0s] CopyFiles Library/ScriptAssemblies/Unity.PathTracing.Runtime.dll
[1595/1725  0s] CopyFiles Library/ScriptAssemblies/Unity.PerformanceTesting.dll
[1596/1725  0s] CopyFiles Library/ScriptAssemblies/Unity.2D.Animation.Runtime.dll
[1597/1725  0s] CopyFiles Library/ScriptAssemblies/Unity.Multiplayer.Center.Common.dll
[1598/1725  0s] CopyFiles Library/ScriptAssemblies/Unity.RenderPipelines.GPUDriven.Runtime.dll
[1599/1725  0s] CopyFiles Library/ScriptAssemblies/NaManMoo.PlayModeTests.dll
[1600/1725  0s] CopyFiles Library/ScriptAssemblies/Unity.Mathematics.dll
[1601/1725  0s] CopyFiles Library/ScriptAssemblies/Unity.AI.Assistant.Runtime.dll
[1602/1725  0s] CopyFiles Library/ScriptAssemblies/Unity.RenderPipelines.Universal.2D.Runtime.dll
[1603/1725  0s] CopyFiles Library/ScriptAssemblies/Unity.RenderPipelines.Universal.Shaders.dll
[1604/1725  0s] CopyFiles Library/ScriptAssemblies/Unity.RenderPipelines.Universal.Runtime.dll
[1605/1725  0s] CopyFiles Library/ScriptAssemblies/Unity.InferenceEngine.iOSBLAS.dll
[1606/1725  0s] CopyFiles Library/ScriptAssemblies/Unity.AppUI.InternalAPIBridge.dll
[1607/1725  0s] CopyFiles Library/ScriptAssemblies/UnityEngine.UI.dll
[1608/1725  0s] CopyFiles Library/ScriptAssemblies/Unity.AppUI.Undo.dll
[1609/1725  0s] CopyFiles Library/ScriptAssemblies/Unity.AppUI.Redux.dll
[1610/1725  0s] CopyFiles Library/ScriptAssemblies/Unity.VisualScripting.Core.dll
[1611/1725  0s] CopyFiles Library/ScriptAssemblies/Unity.RenderPipelines.Core.Runtime.dll
[1612/1725  0s] CopyFiles Library/ScriptAssemblies/Unity.InputSystem.ForUI.dll
[1613/1725  0s] CopyFiles Library/ScriptAssemblies/Unity.TextMeshPro.dll
[1614/1725  0s] CopyFiles Library/ScriptAssemblies/Unity.AppUI.dll
[1615/1725  0s] CopyFiles Library/ScriptAssemblies/Unity.VisualScripting.State.dll
[1616/1725  0s] CopyFiles Library/ScriptAssemblies/Unity.InferenceEngine.Tokenization.dll
[1617/1725  0s] CopyFiles Library/ScriptAssemblies/Unity.AI.Tracing.dll
[1618/1725  0s] CopyFiles Library/ScriptAssemblies/Unity.2D.Common.Runtime.dll
[1619/1725  0s] CopyFiles Library/ScriptAssemblies/Unity.AppUI.Navigation.dll
[1620/1725  0s] CopyFiles Library/ScriptAssemblies/Unity.InferenceEngine.MacBLAS.dll
[1621/1725  0s] CopyFiles Library/ScriptAssemblies/Unity.RenderPipelines.Core.ShaderLibrary.dll
[1622/1725  0s] CopyFiles Library/ScriptAssemblies/Unity.RenderPipelines.Core.Runtime.Shared.dll
[1623/1725  0s] CopyFiles Library/ScriptAssemblies/Unity.AppUI.MVVM.dll
[1624/1725  0s] CopyFiles Library/ScriptAssemblies/NaManMoo.Runtime.dll
[1625/1725  0s] CopyFiles Library/ScriptAssemblies/Unity.InputSystem.DocCodeSamples.dll
[1626/1725  0s] CopyFiles Library/ScriptAssemblies/Unity.InputSystem.DocCodeSamples.pdb
[1627/1725  0s] CopyFiles Library/ScriptAssemblies/Unity.AI.Generators.UI.pdb
[1628/1725  0s] CopyFiles Library/ScriptAssemblies/Unity.AI.Generators.UI.dll
[1629/1725  0s] CopyFiles Library/ScriptAssemblies/Unity.VisualScripting.SettingsProvider.Editor.dll
[1630/1725  0s] CopyFiles Library/ScriptAssemblies/Unity.VisualScripting.SettingsProvider.Editor.pdb
[1631/1725  0s] CopyFiles Library/ScriptAssemblies/Unity.PlasticSCM.Editor.Assistant.dll
[1632/1725  0s] CopyFiles Library/ScriptAssemblies/Unity.PlasticSCM.Editor.Assistant.pdb
[1633/1725  0s] CopyFiles Library/ScriptAssemblies/Unity.Multiplayer.Center.Editor.dll
[1634/1725  0s] CopyFiles Library/ScriptAssemblies/Unity.AppUI.Navigation.Editor.pdb
[1635/1725  0s] CopyFiles Library/ScriptAssemblies/Unity.Multiplayer.Center.Editor.pdb
[1636/1725  0s] CopyFiles Library/ScriptAssemblies/Unity.AppUI.Navigation.Editor.dll
[1637/1725  0s] CopyFiles Library/ScriptAssemblies/PsdPlugin.pdb
[1638/1725  0s] CopyFiles Library/ScriptAssemblies/PsdPlugin.dll
[1639/1725  0s] CopyFiles Library/ScriptAssemblies/Unity.PerformanceTesting.Editor.dll
[1640/1725  0s] CopyFiles Library/ScriptAssemblies/Unity.InferenceEngine.Microsoft.Msagl.pdb
[1641/1725  0s] CopyFiles Library/ScriptAssemblies/Unity.PerformanceTesting.Editor.pdb
[1642/1725  0s] CopyFiles Library/ScriptAssemblies/Unity.AI.Assistant.API.Editor.dll
[1643/1725  0s] CopyFiles Library/ScriptAssemblies/Unity.AI.Assistant.API.Editor.pdb
[1644/1725  0s] CopyFiles Library/ScriptAssemblies/Unity.AI.Assistant.Integrations.Profiler.Editor.dll
[1645/1725  0s] CopyFiles Library/ScriptAssemblies/Unity.Burst.Editor.dll
[1646/1725  0s] CopyFiles Library/ScriptAssemblies/Unity.Burst.Editor.pdb
[1647/1725  0s] CopyFiles Library/ScriptAssemblies/Unity.AI.Assistant.Integrations.Profiler.Editor.pdb
[1648/1725  0s] CopyFiles Library/ScriptAssemblies/Unity.InferenceEngine.Microsoft.Msagl.dll
[1649/1725  0s] CopyFiles Library/ScriptAssemblies/Unity.PathTracing.Editor.dll
[1650/1725  0s] CopyFiles Library/ScriptAssemblies/Unity.PathTracing.Editor.pdb
[1651/1725  0s] CopyFiles Library/ScriptAssemblies/Unity.VisualScripting.Shared.Editor.dll
[1652/1725  0s] CopyFiles Library/ScriptAssemblies/Unity.VisualScripting.Shared.Editor.pdb
[1653/1725  0s] CopyFiles Library/ScriptAssemblies/Unity.AI.Generators.Redux.dll
[1654/1725  0s] CopyFiles Library/ScriptAssemblies/Unity.RenderPipelines.Universal.Editor.pdb
[1655/1725  0s] CopyFiles Library/ScriptAssemblies/Unity.TextMeshPro.Editor.pdb
[1656/1725  0s] CopyFiles Library/ScriptAssemblies/Unity.RenderPipelines.Universal.Editor.dll
[1657/1725  0s] CopyFiles Library/ScriptAssemblies/Unity.VisualScripting.State.Editor.dll
[1658/1725  0s] CopyFiles Library/ScriptAssemblies/Unity.TextMeshPro.Editor.dll
[1659/1725  0s] CopyFiles Library/ScriptAssemblies/Unity.VisualScripting.State.Editor.pdb
[1660/1725  0s] CopyFiles Library/ScriptAssemblies/Unity.Timeline.Editor.pdb
[1661/1725  0s] CopyFiles Library/ScriptAssemblies/Unity.Timeline.Editor.dll
[1662/1725  0s] CopyFiles Library/ScriptAssemblies/Unity.AI.Assistant.Agent.Dynamic.Extension.Editor.dll
[1663/1725  0s] CopyFiles Library/ScriptAssemblies/Unity.AI.Assistant.Agent.Dynamic.Extension.Editor.pdb
[1664/1725  0s] CopyFiles Library/ScriptAssemblies/Unity.AI.Generators.Redux.pdb
[1665/1725  0s] CopyFiles Library/ScriptAssemblies/Unity.AI.Toolkit.Asset.dll
[1666/1725  0s] CopyFiles Library/ScriptAssemblies/Unity.PlasticSCM.Editor.Entities.dll
[1667/1725  0s] CopyFiles Library/ScriptAssemblies/Unity.AI.Toolkit.Asset.pdb
[1668/1725  0s] CopyFiles Library/ScriptAssemblies/Unity.PlasticSCM.Editor.Entities.pdb
[1669/1725  0s] CopyFiles Library/ScriptAssemblies/Unity.AI.Animate.pdb
[1670/1725  0s] CopyFiles Library/ScriptAssemblies/Unity.2D.Aseprite.Editor.dll
[1671/1725  0s] CopyFiles Library/ScriptAssemblies/Unity.AI.Animate.dll
[1672/1725  0s] CopyFiles Library/ScriptAssemblies/Unity.AI.Assistant.AssetGenerators.Editor.pdb
[1673/1725  0s] CopyFiles Library/ScriptAssemblies/Unity.2D.Aseprite.Editor.pdb
[1674/1725  0s] CopyFiles Library/ScriptAssemblies/Unity.AI.Assistant.AssetGenerators.Editor.dll
[1675/1725  0s] CopyFiles Library/ScriptAssemblies/Unity.AI.Assistant.Bridge.Editor.dll
[1676/1725  0s] CopyFiles Library/ScriptAssemblies/Unity.AI.Assistant.Bridge.Editor.pdb
[1677/1725  0s] CopyFiles Library/ScriptAssemblies/Unity.Searcher.Editor.dll
[1678/1725  0s] CopyFiles Library/ScriptAssemblies/Unity.AI.Assistant.Annotations.Editor.pdb
[1679/1725  0s] CopyFiles Library/ScriptAssemblies/Unity.AI.Assistant.Annotations.Editor.dll
[1680/1725  0s] CopyFiles Library/ScriptAssemblies/Unity.AI.Image.dll
[1681/1725  0s] CopyFiles Library/ScriptAssemblies/Unity.Searcher.Editor.pdb
[1682/1725  0s] CopyFiles Library/ScriptAssemblies/Unity.AI.Image.pdb
[1683/1725  0s] CopyFiles Library/ScriptAssemblies/Unity.AI.Toolkit.GenerationContextMenu.pdb
[1684/1725  0s] CopyFiles Library/ScriptAssemblies/Unity.AI.Toolkit.GenerationContextMenu.dll
[1685/1725  0s] CopyFiles Library/ScriptAssemblies/Unity.2D.Tilemap.Editor.pdb
[1686/1725  0s] CopyFiles Library/ScriptAssemblies/Unity.Rendering.LightTransport.Editor.pdb
[1687/1725  0s] CopyFiles Library/ScriptAssemblies/Unity.2D.Tilemap.Editor.dll
[1688/1725  0s] CopyFiles Library/ScriptAssemblies/Unity.Rendering.LightTransport.Editor.dll
[1689/1725  0s] CopyFiles Library/ScriptAssemblies/Unity.AI.Assistant.UI.Editor.dll
[1690/1725  0s] CopyFiles Library/ScriptAssemblies/Unity.AI.Pbr.pdb
[1691/1725  0s] CopyFiles Library/ScriptAssemblies/Unity.AI.Pbr.dll
[1692/1725  0s] CopyFiles Library/ScriptAssemblies/Unity.AI.Assistant.UI.Editor.pdb
[1693/1725  0s] CopyFiles Library/ScriptAssemblies/Unity.AI.Toolkit.Compliance.pdb
[1694/1725  0s] CopyFiles Library/ScriptAssemblies/Unity.AI.Toolkit.Compliance.dll
[1695/1725  0s] CopyFiles Library/ScriptAssemblies/Unity.2D.IK.Editor.dll
[1696/1725  0s] CopyFiles Library/ScriptAssemblies/Unity.2D.IK.Editor.pdb
[1697/1725  0s] CopyFiles Library/ScriptAssemblies/Unity.2D.Aseprite.Common.dll
[1698/1725  0s] CopyFiles Library/ScriptAssemblies/Unity.2D.Psdimporter.Editor.pdb
[1699/1725  0s] CopyFiles Library/ScriptAssemblies/Unity.2D.Aseprite.Common.pdb
[1700/1725  0s] CopyFiles Library/ScriptAssemblies/Unity.RenderPipelines.Universal.2D.Editor.Overrides.pdb
[1701/1725  0s] CopyFiles Library/ScriptAssemblies/Unity.2D.Psdimporter.Editor.dll
[1702/1725  0s] CopyFiles Library/ScriptAssemblies/Unity.RenderPipelines.Universal.2D.Editor.Overrides.dll
[1703/1725  0s] CopyFiles Library/ScriptAssemblies/Unity.2D.Common.Editor.dll
[1704/1725  0s] CopyFiles Library/ScriptAssemblies/Unity.2D.Common.Editor.pdb
[1705/1725  0s] CopyFiles Library/ScriptAssemblies/Unity.ShaderGraph.Editor.pdb
[1706/1725  0s] CopyFiles Library/ScriptAssemblies/Unity.RenderPipelines.Core.Editor.Shared.pdb
[1707/1725  0s] CopyFiles Library/ScriptAssemblies/Unity.RenderPipelines.Core.Editor.Shared.dll
[1708/1725  0s] CopyFiles Library/ScriptAssemblies/Unity.ShaderGraph.Editor.dll
[1709/1725  0s] CopyFiles Library/ScriptAssemblies/Unity.InternalAPIEditorBridge.ShaderGraph.Editor.pdb
[1710/1725  0s] CopyFiles Library/ScriptAssemblies/Unity.AI.MCP.Editor.pdb
[1711/1725  0s] CopyFiles Library/ScriptAssemblies/Unity.AI.MCP.Editor.dll
[1712/1725  0s] CopyFiles Library/ScriptAssemblies/Unity.InternalAPIEditorBridge.ShaderGraph.Editor.dll
[1713/1725  0s] CopyFiles Library/ScriptAssemblies/Unity.AppUI.Redux.Editor.pdb
[1714/1725  0s] CopyFiles Library/ScriptAssemblies/Unity.AppUI.Redux.Editor.dll
[1715/1725  0s] CopyFiles Library/ScriptAssemblies/Unity.AI.Generators.IO.dll
[1716/1725  0s] CopyFiles Library/ScriptAssemblies/Unity.AI.Generators.IO.pdb
[1717/1725  0s] CopyFiles Library/ScriptAssemblies/Unity.2D.Triangulation.Runtime.dll
[1718/1725  0s] CopyFiles Library/ScriptAssemblies/Unity.2D.Triangulation.Runtime.pdb
[1719/1725  0s] CopyFiles Library/ScriptAssemblies/Unity.AI.Generators.Tools.pdb
[1720/1725  0s] CopyFiles Library/ScriptAssemblies/Unity.AI.Generators.Asset.dll
[1721/1725  0s] CopyFiles Library/ScriptAssemblies/Unity.AI.Generators.Tools.dll
[1722/1725  0s] CopyFiles Library/ScriptAssemblies/Unity.2D.Tooling.Editor.pdb
[1723/1725  0s] CopyFiles Library/ScriptAssemblies/Unity.2D.Tooling.Editor.dll
[1724/1725  0s] CopyFiles Library/ScriptAssemblies/Unity.AI.Generators.Asset.pdb
[1725/1725  0s] CopyFiles Library/ScriptAssemblies/Unity.PlasticSCM.Editor.pdb
[1726/1725  0s] CopyFiles Library/ScriptAssemblies/Unity.ShaderGraph.Utilities.dll
[1727/1725  0s] CopyFiles Library/ScriptAssemblies/Unity.ShaderGraph.Utilities.pdb
[1728/1725  0s] CopyFiles Library/ScriptAssemblies/Unity.PlasticSCM.Editor.dll
[1729/1725  0s] CopyFiles Library/ScriptAssemblies/Unity.AI.Sound.dll
[1730/1725  0s] CopyFiles Library/ScriptAssemblies/NaManMoo.Editor.pdb
[1731/1725  0s] CopyFiles Library/ScriptAssemblies/Unity.AI.Sound.pdb
[1732/1725  0s] CopyFiles Library/ScriptAssemblies/NaManMoo.Editor.dll
[1733/1725  0s] CopyFiles Library/ScriptAssemblies/Unity.AI.Toolkit.Accounts.dll
[1734/1725  0s] CopyFiles Library/ScriptAssemblies/Unity.AI.Toolkit.Async.pdb
[1735/1725  0s] CopyFiles Library/ScriptAssemblies/Unity.AI.Toolkit.Accounts.pdb
[1736/1725  0s] CopyFiles Library/ScriptAssemblies/Unity.AI.Toolkit.Async.dll
[1737/1725  0s] CopyFiles Library/ScriptAssemblies/Unity.2D.SpriteShape.Editor.pdb
[1738/1725  0s] CopyFiles Library/ScriptAssemblies/Unity.2D.Sprite.Editor.pdb
[1739/1725  0s] CopyFiles Library/ScriptAssemblies/Unity.2D.SpriteShape.Editor.dll
[1740/1725  0s] CopyFiles Library/ScriptAssemblies/Unity.2D.Sprite.Editor.dll
[1741/1725  0s] CopyFiles Library/ScriptAssemblies/Unity.AI.Generators.UI.AIDropdownIntegrations.pdb
[1742/1725  0s] CopyFiles Library/ScriptAssemblies/Unity.AI.Generators.UI.AIDropdownIntegrations.dll
[1743/1725  0s] CopyFiles Library/ScriptAssemblies/Unity.Collections.pdb
[1744/1725  0s] CopyFiles Library/ScriptAssemblies/Unity.2D.Common.Path.Editor.pdb
[1745/1725  0s] CopyFiles Library/ScriptAssemblies/Unity.CollabProxy.Editor.dll
[1746/1725  0s] CopyFiles Library/ScriptAssemblies/Unity.CollabProxy.Editor.pdb
[1747/1725  0s] CopyFiles Library/ScriptAssemblies/Unity.InferenceEngine.Editor.Visualizer.pdb
[1748/1725  0s] CopyFiles Library/ScriptAssemblies/Unity.InferenceEngine.Editor.Visualizer.dll
[1749/1725  0s] CopyFiles Library/ScriptAssemblies/Unity.2D.Common.Path.Editor.dll
[1750/1725  0s] CopyFiles Library/ScriptAssemblies/Unity.AI.Generators.Sdk.dll
[1751/1725  0s] CopyFiles Library/ScriptAssemblies/Unity.AI.Generators.Sdk.pdb
[1752/1725  0s] CopyFiles Library/ScriptAssemblies/Unity.AI.Search.Editor.dll
[1753/1725  0s] CopyFiles Library/ScriptAssemblies/Unity.AI.Search.Editor.pdb
[1754/1725  0s] CopyFiles Library/ScriptAssemblies/Unity.AI.ModelSelector.pdb
[1755/1725  0s] CopyFiles Library/ScriptAssemblies/Unity.AI.ModelSelector.dll
[1756/1725  0s] CopyFiles Library/ScriptAssemblies/Unity.AI.Mesh.pdb
[1757/1725  0s] CopyFiles Library/ScriptAssemblies/Unity.AI.Toolkit.GenerationObjectPicker.dll
[1758/1725  0s] CopyFiles Library/ScriptAssemblies/Unity.AI.Toolkit.GenerationObjectPicker.pdb
[1759/1725  0s] CopyFiles Library/ScriptAssemblies/Unity.AI.Mesh.dll
[1760/1725  0s] CopyFiles Library/ScriptAssemblies/Unity.AI.Assistant.Tools.Editor.pdb
[1761/1725  0s] CopyFiles Library/ScriptAssemblies/Unity.AI.Assistant.Editor.pdb
[1762/1725  0s] CopyFiles Library/ScriptAssemblies/Unity.2D.Tilemap.Extras.Editor.dll
[1763/1725  0s] CopyFiles Library/ScriptAssemblies/Unity.AI.Assistant.Editor.dll
[1764/1725  0s] CopyFiles Library/ScriptAssemblies/Unity.AI.Assistant.Tools.Editor.dll
[1765/1725  0s] CopyFiles Library/ScriptAssemblies/Unity.2D.Tilemap.Extras.Editor.pdb
[1766/1725  0s] CopyFiles Library/ScriptAssemblies/HFDownloader.pdb
[1767/1725  0s] CopyFiles Library/ScriptAssemblies/HFDownloader.dll
[1768/1725  0s] CopyFiles Library/ScriptAssemblies/Unity.VisualScripting.Core.Editor.pdb
[1769/1725  0s] CopyFiles Library/ScriptAssemblies/Unity.RenderPipelines.GPUDriven.Runtime.pdb
[1770/1725  0s] CopyFiles Library/ScriptAssemblies/Unity.VisualScripting.Core.Editor.dll
[1771/1725  0s] CopyFiles Library/ScriptAssemblies/UnityEditor.UI.dll
[1772/1725  0s] CopyFiles Library/ScriptAssemblies/Unity.InferenceEngine.ONNX.Editor.pdb
[1773/1725  0s] CopyFiles Library/ScriptAssemblies/UnityEditor.UI.pdb
[1774/1725  0s] CopyFiles Library/ScriptAssemblies/Unity.InferenceEngine.ONNX.Editor.dll
[1775/1725  0s] CopyFiles Library/ScriptAssemblies/Unity.InternalAPIEditorBridge.001.pdb
[1776/1725  0s] CopyFiles Library/ScriptAssemblies/Unity.InternalAPIEditorBridge.001.dll
[1777/1725  0s] CopyFiles Library/ScriptAssemblies/Unity.InternalAPIEngineBridge.RenderPipelines.Core.Editor.pdb
[1778/1725  0s] CopyFiles Library/ScriptAssemblies/Unity.InternalAPIEngineBridge.RenderPipelines.Core.Editor.dll
[1779/1725  0s] CopyFiles Library/ScriptAssemblies/Unity.AI.Generators.IO.Srp.dll
[1780/1725  0s] CopyFiles Library/ScriptAssemblies/Unity.AI.Generators.IO.Srp.pdb
[1781/1725  0s] CopyFiles Library/ScriptAssemblies/Unity.Timeline.pdb
[1782/1725  0s] CopyFiles Library/ScriptAssemblies/NaManMoo.EditorTests.pdb
[1783/1725  0s] CopyFiles Library/ScriptAssemblies/Unity.2D.Tilemap.Extras.pdb
[1784/1725  0s] CopyFiles Library/ScriptAssemblies/Unity.2D.Animation.Runtime.pdb
[1785/1725  0s] CopyFiles Library/ScriptAssemblies/Unity.AppUI.Redux.pdb
[1786/1725  0s] CopyFiles Library/ScriptAssemblies/NaManMoo.EditorTests.dll
[1787/1725  0s] CopyFiles Library/ScriptAssemblies/Unity.InternalAPIEngineBridge.004.pdb
[1788/1725  0s] CopyFiles Library/ScriptAssemblies/Unity.AI.Animate.Motion.Runtime.pdb
[1789/1725  0s] CopyFiles Library/ScriptAssemblies/Unity.PathTracing.Runtime.pdb
[1790/1725  0s] CopyFiles Library/ScriptAssemblies/Unity.UnifiedRayTracing.Runtime.pdb
[1791/1725  0s] CopyFiles Library/ScriptAssemblies/Unity.Mathematics.pdb
[1792/1725  0s] CopyFiles Library/ScriptAssemblies/Unity.AppUI.pdb
[1793/1725  0s] CopyFiles Library/ScriptAssemblies/Unity.RenderPipelines.Universal.2D.Runtime.pdb
[1794/1725  0s] CopyFiles Library/ScriptAssemblies/Unity.AI.Assistant.Runtime.pdb
[1795/1725  0s] CopyFiles Library/ScriptAssemblies/Unity.InputSystem.TestFramework.pdb
[1796/1725  0s] CopyFiles Library/ScriptAssemblies/Unity.2D.Common.Runtime.pdb
[1797/1725  0s] CopyFiles Library/ScriptAssemblies/Unity.Multiplayer.Center.Common.pdb
[1798/1725  0s] CopyFiles Library/ScriptAssemblies/Unity.RenderPipelines.Universal.Runtime.pdb
[1799/1725  0s] CopyFiles Library/ScriptAssemblies/NaManMoo.Runtime.pdb
[1800/1725  0s] CopyFiles Library/ScriptAssemblies/Unity.RenderPipelines.Core.Runtime.Shared.pdb
[1801/1725  0s] CopyFiles Library/ScriptAssemblies/Unity.VisualScripting.Flow.pdb
[1802/1725  0s] CopyFiles Library/ScriptAssemblies/Unity.2D.IK.Runtime.pdb
[1803/1725  0s] CopyFiles Library/ScriptAssemblies/Unity.Burst.pdb
[1804/1725  0s] CopyFiles Library/ScriptAssemblies/Unity.2D.SpriteShape.Runtime.pdb
[1805/1725  0s] CopyFiles Library/ScriptAssemblies/NaManMoo.PlayModeTests.pdb
[1806/1725  0s] CopyFiles Library/ScriptAssemblies/Unity.InputSystem.pdb
[1807/1725  0s] CopyFiles Library/ScriptAssemblies/Unity.RenderPipelines.Universal.Shaders.pdb
[1808/1725  0s] CopyFiles Library/ScriptAssemblies/Unity.InternalAPIEngineBridge.RenderPipelines.Core.Runtime.Shared.pdb
[1809/1725  0s] CopyFiles Library/ScriptAssemblies/Unity.AI.Tracing.pdb
[1810/1725  0s] CopyFiles Library/ScriptAssemblies/Unity.PerformanceTesting.pdb
[1811/1725  0s] CopyFiles Library/ScriptAssemblies/Unity.RenderPipelines.Core.Runtime.pdb
[1812/1725  0s] CopyFiles Library/ScriptAssemblies/Unity.RenderPipelines.ShaderGraph.ShaderGraphLibrary.pdb
[1813/1725  0s] CopyFiles Library/ScriptAssemblies/Unity.RenderPipelines.Core.ShaderLibrary.pdb
[1814/1725  0s] CopyFiles Library/ScriptAssemblies/Unity.AppUI.InternalAPIBridge.pdb
[1815/1725  0s] CopyFiles Library/ScriptAssemblies/Unity.SurfaceCache.Runtime.pdb
[1816/1725  0s] CopyFiles Library/ScriptAssemblies/Unity.VisualScripting.State.pdb
[1817/1725  0s] CopyFiles Library/ScriptAssemblies/Unity.InputSystem.ForUI.pdb
[1818/1725  0s] CopyFiles Library/ScriptAssemblies/Unity.AI.MCP.Runtime.pdb
[1819/1725  0s] CopyFiles Library/ScriptAssemblies/Unity.VisualScripting.DocCodeExamples.pdb
[1820/1725  0s] CopyFiles Library/ScriptAssemblies/Unity.RenderPipeline.Universal.ShaderLibrary.pdb
[1821/1725  0s] CopyFiles Library/ScriptAssemblies/Unity.RenderPipelines.Universal.Config.Runtime.pdb
[1822/1725  0s] CopyFiles Library/ScriptAssemblies/Unity.AppUI.MVVM.pdb
[1823/1725  0s] CopyFiles Library/ScriptAssemblies/Unity.AppUI.Navigation.pdb
[1824/1725  0s] CopyFiles Library/ScriptAssemblies/Unity.AppUI.Undo.pdb
[1825/1725  0s] CopyFiles Library/ScriptAssemblies/Unity.VisualScripting.Core.pdb
[1826/1725  0s] CopyFiles Library/ScriptAssemblies/Unity.InferenceEngine.iOSBLAS.pdb
[1827/1725  0s] CopyFiles Library/ScriptAssemblies/Unity.InferenceEngine.Tokenization.pdb
[1828/1725  0s] CopyFiles Library/ScriptAssemblies/Unity.TextMeshPro.pdb
[1829/1725  0s] CopyFiles Library/ScriptAssemblies/Unity.InferenceEngine.MacBLAS.pdb
[1830/1725  0s] CopyFiles Library/ScriptAssemblies/Unity.InternalAPIEngineBridge.001.pdb
[1831/1725  0s] CopyFiles Library/ScriptAssemblies/UnityEngine.UI.pdb
[1832/1725  0s] ILPostProcess Library/Bee/artifacts/1900b0aE.dag/post-processed/ScriptablePacker.dll (+pdb)
Processing assembly Library/Bee/artifacts/1900b0aE.dag/ScriptablePacker.dll, with 141 defines and 295 references

processors: Unity.Jobs.CodeGen.JobsILPostProcessor, zzzUnity.Burst.CodeGen.BurstILPostProcessor

running Unity.Jobs.CodeGen.JobsILPostProcessor

running zzzUnity.Burst.CodeGen.BurstILPostProcessor
[1833/1725  0s] ILPostProcess Library/Bee/artifacts/1900b0aE.dag/post-processed/UnityEditor.UI.Analytics.dll (+pdb)
Processing assembly Library/Bee/artifacts/1900b0aE.dag/UnityEditor.UI.Analytics.dll, with 141 defines and 308 references

processors: Unity.Jobs.CodeGen.JobsILPostProcessor, zzzUnity.Burst.CodeGen.BurstILPostProcessor

running Unity.Jobs.CodeGen.JobsILPostProcessor

running zzzUnity.Burst.CodeGen.BurstILPostProcessor
[1834/1725  2s] ILPostProcess Library/Bee/artifacts/1900b0aE.dag/post-processed/Unity.2D.Animation.Editor.dll (+pdb)
Processing assembly Library/Bee/artifacts/1900b0aE.dag/Unity.2D.Animation.Editor.dll, with 143 defines and 317 references

processors: Unity.Jobs.CodeGen.JobsILPostProcessor, zzzUnity.Burst.CodeGen.BurstILPostProcessor

running Unity.Jobs.CodeGen.JobsILPostProcessor

running zzzUnity.Burst.CodeGen.BurstILPostProcessor
[1835/1725  0s] CopyFiles Library/ScriptAssemblies/UnityEditor.UI.Analytics.pdb
[1836/1725  0s] CopyFiles Library/ScriptAssemblies/UnityEditor.UI.Analytics.dll
[1837/1725  0s] CopyFiles Library/ScriptAssemblies/ScriptablePacker.dll
[1838/1725  0s] CopyFiles Library/ScriptAssemblies/ScriptablePacker.pdb
[1839/1725  0s] CopyFiles Library/ScriptAssemblies/Unity.2D.Animation.Editor.pdb
[1840/1725  0s] CopyFiles Library/ScriptAssemblies/Unity.2D.Animation.Editor.dll
[1841/1725  0s] ILPostProcess Library/Bee/artifacts/1900b0aE.dag/post-processed/Unity.AppUI.Editor.dll (+pdb)
Processing assembly Library/Bee/artifacts/1900b0aE.dag/Unity.AppUI.Editor.dll, with 144 defines and 309 references

processors: Unity.Jobs.CodeGen.JobsILPostProcessor, zzzUnity.Burst.CodeGen.BurstILPostProcessor

running Unity.Jobs.CodeGen.JobsILPostProcessor

running zzzUnity.Burst.CodeGen.BurstILPostProcessor
[1842/1725  0s] ILPostProcess Library/Bee/artifacts/1900b0aE.dag/post-processed/Unity.VisualScripting.Flow.Editor.dll (+pdb)
Processing assembly Library/Bee/artifacts/1900b0aE.dag/Unity.VisualScripting.Flow.Editor.dll, with 143 defines and 311 references

processors: Unity.Jobs.CodeGen.JobsILPostProcessor, zzzUnity.Burst.CodeGen.BurstILPostProcessor

running Unity.Jobs.CodeGen.JobsILPostProcessor

running zzzUnity.Burst.CodeGen.BurstILPostProcessor
[1843/1725  0s] ILPostProcess Library/Bee/artifacts/1900b0aE.dag/post-processed/Unity.InferenceEngine.Editor.dll (+pdb)
Processing assembly Library/Bee/artifacts/1900b0aE.dag/Unity.InferenceEngine.Editor.dll, with 141 defines and 298 references

processors: Unity.Jobs.CodeGen.JobsILPostProcessor, zzzUnity.Burst.CodeGen.BurstILPostProcessor

running Unity.Jobs.CodeGen.JobsILPostProcessor

running zzzUnity.Burst.CodeGen.BurstILPostProcessor
[1844/1725  0s] ILPostProcess Library/Bee/artifacts/1900b0aE.dag/post-processed/Unity.AI.Generators.Contexts.dll (+pdb)
Processing assembly Library/Bee/artifacts/1900b0aE.dag/Unity.AI.Generators.Contexts.dll, with 141 defines and 307 references

processors: Unity.Jobs.CodeGen.JobsILPostProcessor, zzzUnity.Burst.CodeGen.BurstILPostProcessor

running Unity.Jobs.CodeGen.JobsILPostProcessor

running zzzUnity.Burst.CodeGen.BurstILPostProcessor
[1845/1725  4s] ILPostProcess Library/Bee/artifacts/1900b0aE.dag/post-processed/Unity.InferenceEngine.dll (+pdb)
Processing assembly Library/Bee/artifacts/1900b0aE.dag/Unity.InferenceEngine.dll, with 143 defines and 301 references

processors: Unity.Jobs.CodeGen.JobsILPostProcessor, zzzUnity.Burst.CodeGen.BurstILPostProcessor

running Unity.Jobs.CodeGen.JobsILPostProcessor

running zzzUnity.Burst.CodeGen.BurstILPostProcessor
[1846/1725  0s] ILPostProcess Library/Bee/artifacts/1900b0aE.dag/post-processed/Unity.AI.Toolkit.Utility.dll (+pdb)
Processing assembly Library/Bee/artifacts/1900b0aE.dag/Unity.AI.Toolkit.Utility.dll, with 141 defines and 307 references

processors: Unity.Jobs.CodeGen.JobsILPostProcessor, zzzUnity.Burst.CodeGen.BurstILPostProcessor

running Unity.Jobs.CodeGen.JobsILPostProcessor

running zzzUnity.Burst.CodeGen.BurstILPostProcessor
[1847/1725  0s] ILPostProcess Library/Bee/artifacts/1900b0aE.dag/post-processed/Unity.AI.Pbr.Srp.dll (+pdb)
Processing assembly Library/Bee/artifacts/1900b0aE.dag/Unity.AI.Pbr.Srp.dll, with 141 defines and 308 references

processors: Unity.Jobs.CodeGen.JobsILPostProcessor, zzzUnity.Burst.CodeGen.BurstILPostProcessor

running Unity.Jobs.CodeGen.JobsILPostProcessor

running zzzUnity.Burst.CodeGen.BurstILPostProcessor
[1848/1725  0s] ILPostProcess Library/Bee/artifacts/1900b0aE.dag/post-processed/Unity.Collections.Editor.dll (+pdb)
Processing assembly Library/Bee/artifacts/1900b0aE.dag/Unity.Collections.Editor.dll, with 142 defines and 308 references

processors: Unity.Jobs.CodeGen.JobsILPostProcessor, zzzUnity.Burst.CodeGen.BurstILPostProcessor

running Unity.Jobs.CodeGen.JobsILPostProcessor

running zzzUnity.Burst.CodeGen.BurstILPostProcessor
[1849/1725  0s] CopyFiles Library/ScriptAssemblies/Unity.AppUI.Editor.pdb
[1850/1725  0s] CopyFiles Library/ScriptAssemblies/Unity.AI.Generators.Contexts.pdb
[1851/1725  0s] CopyFiles Library/ScriptAssemblies/Unity.AI.Generators.Contexts.dll
[1852/1725  0s] CopyFiles Library/ScriptAssemblies/Unity.InferenceEngine.Editor.pdb
[1853/1725  0s] CopyFiles Library/ScriptAssemblies/Unity.InferenceEngine.pdb
[1854/1725  0s] CopyFiles Library/ScriptAssemblies/Unity.VisualScripting.Flow.Editor.pdb
[1855/1725  0s] CopyFiles Library/ScriptAssemblies/Unity.VisualScripting.Flow.Editor.dll
[1856/1725  0s] CopyFiles Library/ScriptAssemblies/Unity.AI.Pbr.Srp.dll
[1857/1725  0s] CopyFiles Library/ScriptAssemblies/Unity.AI.Pbr.Srp.pdb
[1858/1725  0s] CopyFiles Library/ScriptAssemblies/Unity.AI.Toolkit.Utility.dll
[1859/1725  0s] CopyFiles Library/ScriptAssemblies/Unity.AI.Toolkit.Utility.pdb
[1860/1725  0s] CopyFiles Library/ScriptAssemblies/Unity.InferenceEngine.dll
[1861/1725  0s] CopyFiles Library/ScriptAssemblies/Unity.InferenceEngine.Editor.dll
[1862/1725  0s] CopyFiles Library/ScriptAssemblies/Unity.Collections.Editor.dll
[1863/1725  0s] CopyFiles Library/ScriptAssemblies/Unity.Collections.Editor.pdb
[1864/1725  0s] CopyFiles Library/ScriptAssemblies/Unity.AppUI.Editor.dll
[1865/1725  0s] ILPostProcess Library/Bee/artifacts/1900b0aE.dag/post-processed/Unity.RenderPipelines.Core.Editor.dll (+pdb)
Processing assembly Library/Bee/artifacts/1900b0aE.dag/Unity.RenderPipelines.Core.Editor.dll, with 144 defines and 316 references

processors: Unity.Jobs.CodeGen.JobsILPostProcessor, zzzUnity.Burst.CodeGen.BurstILPostProcessor

running Unity.Jobs.CodeGen.JobsILPostProcessor

running zzzUnity.Burst.CodeGen.BurstILPostProcessor
[1866/1725  0s] CopyFiles Library/ScriptAssemblies/Unity.RenderPipelines.Core.Editor.pdb
[1867/1725  0s] CopyFiles Library/ScriptAssemblies/Unity.RenderPipelines.Core.Editor.dll
*** Tundra build success (6.88 seconds), 730 items updated, 1725 evaluated
Total cache size 268384604
Total cache size after purge 268384604, took 00:00:00.2072105
Assets\Scripts\Dungeon\DungeonRunner.cs(277,26): warning CS0618: 'FindObjectsSortMode' is obsolete: 'FindObjectsSortMode has been deprecated. Use the FindObjectsByType overloads that do not take a FindObjectsSortMode parameter.'
Assets\Scripts\Dungeon\DungeonRunner.cs(275,38): warning CS0618: 'Object.FindObjectsByType<T>(FindObjectsInactive, FindObjectsSortMode)' is obsolete: 'FindObjectsByType with FindObjectsSortMode parameter has been deprecated. Use FindObjectsByType<T>() or FindObjectsByType<T>(FindObjectsInactive) instead. InstanceID will be replaced in the future with EntityId and previous sort order cannot be maintained.'
Assets\Tests\PlayMode\DungeonBossPlayModeTests.cs(147,77): warning CS0618: 'FindObjectsSortMode' is obsolete: 'FindObjectsSortMode has been deprecated. Use the FindObjectsByType overloads that do not take a FindObjectsSortMode parameter.'
Assets\Tests\PlayMode\DungeonBossPlayModeTests.cs(147,39): warning CS0618: 'Object.FindObjectsByType<T>(FindObjectsSortMode)' is obsolete: 'FindObjectsByType with FindObjectsSortMode parameter has been deprecated. Use FindObjectsByType<T>() or FindObjectsByType<T>(FindObjectsInactive) instead. InstanceID will be replaced in the future with EntityId and previous sort order cannot be maintained.'
Assets\Tests\PlayMode\DungeonScenePlayModeTests.cs(31,22): warning CS0618: 'Object.FindFirstObjectByType<T>()' is obsolete: 'FindFirstObjectByType has been deprecated because it relies on instance ID ordering. Use FindAnyObjectByType instead, which does not depend on ordering.'
Assets\Tests\PlayMode\DungeonBossPlayModeTests.cs(184,26): warning CS0618: 'Object.FindFirstObjectByType<T>()' is obsolete: 'FindFirstObjectByType has been deprecated because it relies on instance ID ordering. Use FindAnyObjectByType instead, which does not depend on ordering.'
Assets\Tests\PlayMode\DungeonScenePlayModeTests.cs(74,83): warning CS0618: 'FindObjectsSortMode' is obsolete: 'FindObjectsSortMode has been deprecated. Use the FindObjectsByType overloads that do not take a FindObjectsSortMode parameter.'
Assets\Tests\PlayMode\DungeonScenePlayModeTests.cs(74,42): warning CS0618: 'Object.FindObjectsByType<T>(FindObjectsSortMode)' is obsolete: 'FindObjectsByType with FindObjectsSortMode parameter has been deprecated. Use FindObjectsByType<T>() or FindObjectsByType<T>(FindObjectsInactive) instead. InstanceID will be replaced in the future with EntityId and previous sort order cannot be maintained.'
Assets\Tests\PlayMode\DungeonScenePlayModeTests.cs(94,22): warning CS0618: 'Object.FindFirstObjectByType<T>()' is obsolete: 'FindFirstObjectByType has been deprecated because it relies on instance ID ordering. Use FindAnyObjectByType instead, which does not depend on ordering.'
Assets\Tests\PlayMode\DungeonScenePlayModeTests.cs(95,25): warning CS0618: 'Object.FindFirstObjectByType<T>()' is obsolete: 'FindFirstObjectByType has been deprecated because it relies on instance ID ordering. Use FindAnyObjectByType instead, which does not depend on ordering.'
Assets\Tests\PlayMode\DungeonScenePlayModeTests.cs(122,51): warning CS0618: 'FindObjectsSortMode' is obsolete: 'FindObjectsSortMode has been deprecated. Use the FindObjectsByType overloads that do not take a FindObjectsSortMode parameter.'
Assets\Tests\PlayMode\DungeonScenePlayModeTests.cs(122,13): warning CS0618: 'Object.FindObjectsByType<T>(FindObjectsSortMode)' is obsolete: 'FindObjectsByType with FindObjectsSortMode parameter has been deprecated. Use FindObjectsByType<T>() or FindObjectsByType<T>(FindObjectsInactive) instead. InstanceID will be replaced in the future with EntityId and previous sort order cannot be maintained.'
Assets\Tests\PlayMode\DungeonBossPlayModeTests.cs(225,26): warning CS0618: 'Object.FindFirstObjectByType<T>()' is obsolete: 'FindFirstObjectByType has been deprecated because it relies on instance ID ordering. Use FindAnyObjectByType instead, which does not depend on ordering.'
Assets\Tests\PlayMode\DungeonBossPlayModeTests.cs(265,21): warning CS0618: 'Object.FindFirstObjectByType<T>()' is obsolete: 'FindFirstObjectByType has been deprecated because it relies on instance ID ordering. Use FindAnyObjectByType instead, which does not depend on ordering.'
Assets\Tests\PlayMode\DungeonBossPlayModeTests.cs(267,21): warning CS0618: 'Object.FindFirstObjectByType<T>()' is obsolete: 'FindFirstObjectByType has been deprecated because it relies on instance ID ordering. Use FindAnyObjectByType instead, which does not depend on ordering.'
Assets\Tests\PlayMode\DungeonRunnerPlayModeTests.cs(460,13): warning CS0618: 'FindObjectsSortMode' is obsolete: 'FindObjectsSortMode has been deprecated. Use the FindObjectsByType overloads that do not take a FindObjectsSortMode parameter.'
Assets\Tests\PlayMode\DungeonRunnerPlayModeTests.cs(458,16): warning CS0618: 'Object.FindObjectsByType<T>(FindObjectsInactive, FindObjectsSortMode)' is obsolete: 'FindObjectsByType with FindObjectsSortMode parameter has been deprecated. Use FindObjectsByType<T>() or FindObjectsByType<T>(FindObjectsInactive) instead. InstanceID will be replaced in the future with EntityId and previous sort order cannot be maintained.'
Assets\Tests\PlayMode\DungeonScenePlayModeTests.cs(133,20): warning CS0618: 'Object.FindFirstObjectByType<T>()' is obsolete: 'FindFirstObjectByType has been deprecated because it relies on instance ID ordering. Use FindAnyObjectByType instead, which does not depend on ordering.'
Assets\Tests\PlayMode\DungeonScenePlayModeTests.cs(154,22): warning CS0618: 'Object.FindFirstObjectByType<T>()' is obsolete: 'FindFirstObjectByType has been deprecated because it relies on instance ID ordering. Use FindAnyObjectByType instead, which does not depend on ordering.'
Assets\Tests\PlayMode\DungeonScenePlayModeTests.cs(204,21): warning CS0618: 'Object.FindFirstObjectByType<T>()' is obsolete: 'FindFirstObjectByType has been deprecated because it relies on instance ID ordering. Use FindAnyObjectByType instead, which does not depend on ordering.'
Assets\Tests\PlayMode\DungeonScenePlayModeTests.cs(207,22): warning CS0618: 'Object.FindFirstObjectByType<T>()' is obsolete: 'FindFirstObjectByType has been deprecated because it relies on instance ID ordering. Use FindAnyObjectByType instead, which does not depend on ordering.'
Assets\Tests\PlayMode\DungeonScenePlayModeTests.cs(259,76): warning CS0618: 'FindObjectsSortMode' is obsolete: 'FindObjectsSortMode has been deprecated. Use the FindObjectsByType overloads that do not take a FindObjectsSortMode parameter.'
Assets\Tests\PlayMode\DungeonScenePlayModeTests.cs(259,38): warning CS0618: 'Object.FindObjectsByType<T>(FindObjectsSortMode)' is obsolete: 'FindObjectsByType with FindObjectsSortMode parameter has been deprecated. Use FindObjectsByType<T>() or FindObjectsByType<T>(FindObjectsInactive) instead. InstanceID will be replaced in the future with EntityId and previous sort order cannot be maintained.'
Assets\Tests\Editor\ApproachAndShootEnemyControllerTests.cs(40,59): warning CS0618: 'FindObjectsSortMode' is obsolete: 'FindObjectsSortMode has been deprecated. Use the FindObjectsByType overloads that do not take a FindObjectsSortMode parameter.'
Assets\Tests\Editor\ApproachAndShootEnemyControllerTests.cs(40,17): warning CS0618: 'Object.FindObjectsByType<T>(FindObjectsSortMode)' is obsolete: 'FindObjectsByType with FindObjectsSortMode parameter has been deprecated. Use FindObjectsByType<T>() or FindObjectsByType<T>(FindObjectsInactive) instead. InstanceID will be replaced in the future with EntityId and previous sort order cannot be maintained.'
Assets\Tests\Editor\ApproachAndShootEnemyControllerTests.cs(57,59): warning CS0618: 'FindObjectsSortMode' is obsolete: 'FindObjectsSortMode has been deprecated. Use the FindObjectsByType overloads that do not take a FindObjectsSortMode parameter.'
Assets\Tests\Editor\ApproachAndShootEnemyControllerTests.cs(57,17): warning CS0618: 'Object.FindObjectsByType<T>(FindObjectsSortMode)' is obsolete: 'FindObjectsByType with FindObjectsSortMode parameter has been deprecated. Use FindObjectsByType<T>() or FindObjectsByType<T>(FindObjectsInactive) instead. InstanceID will be replaced in the future with EntityId and previous sort order cannot be maintained.'
Assets\Tests\Editor\ApproachAndShootEnemyControllerTests.cs(82,59): warning CS0618: 'FindObjectsSortMode' is obsolete: 'FindObjectsSortMode has been deprecated. Use the FindObjectsByType overloads that do not take a FindObjectsSortMode parameter.'
Assets\Tests\Editor\ApproachAndShootEnemyControllerTests.cs(82,17): warning CS0618: 'Object.FindObjectsByType<T>(FindObjectsSortMode)' is obsolete: 'FindObjectsByType with FindObjectsSortMode parameter has been deprecated. Use FindObjectsByType<T>() or FindObjectsByType<T>(FindObjectsInactive) instead. InstanceID will be replaced in the future with EntityId and previous sort order cannot be maintained.'
Assets\Tests\Editor\ApproachAndShootEnemyControllerTests.cs(98,67): warning CS0618: 'FindObjectsSortMode' is obsolete: 'FindObjectsSortMode has been deprecated. Use the FindObjectsByType overloads that do not take a FindObjectsSortMode parameter.'
Assets\Tests\Editor\ApproachAndShootEnemyControllerTests.cs(98,25): warning CS0618: 'Object.FindObjectsByType<T>(FindObjectsSortMode)' is obsolete: 'FindObjectsByType with FindObjectsSortMode parameter has been deprecated. Use FindObjectsByType<T>() or FindObjectsByType<T>(FindObjectsInactive) instead. InstanceID will be replaced in the future with EntityId and previous sort order cannot be maintained.'
Assets\Tests\Editor\EffectActionsTests.cs(19,42): warning CS0618: 'FindObjectsSortMode' is obsolete: 'FindObjectsSortMode has been deprecated. Use the FindObjectsByType overloads that do not take a FindObjectsSortMode parameter.'
Assets\Tests\Editor\EffectActionsTests.cs(18,42): warning CS0618: 'Object.FindObjectsByType<T>(FindObjectsInactive, FindObjectsSortMode)' is obsolete: 'FindObjectsByType with FindObjectsSortMode parameter has been deprecated. Use FindObjectsByType<T>() or FindObjectsByType<T>(FindObjectsInactive) instead. InstanceID will be replaced in the future with EntityId and previous sort order cannot be maintained.'
Assets\Tests\Editor\EffectRunnerTests.cs(40,42): warning CS0618: 'FindObjectsSortMode' is obsolete: 'FindObjectsSortMode has been deprecated. Use the FindObjectsByType overloads that do not take a FindObjectsSortMode parameter.'
Assets\Tests\Editor\EffectRunnerTests.cs(39,42): warning CS0618: 'Object.FindObjectsByType<T>(FindObjectsInactive, FindObjectsSortMode)' is obsolete: 'FindObjectsByType with FindObjectsSortMode parameter has been deprecated. Use FindObjectsByType<T>() or FindObjectsByType<T>(FindObjectsInactive) instead. InstanceID will be replaced in the future with EntityId and previous sort order cannot be maintained.'
Assets\Tests\Editor\MeleeStrikeTests.cs(24,42): warning CS0618: 'FindObjectsSortMode' is obsolete: 'FindObjectsSortMode has been deprecated. Use the FindObjectsByType overloads that do not take a FindObjectsSortMode parameter.'
Assets\Tests\Editor\MeleeStrikeTests.cs(23,42): warning CS0618: 'Object.FindObjectsByType<T>(FindObjectsInactive, FindObjectsSortMode)' is obsolete: 'FindObjectsByType with FindObjectsSortMode parameter has been deprecated. Use FindObjectsByType<T>() or FindObjectsByType<T>(FindObjectsInactive) instead. InstanceID will be replaced in the future with EntityId and previous sort order cannot be maintained.'
Assets\Tests\Editor\SampleStageSceneTests.cs(26,25): warning CS0618: 'Object.FindFirstObjectByType<T>()' is obsolete: 'FindFirstObjectByType has been deprecated because it relies on instance ID ordering. Use FindAnyObjectByType instead, which does not depend on ordering.'
Assets\Tests\Editor\SampleStageSceneTests.cs(36,29): warning CS0618: 'Object.FindFirstObjectByType<T>()' is obsolete: 'FindFirstObjectByType has been deprecated because it relies on instance ID ordering. Use FindAnyObjectByType instead, which does not depend on ordering.'
Assets\Tests\Editor\SampleStageSceneTests.cs(57,39): warning CS0618: 'Object.FindFirstObjectByType<T>()' is obsolete: 'FindFirstObjectByType has been deprecated because it relies on instance ID ordering. Use FindAnyObjectByType instead, which does not depend on ordering.'
Assets\Tests\Editor\Stage1BossEncounterIntegrationTests.cs(25,13): warning CS0618: 'Object.FindFirstObjectByType<T>()' is obsolete: 'FindFirstObjectByType has been deprecated because it relies on instance ID ordering. Use FindAnyObjectByType instead, which does not depend on ordering.'
Assets\Tests\Editor\Stage1BossEncounterIntegrationTests.cs(34,21): warning CS0618: 'Object.FindFirstObjectByType<T>()' is obsolete: 'FindFirstObjectByType has been deprecated because it relies on instance ID ordering. Use FindAnyObjectByType instead, which does not depend on ordering.'
Assets\Tests\Editor\StationaryFourWayShooterControllerTests.cs(15,55): warning CS0618: 'FindObjectsSortMode' is obsolete: 'FindObjectsSortMode has been deprecated. Use the FindObjectsByType overloads that do not take a FindObjectsSortMode parameter.'
Assets\Tests\Editor\StationaryFourWayShooterControllerTests.cs(15,13): warning CS0618: 'Object.FindObjectsByType<T>(FindObjectsSortMode)' is obsolete: 'FindObjectsByType with FindObjectsSortMode parameter has been deprecated. Use FindObjectsByType<T>() or FindObjectsByType<T>(FindObjectsInactive) instead. InstanceID will be replaced in the future with EntityId and previous sort order cannot be maintained.'
Assets\Tests\Editor\StationaryFourWayShooterControllerTests.cs(43,55): warning CS0618: 'FindObjectsSortMode' is obsolete: 'FindObjectsSortMode has been deprecated. Use the FindObjectsByType overloads that do not take a FindObjectsSortMode parameter.'
Assets\Tests\Editor\StationaryFourWayShooterControllerTests.cs(43,13): warning CS0618: 'Object.FindObjectsByType<T>(FindObjectsSortMode)' is obsolete: 'FindObjectsByType with FindObjectsSortMode parameter has been deprecated. Use FindObjectsByType<T>() or FindObjectsByType<T>(FindObjectsInactive) instead. InstanceID will be replaced in the future with EntityId and previous sort order cannot be maintained.'
Assets\Tests\Editor\StationaryFourWayShooterControllerTests.cs(48,55): warning CS0618: 'FindObjectsSortMode' is obsolete: 'FindObjectsSortMode has been deprecated. Use the FindObjectsByType overloads that do not take a FindObjectsSortMode parameter.'
Assets\Tests\Editor\StationaryFourWayShooterControllerTests.cs(48,13): warning CS0618: 'Object.FindObjectsByType<T>(FindObjectsSortMode)' is obsolete: 'FindObjectsByType with FindObjectsSortMode parameter has been deprecated. Use FindObjectsByType<T>() or FindObjectsByType<T>(FindObjectsInactive) instead. InstanceID will be replaced in the future with EntityId and previous sort order cannot be maintained.'
Assets\Tests\Editor\Stage1MushroomEncounterIntegrationTests.cs(30,13): warning CS0618: 'FindObjectsSortMode' is obsolete: 'FindObjectsSortMode has been deprecated. Use the FindObjectsByType overloads that do not take a FindObjectsSortMode parameter.'
Assets\Tests\Editor\Stage1MushroomEncounterIntegrationTests.cs(28,51): warning CS0618: 'Object.FindObjectsByType<T>(FindObjectsInactive, FindObjectsSortMode)' is obsolete: 'FindObjectsByType with FindObjectsSortMode parameter has been deprecated. Use FindObjectsByType<T>() or FindObjectsByType<T>(FindObjectsInactive) instead. InstanceID will be replaced in the future with EntityId and previous sort order cannot be maintained.'
Assets\Tests\Editor\Stage1MushroomEncounterIntegrationTests.cs(64,36): warning CS0618: 'Object.FindFirstObjectByType<T>()' is obsolete: 'FindFirstObjectByType has been deprecated because it relies on instance ID ordering. Use FindAnyObjectByType instead, which does not depend on ordering.'
Assets\Tests\Editor\TitleSceneBuilderTests.cs(29,25): warning CS0618: 'Object.FindFirstObjectByType<T>()' is obsolete: 'FindFirstObjectByType has been deprecated because it relies on instance ID ordering. Use FindAnyObjectByType instead, which does not depend on ordering.'
Assets\Tests\Editor\TitleSceneBuilderTests.cs(49,35): warning CS0618: 'Object.FindFirstObjectByType<T>()' is obsolete: 'FindFirstObjectByType has been deprecated because it relies on instance ID ordering. Use FindAnyObjectByType instead, which does not depend on ordering.'
Assets\Tests\Editor\WeaponProjectilePierceTests.cs(32,42): warning CS0618: 'FindObjectsSortMode' is obsolete: 'FindObjectsSortMode has been deprecated. Use the FindObjectsByType overloads that do not take a FindObjectsSortMode parameter.'
Assets\Tests\Editor\WeaponProjectilePierceTests.cs(31,47): warning CS0618: 'Object.FindObjectsByType<T>(FindObjectsInactive, FindObjectsSortMode)' is obsolete: 'FindObjectsByType with FindObjectsSortMode parameter has been deprecated. Use FindObjectsByType<T>() or FindObjectsByType<T>(FindObjectsInactive) instead. InstanceID will be replaced in the future with EntityId and previous sort order cannot be maintained.'
Assets\Tests\Editor\WeaponProjectilePierceTests.cs(38,42): warning CS0618: 'FindObjectsSortMode' is obsolete: 'FindObjectsSortMode has been deprecated. Use the FindObjectsByType overloads that do not take a FindObjectsSortMode parameter.'
Assets\Tests\Editor\WeaponProjectilePierceTests.cs(37,42): warning CS0618: 'Object.FindObjectsByType<T>(FindObjectsInactive, FindObjectsSortMode)' is obsolete: 'FindObjectsByType with FindObjectsSortMode parameter has been deprecated. Use FindObjectsByType<T>() or FindObjectsByType<T>(FindObjectsInactive) instead. InstanceID will be replaced in the future with EntityId and previous sort order cannot be maintained.'
Reloading assemblies after forced synchronous recompile.
Begin MonoManager ReloadAssembly
Refreshing native plugins compatible for Editor in 8.87 ms, found 6 plugins.
Native extension for WindowsStandalone target not found
Native extension for WebGL target not found
Refreshing native plugins compatible for Editor in 6.01 ms, found 6 plugins.
[Licensing::Client] Error: Code 404 while processing request (status: Found 0 entitlement groups and 0 free entitlements matching requested entitlement ids)
[Licensing::Client] Error: Code 404 while processing request (status: Found 0 entitlement groups and 0 free entitlements matching requested entitlement ids)
[Licensing::Client] Error: Code 404 while processing request (status: Found 0 entitlement groups and 0 free entitlements matching requested entitlement ids)
ScheduleIndexationOnStartup MainProcess:True IndexOnStartup:True
Mono: successfully reloaded assembly
- Finished resetting the current domain, in  1.965 seconds
Domain Reload Profiling: 4348ms
	BeginReloadAssembly (919ms)
		DisableScriptedObjects (30ms)
		CreateAndSetChildDomain (726ms)
	RebuildCommonClasses (9ms)
	RebuildNativeTypeToScriptingClass (20ms)
	initialDomainReloadingComplete (90ms)
	LoadAllAssembliesAndSetupDomain (1343ms)
		LoadAssemblies (164ms)
		AnalyzeDomain (1014ms)
			TypeCache.Refresh (478ms)
				TypeCache.ScanAssembly (458ms)
			BuildScriptInfoCaches (518ms)
			ResolveRequiredComponents (14ms)
	FinalizeReload (1966ms)
		SetupLoadedEditorAssemblies (0ms)
			InitializePlatformSupportModulesInManaged (3ms)
			BeforeProcessingInitializeOnLoad (170ms)
			ProcessInitializeOnLoadAttributes (886ms)
			ProcessInitializeOnLoadMethodAttributes (470ms)
			AfterProcessingInitializeOnLoad (9ms)
		AwakeInstancesAfterBackupRestoration (47ms)
Importing 'GUID: 1142bbad8b9e8c44c83a9775ff120d37 - Path: Packages/com.unity.render-pipelines.core/Tests/Editor/UnifiedRayTracing/TraceRays.urtshader' with importer (ScriptedImporter : Unity.Rendering.LightTransport.Editor:UnityEditor.Rendering.UnifiedRayTracing:UnifiedRTShaderImporter)
Launched and connected shader compiler UnityShaderCompiler.exe after 0.01 seconds

Compiling Ray Tracing Shader "TraceRays.urtshader", keywords = <no keywords>
    finished in 0.00 seconds. Local cache hits 1, remote cache hits 0, compiled 0 platform variants
Imported 'GUID: 1142bbad8b9e8c44c83a9775ff120d37' -> (Import Result ID: '2f80b42cb77a5ba8408fb1fbf9105067') in 0.052 seconds [static and dynamic dependencies]. Details - ImportResultOutputID=dd8ac7dc757973ce66df0f8192beeedc DependenciesID=923d55a04994898b005482160e081841 StaticDependenciesID=83382896bf2194e2afb7a814a9f914cd 
Importing 'GUID: d19f4f8a13b6edb48b986a47ec96402e - Path: Packages/com.unity.render-pipelines.core/Runtime/PathTracing/Shaders/LightmapShadowMaskIntegration.urtshader' with importer (ScriptedImporter : Unity.Rendering.LightTransport.Editor:UnityEditor.Rendering.UnifiedRayTracing:UnifiedRTShaderImporter)

Compiling Ray Tracing Shader "LightmapShadowMaskIntegration.urtshader", keywords = <no keywords>
    finished in 0.00 seconds. Local cache hits 1, remote cache hits 0, compiled 0 platform variants
Imported 'GUID: d19f4f8a13b6edb48b986a47ec96402e' -> (Import Result ID: '99e9eb7b7a99fa2c97d1af9c90dac4c2') in 0.023 seconds [static and dynamic dependencies]. Details - ImportResultOutputID=499fc64076f1f590df971ff5e4fbd1c5 DependenciesID=23aa2b4bc34c82c4144141447ea9301b StaticDependenciesID=14c19d6e640993fbe77b1f068828bf12 
Importing 'GUID: 737a1597422c12547a8714d76a9406ec - Path: Packages/com.unity.render-pipelines.core/Runtime/PathTracing/Shaders/LightmapGBufferDebug.urtshader' with importer (ScriptedImporter : Unity.Rendering.LightTransport.Editor:UnityEditor.Rendering.UnifiedRayTracing:UnifiedRTShaderImporter)

Compiling Ray Tracing Shader "LightmapGBufferDebug.urtshader", keywords = <no keywords>
    finished in 0.00 seconds. Local cache hits 1, remote cache hits 0, compiled 0 platform variants
Imported 'GUID: 737a1597422c12547a8714d76a9406ec' -> (Import Result ID: 'bb8f29012b76ebd07ec0de5522b2eee6') in 0.013 seconds [static and dynamic dependencies]. Details - ImportResultOutputID=16f68e3e486cb0a6d621a68709f3d760 DependenciesID=7e1f350e181acb559897038f2dfbbe5a StaticDependenciesID=8d11f009385b3a4cea3b53c3339efefb 
Importing 'GUID: f32463968f29423cad25aee15a14b9f1 - Path: Packages/com.unity.render-pipelines.core/Runtime/Lighting/SurfaceCache/PunctualLightSampling.urtshader' with importer (ScriptedImporter : Unity.Rendering.LightTransport.Editor:UnityEditor.Rendering.UnifiedRayTracing:UnifiedRTShaderImporter)

Compiling Ray Tracing Shader "PunctualLightSampling.urtshader", keywords = <no keywords>
    finished in 0.00 seconds. Local cache hits 1, remote cache hits 0, compiled 0 platform variants
Imported 'GUID: f32463968f29423cad25aee15a14b9f1' -> (Import Result ID: 'cd0d1e4bf77a60dd2ff3c2896b6880cb') in 0.017 seconds [static and dynamic dependencies]. Details - ImportResultOutputID=28f8d88b951aa9c78cab18343c534c09 DependenciesID=33c42098c853499677326fe366f97796 StaticDependenciesID=fae2d39a41418b21bab2b70cd0d272f0 
Importing 'GUID: 1451d029813b192429211be28181beab - Path: Packages/com.unity.render-pipelines.core/Runtime/PathTracing/Shaders/LightmapNormalIntegration.urtshader' with importer (ScriptedImporter : Unity.Rendering.LightTransport.Editor:UnityEditor.Rendering.UnifiedRayTracing:UnifiedRTShaderImporter)

Compiling Ray Tracing Shader "LightmapNormalIntegration.urtshader", keywords = <no keywords>
    finished in 0.00 seconds. Local cache hits 1, remote cache hits 0, compiled 0 platform variants
Imported 'GUID: 1451d029813b192429211be28181beab' -> (Import Result ID: '6def3600919af4d0c563b2874e2a7326') in 0.014 seconds [static and dynamic dependencies]. Details - ImportResultOutputID=f83e0b874436be7c3e309a20b0d1ecfa DependenciesID=4057d4f29533cf8cd05a2d89e41401d6 StaticDependenciesID=6695b2a8ac591a9580bdd3907887ec37 
Importing 'GUID: 94a070d33e408384bafc1dea4a565df9 - Path: Packages/com.unity.render-pipelines.core/Editor/Lighting/ProbeVolume/RenderingLayerMask/TraceRenderingLayerMask.urtshader' with importer (ScriptedImporter : Unity.Rendering.LightTransport.Editor:UnityEditor.Rendering.UnifiedRayTracing:UnifiedRTShaderImporter)

Compiling Ray Tracing Shader "TraceRenderingLayerMask.urtshader", keywords = <no keywords>
    finished in 0.00 seconds. Local cache hits 1, remote cache hits 0, compiled 0 platform variants
Imported 'GUID: 94a070d33e408384bafc1dea4a565df9' -> (Import Result ID: 'af741bf8b90aa52d9c37e5594e6dad7a') in 0.013 seconds [static and dynamic dependencies]. Details - ImportResultOutputID=6872af197717ae627f5e54d73b15a29e DependenciesID=973ad38d4284a77080b48ed73973bfab StaticDependenciesID=76c56abbfe1dea1698b482e1c311a1b3 
Importing 'GUID: 94a39d12848d8d64ca962a72b74e7c50 - Path: Packages/com.unity.render-pipelines.core/Runtime/Lighting/SurfaceCache/Estimation.urtshader' with importer (ScriptedImporter : Unity.Rendering.LightTransport.Editor:UnityEditor.Rendering.UnifiedRayTracing:UnifiedRTShaderImporter)

Compiling Ray Tracing Shader "Estimation.urtshader", keywords = <no keywords>
    finished in 0.00 seconds. Local cache hits 1, remote cache hits 0, compiled 0 platform variants
Imported 'GUID: 94a39d12848d8d64ca962a72b74e7c50' -> (Import Result ID: '96f27f815e773686e99a8ad8b6da041f') in 0.009 seconds [static and dynamic dependencies]. Details - ImportResultOutputID=1b0eb138d1e1b0e28d1dc38e6c2ee3c2 DependenciesID=d2722f9f0ca270c105f0bd733c94345d StaticDependenciesID=3d83c90598d39b20511fc2d468edef81 
Importing 'GUID: 6513c3b892e933c4f8d00c19d5c47532 - Path: Packages/com.unity.render-pipelines.core/Tests/Editor/UnifiedRayTracing/TraceTransparentRays.urtshader' with importer (ScriptedImporter : Unity.Rendering.LightTransport.Editor:UnityEditor.Rendering.UnifiedRayTracing:UnifiedRTShaderImporter)

Compiling Ray Tracing Shader "TraceTransparentRays.urtshader", keywords = <no keywords>
    finished in 0.00 seconds. Local cache hits 1, remote cache hits 0, compiled 0 platform variants
Imported 'GUID: 6513c3b892e933c4f8d00c19d5c47532' -> (Import Result ID: 'e92e1eaa55ec81e9f67112a377208e03') in 0.006 seconds [static and dynamic dependencies]. Details - ImportResultOutputID=059128fa4c67d89d87bfe4d554ad391b DependenciesID=aa28f2783794e06c99213afe659c244e StaticDependenciesID=8372fb0bb36e1468fa9601c49a86d0e6 
Importing 'GUID: 7624adbeb148b5c48ab5ab660cc2602a - Path: Packages/com.unity.render-pipelines.core/Runtime/PathTracing/Shaders/LightmapIndirectIntegration.urtshader' with importer (ScriptedImporter : Unity.Rendering.LightTransport.Editor:UnityEditor.Rendering.UnifiedRayTracing:UnifiedRTShaderImporter)

Compiling Ray Tracing Shader "LightmapIndirectIntegration.urtshader", keywords = <no keywords>
    finished in 0.00 seconds. Local cache hits 1, remote cache hits 0, compiled 0 platform variants
Imported 'GUID: 7624adbeb148b5c48ab5ab660cc2602a' -> (Import Result ID: '31468e55dbf84234b7ba974d82aa437e') in 0.016 seconds [static and dynamic dependencies]. Details - ImportResultOutputID=651f333fdaed0e40587f8aa4cea5a3ad DependenciesID=47ca4376b34888ade53dd82934751a73 StaticDependenciesID=67a45332e0f51102f9bb9c93a750d036 
Importing 'GUID: e9f4de6d1e07fb94f9a60d35b618f724 - Path: Packages/com.unity.render-pipelines.core/Runtime/PathTracing/Shaders/LightmapGBufferIntegration.urtshader' with importer (ScriptedImporter : Unity.Rendering.LightTransport.Editor:UnityEditor.Rendering.UnifiedRayTracing:UnifiedRTShaderImporter)

Compiling Ray Tracing Shader "LightmapGBufferIntegration.urtshader", keywords = <no keywords>
    finished in 0.00 seconds. Local cache hits 1, remote cache hits 0, compiled 0 platform variants
Imported 'GUID: e9f4de6d1e07fb94f9a60d35b618f724' -> (Import Result ID: '25795c3be563296f568e3faa4a6efb14') in 0.010 seconds [static and dynamic dependencies]. Details - ImportResultOutputID=a7f5bdb587796a71d8ca128a644b358f DependenciesID=5373e5004429887b0f43544db0930b3b StaticDependenciesID=8b26c93a6e3373b36ba430a420b17d9a 
Importing 'GUID: 5a2a534753fbdb44e96c3c78b5a6999d - Path: Packages/com.unity.render-pipelines.core/Editor/Lighting/ProbeVolume/DynamicGI/DynamicGISkyOcclusion.urtshader' with importer (ScriptedImporter : Unity.Rendering.LightTransport.Editor:UnityEditor.Rendering.UnifiedRayTracing:UnifiedRTShaderImporter)

Compiling Ray Tracing Shader "DynamicGISkyOcclusion.urtshader", keywords = <no keywords>
    finished in 0.00 seconds. Local cache hits 1, remote cache hits 0, compiled 0 platform variants
Imported 'GUID: 5a2a534753fbdb44e96c3c78b5a6999d' -> (Import Result ID: '3cff4f520314642302fee8b4b3bc3054') in 0.010 seconds [static and dynamic dependencies]. Details - ImportResultOutputID=1cf97bfff22f517865c2e82dc6d8c4c7 DependenciesID=21f2ee2bde8ca4c442ed0ab5071135a4 StaticDependenciesID=41b936436a30154af8a3b61f441fd564 
Importing 'GUID: 5bbebdef5916845478fcef13fa10d89f - Path: Packages/com.unity.render-pipelines.core/Runtime/PathTracing/Shaders/LightmapDirectIntegration.urtshader' with importer (ScriptedImporter : Unity.Rendering.LightTransport.Editor:UnityEditor.Rendering.UnifiedRayTracing:UnifiedRTShaderImporter)

Compiling Ray Tracing Shader "LightmapDirectIntegration.urtshader", keywords = <no keywords>
    finished in 0.00 seconds. Local cache hits 1, remote cache hits 0, compiled 0 platform variants
Imported 'GUID: 5bbebdef5916845478fcef13fa10d89f' -> (Import Result ID: 'cd06a8555b7d186309a070a6d2f21047') in 0.014 seconds [static and dynamic dependencies]. Details - ImportResultOutputID=2b6674bbee23d83bde2dba5e821f786b DependenciesID=f752d31c4f5ccd81c802734b4250f6a2 StaticDependenciesID=49e7ce722dcdec23942b360d8297bad5 
Importing 'GUID: fbc59f55df2416344b008dc23753cae2 - Path: Packages/com.unity.render-pipelines.core/Tests/Editor/UnifiedRayTracing/TraceRaysAndFetchAttributes.urtshader' with importer (ScriptedImporter : Unity.Rendering.LightTransport.Editor:UnityEditor.Rendering.UnifiedRayTracing:UnifiedRTShaderImporter)

Compiling Ray Tracing Shader "TraceRaysAndFetchAttributes.urtshader", keywords = <no keywords>
    finished in 0.00 seconds. Local cache hits 1, remote cache hits 0, compiled 0 platform variants
Imported 'GUID: fbc59f55df2416344b008dc23753cae2' -> (Import Result ID: 'be99e65f4c0b51cdac64c4dc7fb52201') in 0.008 seconds [static and dynamic dependencies]. Details - ImportResultOutputID=22c22f4b614e9358e9dd846829db8146 DependenciesID=753a3d7bdf01223bb09c53df7333001f StaticDependenciesID=8530ce6573ae9a6cd0b7e3b83f0a29ad 
Importing 'GUID: 1c410815c01ce1d4d82c645c0cd45747 - Path: Packages/com.unity.render-pipelines.core/Runtime/PathTracing/Shaders/LightmapAOIntegration.urtshader' with importer (ScriptedImporter : Unity.Rendering.LightTransport.Editor:UnityEditor.Rendering.UnifiedRayTracing:UnifiedRTShaderImporter)

Compiling Ray Tracing Shader "LightmapAOIntegration.urtshader", keywords = <no keywords>
    finished in 0.00 seconds. Local cache hits 1, remote cache hits 0, compiled 0 platform variants
Imported 'GUID: 1c410815c01ce1d4d82c645c0cd45747' -> (Import Result ID: '571200f6b02bdcbdb76be03cf5360cb9') in 0.015 seconds [static and dynamic dependencies]. Details - ImportResultOutputID=a9f2363aac9c0df7d7bb3de151fef5d1 DependenciesID=2f7296730c812460fd33ea1b6007a6e9 StaticDependenciesID=750dfd3ce8976c275bbe79cdc0d3127f 
Importing 'GUID: 2c32233d92a2d0745930664c087c5c9a - Path: Packages/com.unity.render-pipelines.core/Runtime/PathTracing/Shaders/ProbeIntegrationValidity.urtshader' with importer (ScriptedImporter : Unity.Rendering.LightTransport.Editor:UnityEditor.Rendering.UnifiedRayTracing:UnifiedRTShaderImporter)

Compiling Ray Tracing Shader "ProbeIntegrationValidity.urtshader", keywords = <no keywords>
    finished in 0.00 seconds. Local cache hits 1, remote cache hits 0, compiled 0 platform variants
Imported 'GUID: 2c32233d92a2d0745930664c087c5c9a' -> (Import Result ID: '72351dbf298e5d54d7b2610553f84028') in 0.010 seconds [static and dynamic dependencies]. Details - ImportResultOutputID=c4a7bb57fe624e31c8db046d8a711a75 DependenciesID=44855d14492c30cb3071cc33c34c7135 StaticDependenciesID=29b4a31e24ae88c796e0b3135dc8eb9b 
Importing 'GUID: ace95ac84e213794891b4bd7c9b3c158 - Path: Packages/com.unity.render-pipelines.core/Runtime/PathTracing/Shaders/LightmapValidityIntegration.urtshader' with importer (ScriptedImporter : Unity.Rendering.LightTransport.Editor:UnityEditor.Rendering.UnifiedRayTracing:UnifiedRTShaderImporter)

Compiling Ray Tracing Shader "LightmapValidityIntegration.urtshader", keywords = <no keywords>
    finished in 0.00 seconds. Local cache hits 1, remote cache hits 0, compiled 0 platform variants
Imported 'GUID: ace95ac84e213794891b4bd7c9b3c158' -> (Import Result ID: '27ffd7ab6dddac0b9012e04728c7d483') in 0.013 seconds [static and dynamic dependencies]. Details - ImportResultOutputID=3e952a12ab256969b8100ec72f531c66 DependenciesID=1aa0196720f59f8864f58338ba83c30c StaticDependenciesID=ba52e4c5fecd98843b40eedfc4866f08 
Importing 'GUID: 5ecdabd800f05984696f22ba95284516 - Path: Packages/com.unity.render-pipelines.core/Runtime/PathTracing/Shaders/ProbeIntegrationIndirect.urtshader' with importer (ScriptedImporter : Unity.Rendering.LightTransport.Editor:UnityEditor.Rendering.UnifiedRayTracing:UnifiedRTShaderImporter)

Compiling Ray Tracing Shader "ProbeIntegrationIndirect.urtshader", keywords = <no keywords>
    finished in 0.00 seconds. Local cache hits 1, remote cache hits 0, compiled 0 platform variants
Imported 'GUID: 5ecdabd800f05984696f22ba95284516' -> (Import Result ID: '997e1a083aa05b75e2b7d157ef1b2d89') in 0.014 seconds [static and dynamic dependencies]. Details - ImportResultOutputID=85d2a984eb75bdb3e5fdb7aab0ebc867 DependenciesID=913a10260e24f873aa86e18c68c2291d StaticDependenciesID=e2c127f94ccdcb83ca23463fb1f2a2e5 
Importing 'GUID: 6e0b547bab30a804c8123974120d583f - Path: Packages/com.unity.render-pipelines.core/Tests/Runtime/PathTracing/PathIteratorTest.urtshader' with importer (ScriptedImporter : Unity.Rendering.LightTransport.Editor:UnityEditor.Rendering.UnifiedRayTracing:UnifiedRTShaderImporter)

Compiling Ray Tracing Shader "PathIteratorTest.urtshader", keywords = <no keywords>
    finished in 0.00 seconds. Local cache hits 1, remote cache hits 0, compiled 0 platform variants
Imported 'GUID: 6e0b547bab30a804c8123974120d583f' -> (Import Result ID: 'bf3e67e4fd83e159ffe4580416aee6b1') in 0.016 seconds [static and dynamic dependencies]. Details - ImportResultOutputID=1133bd6c7f591f1dbb12e91a079e804f DependenciesID=a83a66d1cfff914d83a0d2e8bf29ffd7 StaticDependenciesID=109768bf87f2aa9106ce5a61082f1a11 
Importing 'GUID: de3013e16d99f2746ab1735ec06a660b - Path: Packages/com.unity.render-pipelines.core/Runtime/PathTracing/Shaders/ProbeIntegrationOcclusion.urtshader' with importer (ScriptedImporter : Unity.Rendering.LightTransport.Editor:UnityEditor.Rendering.UnifiedRayTracing:UnifiedRTShaderImporter)

Compiling Ray Tracing Shader "ProbeIntegrationOcclusion.urtshader", keywords = <no keywords>
    finished in 0.00 seconds. Local cache hits 1, remote cache hits 0, compiled 0 platform variants
Imported 'GUID: de3013e16d99f2746ab1735ec06a660b' -> (Import Result ID: 'd9d2f1cbae8a72cfe2b3421c83db68f9') in 0.012 seconds [static and dynamic dependencies]. Details - ImportResultOutputID=df1739e5f2b54e51c65943867080e15a DependenciesID=9cbf8b78f0890cd5021357b1ed6a90ee StaticDependenciesID=b27c26bc9001d433eb4742192dec8cdb 
Importing 'GUID: 1f9bfe60b4ad75943a5281839c1a4e5c - Path: Packages/com.unity.render-pipelines.core/Runtime/PathTracing/Shaders/ProbeIntegrationDirect.urtshader' with importer (ScriptedImporter : Unity.Rendering.LightTransport.Editor:UnityEditor.Rendering.UnifiedRayTracing:UnifiedRTShaderImporter)

Compiling Ray Tracing Shader "ProbeIntegrationDirect.urtshader", keywords = <no keywords>
    finished in 0.00 seconds. Local cache hits 1, remote cache hits 0, compiled 0 platform variants
Imported 'GUID: 1f9bfe60b4ad75943a5281839c1a4e5c' -> (Import Result ID: 'f4a73616edd9216bbc44c63ef3a086d7') in 0.014 seconds [static and dynamic dependencies]. Details - ImportResultOutputID=738fdbbe71a2f2ee3456986b74513de9 DependenciesID=fe3e4755a05d808fc83c797f9ad3da9d StaticDependenciesID=9976b23c91526db98b62402ee2637b09 
Importing 'GUID: ff2cbab5da58bf04d82c5f34037ed123 - Path: Packages/com.unity.render-pipelines.core/Editor/Lighting/ProbeVolume/VirtualOffset/TraceVirtualOffset.urtshader' with importer (ScriptedImporter : Unity.Rendering.LightTransport.Editor:UnityEditor.Rendering.UnifiedRayTracing:UnifiedRTShaderImporter)

Compiling Ray Tracing Shader "TraceVirtualOffset.urtshader", keywords = <no keywords>
    finished in 0.00 seconds. Local cache hits 1, remote cache hits 0, compiled 0 platform variants
Imported 'GUID: ff2cbab5da58bf04d82c5f34037ed123' -> (Import Result ID: '2a01eb5de48c20a5d9c5b8f2f79d8c51') in 0.011 seconds [static and dynamic dependencies]. Details - ImportResultOutputID=c668d5d1ed862acb07b707b7fd362ac3 DependenciesID=9532ed0146e84e5699d11b10afcc51bb StaticDependenciesID=bb01cef5f5bbfce7bb5614b4f3a2af7b 
Starting new worker id: 0 with log in C:/Users/myong/NaManMoo/Namanmoo_client/Logs/AssetImportWorkerHW0.log
Refreshing native plugins compatible for Editor in 6.69 ms, found 6 plugins.

Asset Pipeline Refresh (id=c27d99b539796cd42943b8ad9d5ed0f3): Total: 33.229 seconds - Initiated by InitialRefreshV2(ForceSynchronousImport)
	(Values over 0.05ms)
	Summary:
		Imports: total=21 (actual=21, local cache=0, cache server=0)
		Asset DB Process Time: managed=7 ms, native=7075 ms
		Asset DB Callback time: managed=558 ms, native=339 ms
		Scripting: domain reloads=2, domain reload time=3413 ms, compile time=21765 ms, other=68 ms
		Project Asset Count: scripts=2437, non-scripts=6327
		Asset File Changes: new=0, changed=1, moved=0, deleted=0
		Scan Filter Count: 0
	InvokePackagesCallback: 19.400ms
	ApplyChangesToAssetFolders: 0.678ms
	Scan: 109.483ms
	Collect global state as custom dependencies: 6.141ms
	OnSourceAssetsModified: 0.707ms
	CategorizeScriptCompilationAssets: 53.818ms
	ProcessAssetsWithTransientArtifactChanges: 122.369ms
	CategorizeAssets: 150.282ms
	CompileScripts: 21765.190ms
	ImportOutOfDateAssets: 6236.595ms (5809.415ms without children)
		ImportManagerImport: 322.978ms (3.084ms without children)
			UpdateCategorizedAssets: 1.379ms
		CollectScriptTypesHashes: 2.332ms
		ReloadNativeAssets: 1.397ms
		UnloadImportedAssets: 1.214ms
		ReloadImportedAssets: 1.318ms
		EnsureUptoDateAssetsAreRegisteredWithGuidPM: 2.476ms
		ImportSchedulerStart: 99.084ms
	PostProcessAllAssets: 872.745ms
		RaytracingShaderImportPostprocess 165.012ms
		ComputeShaderImportPostprocess 144.928ms
		VCAutoAddAssetPostprocess 1.317ms
		XRBuildSystem.XRAssetImported 1.156ms
		PostProcessCallbackCreateDeferredMaterials 0.118ms
		SpriteAtlasDatabase.OnAssetPostprocessCallback 0.083ms
		ShaderAssetModifiedCallback 0.065ms
		MonoPostProcessAllAssets: 557.955ms
			AssetPostprocessor.OnPostprocessAllAssets 188.688ms
			StyleCatalogPostProcessor.OnPostprocessAllAssets 36.631ms
			AssetReferenceReimportMonitor.OnPostprocessAllAssets 34.921ms
			UniversalRenderPipelineGlobalSettingsPostprocessor.OnPostprocessAllAssets 14.176ms
			BuilderAssetPostprocessor.OnPostprocessAllAssets 6.184ms
			SyncVS.PostprocessSyncProject 3.450ms
			ShaderGraphAssetPostProcessor.OnPostprocessAllAssets 2.432ms
			GraphRefreshPostprocessor.OnPostprocessAllAssets 2.423ms
			SpeedTree9Postprocessor.OnPostprocessAllAssets 2.114ms
			WindowAssetPostprocessingWatcher.OnPostprocessAllAssets 2.032ms
			AssetChangedListener.OnPostprocessAllAssets 1.803ms
			AssetChangeDetector.OnPostprocessAllAssets 1.799ms
			RetainedModeAssetPostprocessor.OnPostprocessAllAssets 1.560ms
			EditModeScopePostprocessor.OnPostprocessAllAssets 1.232ms
			RenderPipelineGlobalSettingsPostprocessor.OnPostprocessAllAssets 0.875ms
			AudioMixerPostprocessor.OnPostprocessAllAssets 0.874ms
			MaterialPostprocessor.OnPostprocessAllAssets 0.854ms
			ArtifactBrowserPostProcessor.OnPostprocessAllAssets 0.717ms
			SpriteSlicePostprocessor.OnPostprocessAllAssets 0.642ms
			SpriteEditorTexturePostprocessor.OnPostprocessAllAssets 0.627ms
			TextAssetPostProcessor.OnPostprocessAllAssets 0.552ms
			SkillsProjectAssetPostprocessor.OnPostprocessAllAssets 0.547ms
			InputActionAssetPostprocessor.OnPostprocessAllAssets 0.482ms
			UVCSAssetPostprocessor.OnPostprocessAllAssets 0.461ms
			ModelAssetProcessor.OnPostprocessAllAssets 0.442ms
			SampleDependencyImporterPostProcessor.OnPostprocessAllAssets 0.434ms
			SpriteShapeAssetPostProcessor.OnPostprocessAllAssets 0.420ms
			TMPro_TexturePostProcessor.OnPostprocessAllAssets 0.389ms
			AssetProcessor.OnPostprocessAllAssets 0.378ms
			ReferencedClipsPostProcessor.OnPostprocessAllAssets 0.371ms
			InputActionJsonNameModifierAssetProcessor.OnPostprocessAllAssets 0.369ms
			PostProcessor.OnPostprocessAllAssets 0.368ms
			AssetEvents.OnPostprocessAllAssets 0.350ms
			ShaderReflectionAssetPostProcessor.OnPostprocessAllAssets 0.344ms
			TerrainToolbarOverlayPostProcessor.OnPostprocessAllAssets 0.306ms
			ProjectSettingsPostprocessor.OnPostprocessAllAssets 0.263ms
			AssetDatabaseCallbacks.OnPostprocessAllAssets 0.229ms
			ConfigAssetsTracker.OnPostprocessAllAssets 0.211ms
			SpriteLibraryAssetPostprocessor.OnPostprocessAllAssets 0.204ms
			SpeedTreePostProcessor.OnPostprocessAllAssets 0.191ms
			PSDImportPostProcessor.OnPostprocessAllAssets 0.177ms
			AssetReloadNotifier.OnPostprocessAllAssets 0.171ms
			ScenarioDriftAssetsTracker.OnPostprocessAllAssets 0.153ms
			SamplePostprocessor.OnPostprocessAllAssets 0.151ms
			PSDImporterAssetPostProcessor.OnPostprocessAllAssets 0.096ms
			AudioContainerPostProcessor.OnPostprocessAllAssets 0.096ms
			TrackSelectedAssetsProcessor.OnPostprocessAllAssets 0.091ms
	PostAssetChangesProfiler: 9.856ms
	UnloadStreamsBegin: 3.474ms
	PersistCurrentRevisions: 0.370ms
	GenerateScriptTypeHashes: 5.041ms
	GenerateScriptTypeSerializationHashes: 7.853ms
	Untracked: 3868.592ms

Application.AssetDatabase Initial Refresh End
Shader Hidden/ChartRasterizerHardware is not supported: GPU does not support conservative rasterization
Shader Hidden/ChartRasterizerHardware is not supported: GPU does not support conservative rasterization
Scanning for USB devices : 17.875ms
Initializing Unity extensions:
[MODES] ModeService[none].Initialize
[MODES] ModeService[none].LoadModes
[MODES] Loading mode Default (0) for mode-current-id-NaManMoo
Unloading 87 Unused Serialized files (Serialized files now loaded: 0)
Unloading 11200 unused Assets / (6.4 MB). Loaded Objects now: 12104.
Memory consumption went from 0.62 GB to 0.61 GB.
Total: 23.748400 ms (FindLiveObjects: 1.261400 ms CreateObjectMapping: 4.515900 ms MarkObjects: 13.315200 ms  DeleteObjects: 4.652700 ms)

Microsoft Media Foundation video decoding to texture disabled: graphics device is Null, only Direct3D 11 and Direct3D 12 (only on desktop) are supported for hardware-accelerated video decoding.
[Project] Loading completed in 35.964 seconds
	Project init time: 				35.641 seconds
		Template init time: 		0.000 seconds
		Package Manager init time: 		0.895 seconds
		Asset Database init time: 		0.205 seconds
		Global illumination init time: 	0.002 seconds
		Assemblies load time: 			0.615 seconds
		Unity extensions init time: 	0.029 seconds
		Asset Database refresh time: 	33.229 seconds
	Scene opening time: 			0.169 seconds
##utp:{"type":"ProjectInfo","version":2,"phase":"Immediate","time":1786121853631,"processId":21844,"projectLoad":35.964467299999999,"projectInit":35.6407467,"templateInit":0.0,"packageManagerInit":0.8952065,"assetDatabaseInit":0.2053402,"globalIlluminationInit":0.00158,"assembliesLoad":0.6147027,"unityExtensionsInit":0.0290659,"assetDatabaseRefresh":33.2289278,"sceneOpening":0.1693652}
##utp:{"type":"EditorInfo","version":2,"phase":"Immediate","time":1786121853631,"processId":21844,"editorVersion":"6000.5.5f1 (d16e074b49fd)","branch":"6000.5/staging","buildType":"Release","platform":"Windows"}
[Licensing::Client] Error: Code 404 while processing request (status: Found 0 entitlement groups and 0 free entitlements matching requested entitlement ids)
[Licensing::Client] Error: Code 404 while processing request (status: Found 0 entitlement groups and 0 free entitlements matching requested entitlement ids)
Running tests for ExecutionSettings with details:
targetPlatform = 
playerHeartbeatTimeout = 600
filters[0] = 
   Filter with settings:
   testMode = EditMode
   targetPlatform = 
   testNames = null
   groupNames = WallForestDecoratorTests
   categoryNames = null
   assemblyNames = null
ignoreTests = {}
featureFlags = null

UnityEngine.Debug:ExtractStackTraceNoAlloc (byte*,int,string)
UnityEngine.StackTraceUtility:ExtractStackTrace ()
UnityEngine.DebugLogHandler:Internal_Log (UnityEngine.LogType,UnityEngine.LogOption,string,UnityEngine.Object)
UnityEngine.DebugLogHandler:LogFormat (UnityEngine.LogType,UnityEngine.Object,string,object[])
UnityEngine.Logger:Log (UnityEngine.LogType,object)
UnityEngine.Debug:Log (object)
UnityEditor.TestTools.TestRunner.CommandLineTest.Executer:InitializeAndExecuteRun (string[]) (at ./Library/PackageCache/com.unity.test-framework@1405238725ab/UnityEditor.TestRunner/CommandLineTest/Executer.cs:53)
UnityEditor.TestTools.TestRunner.CommandLineTest.TestStarter:InitializeAndExecuteRun () (at ./Library/PackageCache/com.unity.test-framework@1405238725ab/UnityEditor.TestRunner/CommandLineTest/TestStarter.cs:64)
UnityEditor.EditorApplication:Internal_CallUpdateFunctions ()

(Filename: ./Library/PackageCache/com.unity.test-framework@1405238725ab/UnityEditor.TestRunner/CommandLineTest/Executer.cs Line: 53)

Worker ready: AssetImportWorkerHW0 0
Start Indexing on Editor startup
[Indexing] Starting Initial Indexing for Assets
[UnityConnectServicesConfig] config is NOT valid, switching to default
Created GICache directory at C:/Users/myong/AppData/LocalLow/Unity/Caches/GiCache. Took: 0.016s, timestamps: [35.971 - 35.987]
[Licensing::Client] Successfully resolved entitlement details
[Licensing::Client] Successfully resolved entitlement details
[Licensing::Client] Error: Code 404 while processing request (status: Found 0 entitlement groups and 0 free entitlements matching requested entitlement ids)
[Licensing::Client] Error: Code 404 while processing request (status: Found 0 entitlement groups and 0 free entitlements matching requested entitlement ids)
[Licensing::Client] Error: Code 404 while processing request (status: Found 0 entitlement groups and 0 free entitlements matching requested entitlement ids)
Unloading 3 Unused Serialized files (Serialized files now loaded: 0)
Unloading 1 unused Assets / (61.2 KB). Loaded Objects now: 12128.
Memory consumption went from 0.61 GB to 0.61 GB.
Total: 23.081200 ms (FindLiveObjects: 0.483500 ms CreateObjectMapping: 1.477800 ms MarkObjects: 21.077400 ms  DeleteObjects: 0.038500 ms)

Executing IPrebuildSetup for: Unity.PerformanceTesting.Editor.TestRunBuilder.
UnityEngine.Debug:ExtractStackTraceNoAlloc (byte*,int,string)
UnityEngine.StackTraceUtility:ExtractStackTrace ()
UnityEngine.DebugLogHandler:Internal_Log (UnityEngine.LogType,UnityEngine.LogOption,string,UnityEngine.Object)
UnityEngine.DebugLogHandler:LogFormat (UnityEngine.LogType,UnityEngine.Object,string,object[])
UnityEngine.Logger:Log (UnityEngine.LogType,object)
UnityEngine.Debug:Log (object)
UnityEditor.TestTools.TestRunner.TestRun.Tasks.BuildActionTaskBase`1/<ExecuteMethods>d__8<UnityEngine.TestTools.IPrebuildSetup>:MoveNext () (at ./Library/PackageCache/com.unity.test-framework@1405238725ab/UnityEditor.TestRunner/TestRun/Tasks/BuildActionTaskBase.cs:48)
UnityEditor.TestTools.TestRunner.TestRun.Tasks.BuildActionTaskBase`1/<Execute>d__7<UnityEngine.TestTools.IPrebuildSetup>:MoveNext () (at ./Library/PackageCache/com.unity.test-framework@1405238725ab/UnityEditor.TestRunner/TestRun/Tasks/BuildActionTaskBase.cs:34)
UnityEditor.TestTools.TestRunner.TestRun.TestJobRunner:ExecuteStep () (at ./Library/PackageCache/com.unity.test-framework@1405238725ab/UnityEditor.TestRunner/TestRun/TestJobRunner.cs:194)
UnityEditor.TestTools.TestRunner.TestRun.TestJobRunner:ExecuteCallback () (at ./Library/PackageCache/com.unity.test-framework@1405238725ab/UnityEditor.TestRunner/TestRun/TestJobRunner.cs:129)
UnityEditor.EditorApplication:Internal_CallUpdateFunctions ()

(Filename: ./Library/PackageCache/com.unity.test-framework@1405238725ab/UnityEditor.TestRunner/TestRun/Tasks/BuildActionTaskBase.cs Line: 48)

Saving results to: C:/Users/myong/AppData/LocalLow/DefaultCompany/NaManMoo\TestResults.xml
Saving results to: C:\Users\myong\NaManMoo\Namanmoo_Client\Artifacts\wallforest-colliders-red.xml
Executing IPostBuildCleanup for: Unity.PerformanceTesting.Editor.TestRunBuilder.
UnityEngine.Debug:ExtractStackTraceNoAlloc (byte*,int,string)
UnityEngine.StackTraceUtility:ExtractStackTrace ()
UnityEngine.DebugLogHandler:Internal_Log (UnityEngine.LogType,UnityEngine.LogOption,string,UnityEngine.Object)
UnityEngine.DebugLogHandler:LogFormat (UnityEngine.LogType,UnityEngine.Object,string,object[])
UnityEngine.Logger:Log (UnityEngine.LogType,object)
UnityEngine.Debug:Log (object)
UnityEditor.TestTools.TestRunner.TestRun.Tasks.BuildActionTaskBase`1/<ExecuteMethods>d__8<UnityEngine.TestTools.IPostBuildCleanup>:MoveNext () (at ./Library/PackageCache/com.unity.test-framework@1405238725ab/UnityEditor.TestRunner/TestRun/Tasks/BuildActionTaskBase.cs:48)
UnityEditor.TestTools.TestRunner.TestRun.Tasks.BuildActionTaskBase`1/<Execute>d__7<UnityEngine.TestTools.IPostBuildCleanup>:MoveNext () (at ./Library/PackageCache/com.unity.test-framework@1405238725ab/UnityEditor.TestRunner/TestRun/Tasks/BuildActionTaskBase.cs:34)
UnityEditor.TestTools.TestRunner.TestRun.TestJobRunner:ExecuteStep () (at ./Library/PackageCache/com.unity.test-framework@1405238725ab/UnityEditor.TestRunner/TestRun/TestJobRunner.cs:194)
UnityEditor.TestTools.TestRunner.TestRun.TestJobRunner:ExecuteCallback () (at ./Library/PackageCache/com.unity.test-framework@1405238725ab/UnityEditor.TestRunner/TestRun/TestJobRunner.cs:129)
UnityEditor.EditorApplication:Internal_CallUpdateFunctions ()

(Filename: ./Library/PackageCache/com.unity.test-framework@1405238725ab/UnityEditor.TestRunner/TestRun/Tasks/BuildActionTaskBase.cs Line: 48)

Unloading 1 Unused Serialized files (Serialized files now loaded: 0)
Unloading 10 unused Assets / (15.3 KB). Loaded Objects now: 12129.
Memory consumption went from 0.61 GB to 0.61 GB.
Total: 16.041800 ms (FindLiveObjects: 0.333100 ms CreateObjectMapping: 1.263200 ms MarkObjects: 14.368200 ms  DeleteObjects: 0.075900 ms)

DisplayProgressbar: Undo
Test run completed. Exiting with code 2 (Failed). One or more tests failed.
UnityEngine.Debug:ExtractStackTraceNoAlloc (byte*,int,string)
UnityEngine.StackTraceUtility:ExtractStackTrace ()
UnityEngine.DebugLogHandler:Internal_Log (UnityEngine.LogType,UnityEngine.LogOption,string,UnityEngine.Object)
UnityEngine.DebugLogHandler:LogFormat (UnityEngine.LogType,UnityEngine.Object,string,object[])
UnityEngine.Logger:Log (UnityEngine.LogType,object)
UnityEngine.Debug:Log (object)
UnityEditor.TestTools.TestRunner.CommandLineTest.Executer:ExitApplication (UnityEditor.TestTools.TestRunner.CommandLineTest.Executer/ReturnCodes,string) (at ./Library/PackageCache/com.unity.test-framework@1405238725ab/UnityEditor.TestRunner/CommandLineTest/Executer.cs:81)
UnityEditor.TestTools.TestRunner.CommandLineTest.Executer:ExitIfRunIsCompleted () (at ./Library/PackageCache/com.unity.test-framework@1405238725ab/UnityEditor.TestRunner/CommandLineTest/Executer.cs:74)
UnityEditor.EditorApplication:Internal_CallUpdateFunctions ()

(Filename: ./Library/PackageCache/com.unity.test-framework@1405238725ab/UnityEditor.TestRunner/CommandLineTest/Executer.cs Line: 81)

MonoPathRemapper: Attempts to remap: 146859; Successful remaps: 27496
Serialized file version minimum: 23, current 23
AcceleratorClientConnectionCallback - disconnected - :0
Importing 'GUID: 00000000000000004000000000000000 - Path: ProjectSettings/ProjectSettings.asset' with importer (LibraryAssetImporter)
Imported 'GUID: 00000000000000004000000000000000' -> (Import Result ID: 'f8388357b7f7c42a1553172d4655fd4b') in 0.002 seconds [static dependencies only]. Details - ImportResultOutputID=276a810dac73e1f29404d5e5f692e214 DependenciesID=a5ed65bb8a1c85bcbb33e2d14bc1652f StaticDependenciesID=94d11bf4b947501b5b37895b4e686be9 
Importing 'GUID: 0000000000000000b000000000000000 - Path: ProjectSettings/EditorBuildSettings.asset' with importer (LibraryAssetImporter)
Imported 'GUID: 0000000000000000b000000000000000' -> (Import Result ID: '7ba2c2e8354a4db10ca4343160e70edc') in 0.001 seconds [static dependencies only]. Details - ImportResultOutputID=4647dd083cfc32cebcd7526e8846440c DependenciesID=a692f41ddcc783335ee230d6dc3fa715 StaticDependenciesID=3b6485d83dba035f692c2f393e9f9cb7 
Refreshing native plugins compatible for Editor in 2.57 ms, found 6 plugins.
Asset Pipeline Refresh (id=7cf494a1c8b1049499b31ac686e859fb): Total: 0.163 seconds - Initiated by StopAssetImportingV2(NoUpdateAssetOptions)
[Physics::Module] Cleanup current backend.
[Physics::Module] Id: 0xf2b8ea05
Input System module state changed to: ShutdownInProgress.
Input Polling Thread exited.
Input System module state changed to: Shutdown.
[Licensing::IpcConnector] LicenseClient-myong-6000.5.5-notifications channel disconnected successfully.
[Licensing::IpcConnector] LicenseClient-myong-6000.5.5 channel disconnected successfully.
AcceleratorClientConnectionCallback - disconnected - :0
Cleanup mono
CodeReloadManager destroyed
Checking for leaked weakptr:
  Found no leaked weakptrs.
[Package Manager] Server process was shutdown
##utp:{"type":"MemoryLeaks","version":2,"phase":"Immediate","time":1786121858916,"processId":21844,"allocatedMemory":22785318,"memoryLabels":[{"Default":218480},{"Permanent":15516},{"NewDelete":66347},{"Thread":4197560},{"Manager":37413},{"VertexData":8},{"Geometry":816},{"Texture":24},{"Shader":854552},{"Material":24},{"GfxDevice":55328},{"Animation":952},{"Audio":592},{"FreeType":8},{"FontEngine":736},{"Physics":2146},{"Physics2D":16},{"Serialization":568},{"Input":42840},{"JobScheduler":256},{"TextLib":280},{"Mono":48},{"MonoCode":384},{"ScriptingNativeRuntime":2500664},{"BaseObject":1622600},{"Resource":1208},{"Renderer":3080},{"Transform":4685},{"File":1032},{"WebCam":616},{"Culling":32},{"Terrain":11442},{"Wind":24},{"STL":40},{"String":13314},{"StaticString":3808},{"Utility":2673782},{"Curl":2559},{"PoolAlloc":2888},{"AI":80},{"TypeTree":100801},{"CodeReload":448},{"RuntimeInitializeOnLoadManager":64},{"Sprites":102},{"SpriteAtlas":120},{"GI":7816},{"Director":8296},{"CloudService":432},{"WebRequest":552},{"VR":47114},{"SceneManager":608},{"Video":64},{"LazyScriptCache":32},{"Camera":17},{"Secure":2377},{"SerializationCache":1576},{"APIUpdating":10320},{"Subsystems":336},{"VirtualTexturing":57888},{"StaticSafetyDebugInfo":278528},{"Analytics":424},{"Hierarchy":1176},{"UIElements":72},{"CoreStats":13688},{"Identifiers":6768},{"Gui":128},{"EditorUtility":139103},{"VersionControl":8},{"Undo":931},{"AssetDatabase":9713165},{"AssetImporter":40},{"EditorGi":328},{"UnityConnect":38929},{"Upm":1912},{"UpmDiagnostics":8},{"AssetCompliance":64},{"DrivenProperties":72},{"LocalIPC":211},{"ProfilerEditor":9746},{"CoreBusinessMetrics":3226},{"Windowing":456},{"Licensing":664},{"AssetReference":32},{"IPCStream":32}]}
